#0 building with "default" instance using docker driver

#1 [internal] load build definition from Dockerfile.c3
#1 transferring dockerfile: 4.00kB done
#1 DONE 0.0s

#2 [internal] load metadata for docker.io/library/watt-c3-continuation-dependency-base:6c1f48e-20261009
#2 DONE 0.0s

#3 [internal] load .dockerignore
#3 transferring context: 2B done
#3 DONE 0.0s

#4 [ 1/19] FROM docker.io/library/watt-c3-continuation-dependency-base:6c1f48e-20261009
#4 DONE 0.0s

#5 [ 2/19] WORKDIR /app
#5 CACHED

#6 [internal] load build context
#6 ...

#7 [ 3/19] RUN test "sha256:6c1f48e35ec485de278e8638f51d6aed75679b02a24d45355959bc8ddd7c0d14" = "sha256:6c1f48e35ec485de278e8638f51d6aed75679b02a24d45355959bc8ddd7c0d14"     && printf '%s  /app/uv.lock\n' '279fba19bb5a40457739e49408137190d3d6f8e2e7171a273b3e742bae12a038' | sha256sum --check --status
#7 DONE 0.4s

#6 [internal] load build context
#6 transferring context: 16.79MB 0.5s done
#6 DONE 0.5s

#8 [ 4/19] RUN rm -rf /app/src /app/migrations /app/docker /qualification     /opt/c2-owners /opt/c2-test-deps /opt/c2-build /opt/c3-owners /opt/c3-test-deps /opt/c3-build
#8 DONE 0.2s

#9 [ 5/19] COPY watt/pyproject.toml watt/uv.lock watt/alembic.ini watt/README.md /app/
#9 DONE 0.1s

#10 [ 6/19] COPY watt/src/ /app/src/
#10 DONE 0.1s

#11 [ 7/19] COPY watt/migrations/ /app/migrations/
#11 DONE 0.0s

#12 [ 8/19] COPY watt/docker/ /app/docker/
#12 DONE 0.0s

#13 [ 9/19] COPY watt/tests/ /qualification/tests/
#13 DONE 0.1s

#14 [10/19] COPY watt/migrations/ /qualification/migrations/
#14 DONE 0.1s

#15 [11/19] COPY watt/pyproject.toml watt/alembic.ini /qualification/
#15 DONE 0.0s

#16 [12/19] COPY guardian/src/ /opt/c3-owners/guardian/src/
#16 DONE 0.0s

#17 [13/19] COPY ecf/src/ /opt/c3-owners/ecf/src/
#17 DONE 0.0s

#18 [14/19] COPY ecf-unsupported/src/ /qualification/ecf-current/src/
#18 DONE 0.0s

#19 [15/19] COPY test-deps/ /opt/c3-test-deps/
#19 DONE 0.1s

#20 [16/19] COPY watt/docs/evidence/core-production-semantic-convergence-c3-20261009/Dockerfile.c3 /opt/c3-build/Dockerfile.c3
#20 DONE 0.0s

#21 [17/19] COPY watt/docs/evidence/core-production-semantic-convergence-c3-20261009/attest_c3_image.py /opt/c3-build/attest_c3_image.py
#21 DONE 0.0s

#22 [18/19] COPY c3-source-identity.json /opt/c3-build/c3-source-identity.json
#22 DONE 0.0s

#23 [19/19] RUN python /opt/c3-build/attest_c3_image.py --build-inputs-only     && uv sync --locked --no-dev --no-editable --reinstall-package spg-runtime --offline     && python /opt/c3-build/attest_c3_image.py --output /opt/c3-build/build-attestation.json
#23 0.751 {
#23 0.751   "actual_imports": {},
#23 0.751   "archive_sha256_declared": {
#23 0.751     "c2-retained-test-deps.tar": "beefa9671df14d21f2763a4e85841962f10af824a37caf6c679555166b13b9a6",
#23 0.751     "ecf-5aa4f88.tar": "e36db9b07b1e47327554a04604b7c6a9e75a337effff86ec40dab2c384fe3aed",
#23 0.751     "ecf-unsupported-c6b568d.tar": "62b9a3536b899774cd72cc30c12516dc51e48efd82915204e8dfd78165281ba7",
#23 0.751     "guardian-76c1e87.tar": "6957ab37c49f92dcc9c4e9e64b3a8bbc5024ce93cd36a8b4f33426e52c547276",
#23 0.751     "watt-e7afb5a.tar": "59bad117f85a244aaa427f35623385ecf79e8b858743f2018a3bf82b329d4777"
#23 0.751   },
#23 0.751   "base_image_declared": {
#23 0.751     "image_id": "sha256:6c1f48e35ec485de278e8638f51d6aed75679b02a24d45355959bc8ddd7c0d14",
#23 0.751     "reference": "watt-c3-continuation-dependency-base:6c1f48e-20261009"
#23 0.751   },
#23 0.751   "base_image_requires_separate_host_inspect": true,
#23 0.751   "build_input_sha256_verified": {
#23 0.751     "ecf-unsupported/src/README.md": {
#23 0.751       "image_files": [
#23 0.751         {
#23 0.751           "path": "/qualification/ecf-current/src/README.md",
#23 0.751           "sha256": "0e6a1186022808b50215cc8a9a704121b5d038e8f1beabc62fb9133d25101618"
#23 0.751         }
#23 0.751       ],
#23 0.751       "sha256": "0e6a1186022808b50215cc8a9a704121b5d038e8f1beabc62fb9133d25101618"
#23 0.751     },
#23 0.751     "ecf-unsupported/src/ecf/__init__.py": {
#23 0.751       "image_files": [
#23 0.751         {
#23 0.751           "path": "/qualification/ecf-current/src/ecf/__init__.py",
#23 0.751           "sha256": "1af1de8ebb4c35e820c9a58bb9bfc7d4ba901de5255bd7d7cf598f8e6336c882"
#23 0.751         }
#23 0.751       ],
#23 0.751       "sha256": "1af1de8ebb4c35e820c9a58bb9bfc7d4ba901de5255bd7d7cf598f8e6336c882"
#23 0.751     },
#23 0.751     "ecf-unsupported/src/ecf/contracts/__init__.py": {
#23 0.751       "image_files": [
#23 0.751         {
#23 0.751           "path": "/qualification/ecf-current/src/ecf/contracts/__init__.py",
#23 0.751           "sha256": "24e31633d0483911f0fb4612d3a098d32f3e18d8922fd61c6f69dbd83db5eec5"
#23 0.751         }
#23 0.751       ],
#23 0.751       "sha256": "24e31633d0483911f0fb4612d3a098d32f3e18d8922fd61c6f69dbd83db5eec5"
#23 0.751     },
#23 0.751     "ecf-unsupported/src/ecf/contracts/production_environment.py": {
#23 0.751       "image_files": [
#23 0.751         {
#23 0.751           "path": "/qualification/ecf-current/src/ecf/contracts/production_environment.py",
#23 0.751           "sha256": "3578fffa965609d676c061bd9849f0600ac6b7aa3e92bf02df7fd28b21b31a4c"
#23 0.751         }
#23 0.751       ],
#23 0.751       "sha256": "3578fffa965609d676c061bd9849f0600ac6b7aa3e92bf02df7fd28b21b31a4c"
#23 0.751     },
#23 0.751     "ecf-unsupported/src/ecf/decision_context.py": {
#23 0.751       "image_files": [
#23 0.751         {
#23 0.751           "path": "/qualification/ecf-current/src/ecf/decision_context.py",
#23 0.751           "sha256": "19b84dfa1d2974095a713ec361811017d382aeee8cf068f05adb74a5e24c7d01"
#23 0.751         }
#23 0.751       ],
#23 0.751       "sha256": "19b84dfa1d2974095a713ec361811017d382aeee8cf068f05adb74a5e24c7d01"
#23 0.751     },
#23 0.751     "ecf-unsupported/src/ecf/runtime.py": {
#23 0.751       "image_files": [
#23 0.751         {
#23 0.751           "path": "/qualification/ecf-current/src/ecf/runtime.py",
#23 0.751           "sha256": "9876f9f457091c41743298973d03f63252add19a2efdab8f5b1fa0b5dc7edf8a"
#23 0.751         }
#23 0.751       ],
#23 0.751       "sha256": "9876f9f457091c41743298973d03f63252add19a2efdab8f5b1fa0b5dc7edf8a"
#23 0.751     },
#23 0.751     "ecf/src/README.md": {
#23 0.751       "image_files": [
#23 0.751         {
#23 0.751           "path": "/opt/c3-owners/ecf/src/README.md",
#23 0.751           "sha256": "0e6a1186022808b50215cc8a9a704121b5d038e8f1beabc62fb9133d25101618"
#23 0.751         }
#23 0.751       ],
#23 0.751       "sha256": "0e6a1186022808b50215cc8a9a704121b5d038e8f1beabc62fb9133d25101618"
#23 0.751     },
#23 0.751     "ecf/src/ecf/__init__.py": {
#23 0.751       "image_files": [
#23 0.751         {
#23 0.751           "path": "/opt/c3-owners/ecf/src/ecf/__init__.py",
#23 0.751           "sha256": "1af1de8ebb4c35e820c9a58bb9bfc7d4ba901de5255bd7d7cf598f8e6336c882"
#23 0.751         }
#23 0.751       ],
#23 0.751       "sha256": "1af1de8ebb4c35e820c9a58bb9bfc7d4ba901de5255bd7d7cf598f8e6336c882"
#23 0.751     },
#23 0.751     "ecf/src/ecf/contracts/__init__.py": {
#23 0.751       "image_files": [
#23 0.751         {
#23 0.751           "path": "/opt/c3-owners/ecf/src/ecf/contracts/__init__.py",
#23 0.751           "sha256": "24e31633d0483911f0fb4612d3a098d32f3e18d8922fd61c6f69dbd83db5eec5"
#23 0.751         }
#23 0.751       ],
#23 0.751       "sha256": "24e31633d0483911f0fb4612d3a098d32f3e18d8922fd61c6f69dbd83db5eec5"
#23 0.751     },
#23 0.751     "ecf/src/ecf/contracts/production_environment.py": {
#23 0.751       "image_files": [
#23 0.751         {
#23 0.751           "path": "/opt/c3-owners/ecf/src/ecf/contracts/production_environment.py",
#23 0.751           "sha256": "3578fffa965609d676c061bd9849f0600ac6b7aa3e92bf02df7fd28b21b31a4c"
#23 0.751         }
#23 0.751       ],
#23 0.751       "sha256": "3578fffa965609d676c061bd9849f0600ac6b7aa3e92bf02df7fd28b21b31a4c"
#23 0.751     },
#23 0.751     "ecf/src/ecf/decision_context.py": {
#23 0.751       "image_files": [
#23 0.751         {
#23 0.751           "path": "/opt/c3-owners/ecf/src/ecf/decision_context.py",
#23 0.751           "sha256": "ffe4bce50c36afd0e546e335a36aa0f1ab6e2408d072531292a886d2af7d428f"
#23 0.751         }
#23 0.751       ],
#23 0.751       "sha256": "ffe4bce50c36afd0e546e335a36aa0f1ab6e2408d072531292a886d2af7d428f"
#23 0.751     },
#23 0.751     "ecf/src/ecf/runtime.py": {
#23 0.751       "image_files": [
#23 0.751         {
#23 0.751           "path": "/opt/c3-owners/ecf/src/ecf/runtime.py",
#23 0.751           "sha256": "9876f9f457091c41743298973d03f63252add19a2efdab8f5b1fa0b5dc7edf8a"
#23 0.751         }
#23 0.751       ],
#23 0.751       "sha256": "9876f9f457091c41743298973d03f63252add19a2efdab8f5b1fa0b5dc7edf8a"
#23 0.751     },
#23 0.751     "guardian/src/guardian/__init__.py": {
#23 0.751       "image_files": [
#23 0.751         {
#23 0.751           "path": "/opt/c3-owners/guardian/src/guardian/__init__.py",
#23 0.751           "sha256": "3601c601f8de84808b16cf32b2e662c1b4dc6bbcee1fb1ee14876380bf83db26"
#23 0.751         }
#23 0.751       ],
#23 0.751       "sha256": "3601c601f8de84808b16cf32b2e662c1b4dc6bbcee1fb1ee14876380bf83db26"
#23 0.751     },
#23 0.751     "guardian/src/guardian/contracts/__init__.py": {
#23 0.751       "image_files": [
#23 0.751         {
#23 0.751           "path": "/opt/c3-owners/guardian/src/guardian/contracts/__init__.py",
#23 0.751           "sha256": "b05ea8ea82f57fd87f6745ac8ea82e73867a4e0706f9414c563530e1eaddebc9"
#23 0.751         }
#23 0.751       ],
#23 0.751       "sha256": "b05ea8ea82f57fd87f6745ac8ea82e73867a4e0706f9414c563530e1eaddebc9"
#23 0.751     },
#23 0.751     "guardian/src/guardian/contracts/production_environment.py": {
#23 0.751       "image_files": [
#23 0.751         {
#23 0.751           "path": "/opt/c3-owners/guardian/src/guardian/contracts/production_environment.py",
#23 0.751           "sha256": "67451eeed4be11dbf9e8086c7a0c0b1616fe8dbf97eab1850a9a84e9af96a76e"
#23 0.751         }
#23 0.751       ],
#23 0.751       "sha256": "67451eeed4be11dbf9e8086c7a0c0b1616fe8dbf97eab1850a9a84e9af96a76e"
#23 0.751     },
#23 0.751     "guardian/src/guardian/contracts/software_assurance.py": {
#23 0.751       "image_files": [
#23 0.751         {
#23 0.751           "path": "/opt/c3-owners/guardian/src/guardian/contracts/software_assurance.py",
#23 0.751           "sha256": "2469000fa220f3bd3f0fdf2a89515ba565c76ff34ed47e59d9436978a49756d3"
#23 0.751         }
#23 0.751       ],
#23 0.751       "sha256": "2469000fa220f3bd3f0fdf2a89515ba565c76ff34ed47e59d9436978a49756d3"
#23 0.751     },
#23 0.751     "guardian/src/guardian/runtime.py": {
#23 0.751       "image_files": [
#23 0.751         {
#23 0.751           "path": "/opt/c3-owners/guardian/src/guardian/runtime.py",
#23 0.751           "sha256": "b01ba95f05b380e69c744344d077589106d1b6dc37aada49fe55d3ef83b4ede1"
#23 0.751         }
#23 0.751       ],
#23 0.751       "sha256": "b01ba95f05b380e69c744344d077589106d1b6dc37aada49fe55d3ef83b4ede1"
#23 0.751     },
#23 0.751     "test-deps/_pytest/__init__.py": {
#23 0.751       "image_files": [
#23 0.751         {
#23 0.751           "path": "/opt/c3-test-deps/_pytest/__init__.py",
#23 0.751           "sha256": "e087512619d6e571b62a568990ec67e7f4c2f56790e6d5c3485eed6dbe2f12ca"
#23 0.751         }
#23 0.751       ],
#23 0.751       "sha256": "e087512619d6e571b62a568990ec67e7f4c2f56790e6d5c3485eed6dbe2f12ca"
#23 0.751     },
#23 0.751     "test-deps/_pytest/_argcomplete.py": {
#23 0.751       "image_files": [
#23 0.751         {
#23 0.751           "path": "/opt/c3-test-deps/_pytest/_argcomplete.py",
#23 0.751           "sha256": "821d299daebaa782d56f60fc493e39ebc586c6f7489c64f8de6eac95886a36a5"
#23 0.751         }
#23 0.751       ],
#23 0.751       "sha256": "821d299daebaa782d56f60fc493e39ebc586c6f7489c64f8de6eac95886a36a5"
#23 0.751     },
#23 0.751     "test-deps/_pytest/_code/__init__.py": {
#23 0.751       "image_files": [
#23 0.751         {
#23 0.751           "path": "/opt/c3-test-deps/_pytest/_code/__init__.py",
#23 0.751           "sha256": "04a6e8c286100032a300999359d43c49240b6c106c874f9d663dd31a3b67eb23"
#23 0.751         }
#23 0.751       ],
#23 0.751       "sha256": "04a6e8c286100032a300999359d43c49240b6c106c874f9d663dd31a3b67eb23"
#23 0.751     },
#23 0.751     "test-deps/_pytest/_code/code.py": {
#23 0.751       "image_files": [
#23 0.751         {
#23 0.751           "path": "/opt/c3-test-deps/_pytest/_code/code.py",
#23 0.751           "sha256": "63ec03d20e61d3ac2a0e9954be71a619dd742d009c2409b1e3168e2a6fad9096"
#23 0.751         }
#23 0.751       ],
#23 0.751       "sha256": "63ec03d20e61d3ac2a0e9954be71a619dd742d009c2409b1e3168e2a6fad9096"
#23 0.751     },
#23 0.751     "test-deps/_pytest/_code/source.py": {
#23 0.751       "image_files": [
#23 0.751         {
#23 0.751           "path": "/opt/c3-test-deps/_pytest/_code/source.py",
#23 0.751           "sha256": "46f3d07f3144e3e05da5aa6c51cb1d2f89ac81e1e737e5a7a863e4032acf6c01"
#23 0.751         }
#23 0.751       ],
#23 0.751       "sha256": "46f3d07f3144e3e05da5aa6c51cb1d2f89ac81e1e737e5a7a863e4032acf6c01"
#23 0.751     },
#23 0.751     "test-deps/_pytest/_io/__init__.py": {
#23 0.751       "image_files": [
#23 0.751         {
#23 0.751           "path": "/opt/c3-test-deps/_pytest/_io/__init__.py",
#23 0.751           "sha256": "a642c5dbd54416be8396bdde3ad24bf2c7f8ed12c5b7525fe17d436413e56267"
#23 0.751         }
#23 0.751       ],
#23 0.751       "sha256": "a642c5dbd54416be8396bdde3ad24bf2c7f8ed12c5b7525fe17d436413e56267"
#23 0.751     },
#23 0.751     "test-deps/_pytest/_io/pprint.py": {
#23 0.751       "image_files": [
#23 0.751         {
#23 0.751           "path": "/opt/c3-test-deps/_pytest/_io/pprint.py",
#23 0.751           "sha256": "87fcb9cd098dda72f3d5458f868242bea60d53f1c8d88e2ab499827da80bf4e4"
#23 0.751         }
#23 0.751       ],
#23 0.751       "sha256": "87fcb9cd098dda72f3d5458f868242bea60d53f1c8d88e2ab499827da80bf4e4"
#23 0.751     },
#23 0.751     "test-deps/_pytest/_io/saferepr.py": {
#23 0.751       "image_files": [
#23 0.751         {
#23 0.751           "path": "/opt/c3-test-deps/_pytest/_io/saferepr.py",
#23 0.751           "sha256": "c4634e463e01eb613fc52d909f6f44e4aa682e0c3ad2ad3d6fe0286d6f1c7aa8"
#23 0.751         }
#23 0.751       ],
#23 0.751       "sha256": "c4634e463e01eb613fc52d909f6f44e4aa682e0c3ad2ad3d6fe0286d6f1c7aa8"
#23 0.751     },
#23 0.751     "test-deps/_pytest/_io/terminalwriter.py": {
#23 0.751       "image_files": [
#23 0.751         {
#23 0.751           "path": "/opt/c3-test-deps/_pytest/_io/terminalwriter.py",
#23 0.751           "sha256": "2b4a41d697c0beb281585011292a1b438c168b4a5d9a205a19bddafeffc00234"
#23 0.751         }
#23 0.751       ],
#23 0.751       "sha256": "2b4a41d697c0beb281585011292a1b438c168b4a5d9a205a19bddafeffc00234"
#23 0.751     },
#23 0.751     "test-deps/_pytest/_io/wcwidth.py": {
#23 0.751       "image_files": [
#23 0.751         {
#23 0.751           "path": "/opt/c3-test-deps/_pytest/_io/wcwidth.py",
#23 0.751           "sha256": "714109ef8521c1e202c1b2af536aba9e865c3600f442504407d09f6a41986aa0"
#23 0.751         }
#23 0.751       ],
#23 0.751       "sha256": "714109ef8521c1e202c1b2af536aba9e865c3600f442504407d09f6a41986aa0"
#23 0.751     },
#23 0.751     "test-deps/_pytest/_py/__init__.py": {
#23 0.751       "image_files": [
#23 0.751         {
#23 0.751           "path": "/opt/c3-test-deps/_pytest/_py/__init__.py",
#23 0.751           "sha256": "e3b0c44298fc1c149afbf4c8996fb92427ae41e4649b934ca495991b7852b855"
#23 0.751         }
#23 0.751       ],
#23 0.751       "sha256": "e3b0c44298fc1c149afbf4c8996fb92427ae41e4649b934ca495991b7852b855"
#23 0.751     },
#23 0.751     "test-deps/_pytest/_py/error.py": {
#23 0.751       "image_files": [
#23 0.751         {
#23 0.751           "path": "/opt/c3-test-deps/_pytest/_py/error.py",
#23 0.751           "sha256": "90643b17cfdf67a615061031faef669134014f1d2a231c6754c0b40a088e77bd"
#23 0.751         }
#23 0.751       ],
#23 0.751       "sha256": "90643b17cfdf67a615061031faef669134014f1d2a231c6754c0b40a088e77bd"
#23 0.751     },
#23 0.751     "test-deps/_pytest/_py/path.py": {
#23 0.751       "image_files": [
#23 0.751         {
#23 0.751           "path": "/opt/c3-test-deps/_pytest/_py/path.py",
#23 0.751           "sha256": "72a0a7d1a9b32a1a92aa25b55b3b782aabc52369dc281cc69f011152c5a90bfd"
#23 0.751         }
#23 0.751       ],
#23 0.751       "sha256": "72a0a7d1a9b32a1a92aa25b55b3b782aabc52369dc281cc69f011152c5a90bfd"
#23 0.751     },
#23 0.751     "test-deps/_pytest/_version.py": {
#23 0.751       "image_files": [
#23 0.751         {
#23 0.751           "path": "/opt/c3-test-deps/_pytest/_version.py",
#23 0.751           "sha256": "a92165fd7b0e147d0e1b873f42ebe87f108f1f3d56b1b53fe4ad352a27adec4a"
#23 0.751         }
#23 0.751       ],
#23 0.751       "sha256": "a92165fd7b0e147d0e1b873f42ebe87f108f1f3d56b1b53fe4ad352a27adec4a"
#23 0.751     },
#23 0.751     "test-deps/_pytest/assertion/__init__.py": {
#23 0.751       "image_files": [
#23 0.751         {
#23 0.751           "path": "/opt/c3-test-deps/_pytest/assertion/__init__.py",
#23 0.751           "sha256": "2a69087174fab92dd88352b60b546d879fb93411a6c0996384a0f84a07071ac7"
#23 0.751         }
#23 0.751       ],
#23 0.751       "sha256": "2a69087174fab92dd88352b60b546d879fb93411a6c0996384a0f84a07071ac7"
#23 0.751     },
#23 0.751     "test-deps/_pytest/assertion/_compare_any.py": {
#23 0.751       "image_files": [
#23 0.751         {
#23 0.751           "path": "/opt/c3-test-deps/_pytest/assertion/_compare_any.py",
#23 0.751           "sha256": "96db744e2023ecb555cf3f03d7e9a6eafc8cfe250f28eff55cd8239793d894c2"
#23 0.751         }
#23 0.751       ],
#23 0.751       "sha256": "96db744e2023ecb555cf3f03d7e9a6eafc8cfe250f28eff55cd8239793d894c2"
#23 0.751     },
#23 0.751     "test-deps/_pytest/assertion/_compare_mapping.py": {
#23 0.751       "image_files": [
#23 0.751         {
#23 0.751           "path": "/opt/c3-test-deps/_pytest/assertion/_compare_mapping.py",
#23 0.751           "sha256": "74a33986faa3645f96334887c04ee51e3ea689568b4edeeed1e429ae9d86f690"
#23 0.751         }
#23 0.751       ],
#23 0.751       "sha256": "74a33986faa3645f96334887c04ee51e3ea689568b4edeeed1e429ae9d86f690"
#23 0.751     },
#23 0.751     "test-deps/_pytest/assertion/_compare_sequence.py": {
#23 0.751       "image_files": [
#23 0.751         {
#23 0.751           "path": "/opt/c3-test-deps/_pytest/assertion/_compare_sequence.py",
#23 0.751           "sha256": "6a7c68748e05632a8c9a784a4a099cfc0b4afe86eb1d4a0e0c16c13723a58681"
#23 0.751         }
#23 0.751       ],
#23 0.751       "sha256": "6a7c68748e05632a8c9a784a4a099cfc0b4afe86eb1d4a0e0c16c13723a58681"
#23 0.751     },
#23 0.751     "test-deps/_pytest/assertion/_compare_set.py": {
#23 0.751       "image_files": [
#23 0.751         {
#23 0.751           "path": "/opt/c3-test-deps/_pytest/assertion/_compare_set.py",
#23 0.751           "sha256": "251a73d7d113fdb8ba784f59fee5b14bf073ac423222d1b68725d096ce889c94"
#23 0.751         }
#23 0.751       ],
#23 0.751       "sha256": "251a73d7d113fdb8ba784f59fee5b14bf073ac423222d1b68725d096ce889c94"
#23 0.751     },
#23 0.751     "test-deps/_pytest/assertion/_guards.py": {
#23 0.751       "image_files": [
#23 0.751         {
#23 0.751           "path": "/opt/c3-test-deps/_pytest/assertion/_guards.py",
#23 0.751           "sha256": "1fa6a11bfe490b06614e0e65224f03eaf82151074a7e8399194c2c4f7390085e"
#23 0.751         }
#23 0.751       ],
#23 0.751       "sha256": "1fa6a11bfe490b06614e0e65224f03eaf82151074a7e8399194c2c4f7390085e"
#23 0.751     },
#23 0.751     "test-deps/_pytest/assertion/_typing.py": {
#23 0.751       "image_files": [
#23 0.751         {
#23 0.751           "path": "/opt/c3-test-deps/_pytest/assertion/_typing.py",
#23 0.751           "sha256": "f62ce7a05b0aa7ce3b818d62aad74bfd3848519ad80403daf0def63b774da568"
#23 0.751         }
#23 0.751       ],
#23 0.751       "sha256": "f62ce7a05b0aa7ce3b818d62aad74bfd3848519ad80403daf0def63b774da568"
#23 0.751     },
#23 0.751     "test-deps/_pytest/assertion/compare_text.py": {
#23 0.751       "image_files": [
#23 0.751         {
#23 0.751           "path": "/opt/c3-test-deps/_pytest/assertion/compare_text.py",
#23 0.751           "sha256": "e10edb296d8df5dd2eee4480e68bda9ae1ba2ccbc55faf22c4cc8e453a4808c7"
#23 0.751         }
#23 0.751       ],
#23 0.751       "sha256": "e10edb296d8df5dd2eee4480e68bda9ae1ba2ccbc55faf22c4cc8e453a4808c7"
#23 0.751     },
#23 0.751     "test-deps/_pytest/assertion/highlight.py": {
#23 0.751       "image_files": [
#23 0.751         {
#23 0.751           "path": "/opt/c3-test-deps/_pytest/assertion/highlight.py",
#23 0.751           "sha256": "015a92e17eb83e0d5a7a45e73984687898a02000d6c0075b76d1bff5b93fdfe7"
#23 0.751         }
#23 0.751       ],
#23 0.751       "sha256": "015a92e17eb83e0d5a7a45e73984687898a02000d6c0075b76d1bff5b93fdfe7"
#23 0.751     },
#23 0.751     "test-deps/_pytest/assertion/rewrite.py": {
#23 0.751       "image_files": [
#23 0.751         {
#23 0.751           "path": "/opt/c3-test-deps/_pytest/assertion/rewrite.py",
#23 0.751           "sha256": "17f1eefbd1c2fe5326cb7592ff3af92a773582cf9d01727b09d3ab864906ee50"
#23 0.751         }
#23 0.751       ],
#23 0.751       "sha256": "17f1eefbd1c2fe5326cb7592ff3af92a773582cf9d01727b09d3ab864906ee50"
#23 0.751     },
#23 0.751     "test-deps/_pytest/assertion/truncate.py": {
#23 0.751       "image_files": [
#23 0.751         {
#23 0.751           "path": "/opt/c3-test-deps/_pytest/assertion/truncate.py",
#23 0.751           "sha256": "ee48bcb41d2bc23ed9efe6020000d046e077468d7d3bcdf2ed75777938de2f5c"
#23 0.751         }
#23 0.751       ],
#23 0.751       "sha256": "ee48bcb41d2bc23ed9efe6020000d046e077468d7d3bcdf2ed75777938de2f5c"
#23 0.751     },
#23 0.751     "test-deps/_pytest/assertion/util.py": {
#23 0.751       "image_files": [
#23 0.751         {
#23 0.751           "path": "/opt/c3-test-deps/_pytest/assertion/util.py",
#23 0.751           "sha256": "f2ede44368c40674cc9943833a56342539747e9242094191cfe24b7eeaf13d33"
#23 0.751         }
#23 0.751       ],
#23 0.751       "sha256": "f2ede44368c40674cc9943833a56342539747e9242094191cfe24b7eeaf13d33"
#23 0.751     },
#23 0.751     "test-deps/_pytest/cacheprovider.py": {
#23 0.751       "image_files": [
#23 0.751         {
#23 0.751           "path": "/opt/c3-test-deps/_pytest/cacheprovider.py",
#23 0.751           "sha256": "bd9bfb0437645da5d042792f30ba379d28ff4c1fffac6806f5543305a3073579"
#23 0.751         }
#23 0.751       ],
#23 0.751       "sha256": "bd9bfb0437645da5d042792f30ba379d28ff4c1fffac6806f5543305a3073579"
#23 0.751     },
#23 0.751     "test-deps/_pytest/capture.py": {
#23 0.751       "image_files": [
#23 0.751         {
#23 0.751           "path": "/opt/c3-test-deps/_pytest/capture.py",
#23 0.751           "sha256": "12004dbff0ab7b34141ff53e33e616db2e857c695f64e640631f5abe30619145"
#23 0.751         }
#23 0.751       ],
#23 0.751       "sha256": "12004dbff0ab7b34141ff53e33e616db2e857c695f64e640631f5abe30619145"
#23 0.751     },
#23 0.751     "test-deps/_pytest/compat.py": {
#23 0.751       "image_files": [
#23 0.751         {
#23 0.751           "path": "/opt/c3-test-deps/_pytest/compat.py",
#23 0.751           "sha256": "41f703ee4606232e1fc6eaa2136f360700c90824503491221a435861c3f2161e"
#23 0.751         }
#23 0.751       ],
#23 0.751       "sha256": "41f703ee4606232e1fc6eaa2136f360700c90824503491221a435861c3f2161e"
#23 0.751     },
#23 0.751     "test-deps/_pytest/config/__init__.py": {
#23 0.751       "image_files": [
#23 0.751         {
#23 0.751           "path": "/opt/c3-test-deps/_pytest/config/__init__.py",
#23 0.751           "sha256": "98b05c2c37d09e1d5c05975efc2d9af98d4aff6ea47de410a8e93956420873c1"
#23 0.751         }
#23 0.751       ],
#23 0.751       "sha256": "98b05c2c37d09e1d5c05975efc2d9af98d4aff6ea47de410a8e93956420873c1"
#23 0.751     },
#23 0.751     "test-deps/_pytest/config/argparsing.py": {
#23 0.751       "image_files": [
#23 0.751         {
#23 0.751           "path": "/opt/c3-test-deps/_pytest/config/argparsing.py",
#23 0.751           "sha256": "a30373a110ac568e752b5cc5c4eb66cfa8595f2c1eaa1bf950b1fc5070a0d098"
#23 0.751         }
#23 0.751       ],
#23 0.751       "sha256": "a30373a110ac568e752b5cc5c4eb66cfa8595f2c1eaa1bf950b1fc5070a0d098"
#23 0.751     },
#23 0.751     "test-deps/_pytest/config/exceptions.py": {
#23 0.751       "image_files": [
#23 0.751         {
#23 0.751           "path": "/opt/c3-test-deps/_pytest/config/exceptions.py",
#23 0.751           "sha256": "e959bdcb3c143b12469b5ed93066f0ebdbff8b4ee64f52a607010d336b1c2a19"
#23 0.751         }
#23 0.751       ],
#23 0.751       "sha256": "e959bdcb3c143b12469b5ed93066f0ebdbff8b4ee64f52a607010d336b1c2a19"
#23 0.751     },
#23 0.751     "test-deps/_pytest/config/findpaths.py": {
#23 0.751       "image_files": [
#23 0.751         {
#23 0.751           "path": "/opt/c3-test-deps/_pytest/config/findpaths.py",
#23 0.751           "sha256": "535d149e6f3962e44260b6645bb354976e19531f5dd248e14ee7d7fff61c8848"
#23 0.751         }
#23 0.751       ],
#23 0.751       "sha256": "535d149e6f3962e44260b6645bb354976e19531f5dd248e14ee7d7fff61c8848"
#23 0.751     },
#23 0.751     "test-deps/_pytest/debugging.py": {
#23 0.751       "image_files": [
#23 0.751         {
#23 0.751           "path": "/opt/c3-test-deps/_pytest/debugging.py",
#23 0.751           "sha256": "fde26a89f0ca1311423afe098601610680d7627b30b301c6d5d7192026538e0f"
#23 0.751         }
#23 0.751       ],
#23 0.751       "sha256": "fde26a89f0ca1311423afe098601610680d7627b30b301c6d5d7192026538e0f"
#23 0.751     },
#23 0.751     "test-deps/_pytest/deprecated.py": {
#23 0.751       "image_files": [
#23 0.751         {
#23 0.751           "path": "/opt/c3-test-deps/_pytest/deprecated.py",
#23 0.751           "sha256": "7f24f0a94f9fb68a09f0fbbc8b2db84cba965d5894a59415d6a4ab2490ea4e2a"
#23 0.751         }
#23 0.751       ],
#23 0.751       "sha256": "7f24f0a94f9fb68a09f0fbbc8b2db84cba965d5894a59415d6a4ab2490ea4e2a"
#23 0.751     },
#23 0.751     "test-deps/_pytest/doctest.py": {
#23 0.751       "image_files": [
#23 0.751         {
#23 0.751           "path": "/opt/c3-test-deps/_pytest/doctest.py",
#23 0.751           "sha256": "04261f5b3ddce0c36584f2be42e2938d5a0dbe914414502533a93e8c142dacf9"
#23 0.751         }
#23 0.751       ],
#23 0.751       "sha256": "04261f5b3ddce0c36584f2be42e2938d5a0dbe914414502533a93e8c142dacf9"
#23 0.751     },
#23 0.751     "test-deps/_pytest/faulthandler.py": {
#23 0.751       "image_files": [
#23 0.751         {
#23 0.751           "path": "/opt/c3-test-deps/_pytest/faulthandler.py",
#23 0.751           "sha256": "d5cec3a51b4fd3f0b7ce91544b0d41391a401bc1ac883b49f730ae59d1222dcd"
#23 0.751         }
#23 0.751       ],
#23 0.751       "sha256": "d5cec3a51b4fd3f0b7ce91544b0d41391a401bc1ac883b49f730ae59d1222dcd"
#23 0.751     },
#23 0.751     "test-deps/_pytest/fixtures.py": {
#23 0.751       "image_files": [
#23 0.751         {
#23 0.751           "path": "/opt/c3-test-deps/_pytest/fixtures.py",
#23 0.751           "sha256": "f5d4d3f848d97411e456d50400d3aaecc19a9b0c90def9151e395ee8952042b7"
#23 0.751         }
#23 0.751       ],
#23 0.751       "sha256": "f5d4d3f848d97411e456d50400d3aaecc19a9b0c90def9151e395ee8952042b7"
#23 0.751     },
#23 0.751     "test-deps/_pytest/freeze_support.py": {
#23 0.751       "image_files": [
#23 0.751         {
#23 0.751           "path": "/opt/c3-test-deps/_pytest/freeze_support.py",
#23 0.751           "sha256": "5fde08c62a6a79b780fc7833261f1d6e3a869ebb44405b8c202e612bb486597c"
#23 0.751         }
#23 0.751       ],
#23 0.751       "sha256": "5fde08c62a6a79b780fc7833261f1d6e3a869ebb44405b8c202e612bb486597c"
#23 0.751     },
#23 0.751     "test-deps/_pytest/helpconfig.py": {
#23 0.751       "image_files": [
#23 0.751         {
#23 0.751           "path": "/opt/c3-test-deps/_pytest/helpconfig.py",
#23 0.751           "sha256": "64a4ccef9da2e8f1af28afc42f605aa1d9c4c1255089adc6e4a136fbc81a5074"
#23 0.751         }
#23 0.751       ],
#23 0.751       "sha256": "64a4ccef9da2e8f1af28afc42f605aa1d9c4c1255089adc6e4a136fbc81a5074"
#23 0.751     },
#23 0.751     "test-deps/_pytest/hookspec.py": {
#23 0.751       "image_files": [
#23 0.751         {
#23 0.751           "path": "/opt/c3-test-deps/_pytest/hookspec.py",
#23 0.751           "sha256": "12098571044671c24ed0011e2bb7d94976380265e5734c30f856479482e6f88d"
#23 0.751         }
#23 0.751       ],
#23 0.751       "sha256": "12098571044671c24ed0011e2bb7d94976380265e5734c30f856479482e6f88d"
#23 0.751     },
#23 0.751     "test-deps/_pytest/junitxml.py": {
#23 0.751       "image_files": [
#23 0.751         {
#23 0.751           "path": "/opt/c3-test-deps/_pytest/junitxml.py",
#23 0.751           "sha256": "557b8978c66b8010fafc50ada4bf56333f9927f31b2b5909fe4c1a9df1a3c0f0"
#23 0.751         }
#23 0.751       ],
#23 0.751       "sha256": "557b8978c66b8010fafc50ada4bf56333f9927f31b2b5909fe4c1a9df1a3c0f0"
#23 0.751     },
#23 0.751     "test-deps/_pytest/legacypath.py": {
#23 0.751       "image_files": [
#23 0.751         {
#23 0.751           "path": "/opt/c3-test-deps/_pytest/legacypath.py",
#23 0.751           "sha256": "fe5eaff1a90d31f4dce53023bdb73a33efedd79ee9f5013afb5d7c58cd0346df"
#23 0.751         }
#23 0.751       ],
#23 0.751       "sha256": "fe5eaff1a90d31f4dce53023bdb73a33efedd79ee9f5013afb5d7c58cd0346df"
#23 0.751     },
#23 0.751     "test-deps/_pytest/logging.py": {
#23 0.751       "image_files": [
#23 0.751         {
#23 0.751           "path": "/opt/c3-test-deps/_pytest/logging.py",
#23 0.751           "sha256": "9ad4c3e583c205a97c37264bf479503e74e027cf68ba818996e923062380cac2"
#23 0.751         }
#23 0.751       ],
#23 0.751       "sha256": "9ad4c3e583c205a97c37264bf479503e74e027cf68ba818996e923062380cac2"
#23 0.751     },
#23 0.751     "test-deps/_pytest/main.py": {
#23 0.751       "image_files": [
#23 0.751         {
#23 0.751           "path": "/opt/c3-test-deps/_pytest/main.py",
#23 0.751           "sha256": "8ee2725057ff1811e2ae9ebdf1befb7518195f8f333f9f8ca024d76a4b80780e"
#23 0.751         }
#23 0.751       ],
#23 0.751       "sha256": "8ee2725057ff1811e2ae9ebdf1befb7518195f8f333f9f8ca024d76a4b80780e"
#23 0.751     },
#23 0.751     "test-deps/_pytest/mark/__init__.py": {
#23 0.751       "image_files": [
#23 0.751         {
#23 0.751           "path": "/opt/c3-test-deps/_pytest/mark/__init__.py",
#23 0.751           "sha256": "1a649c9ecb24f1e7092d62c86b6d5b38648dc4bf43dac992f061f6876acde051"
#23 0.751         }
#23 0.751       ],
#23 0.751       "sha256": "1a649c9ecb24f1e7092d62c86b6d5b38648dc4bf43dac992f061f6876acde051"
#23 0.751     },
#23 0.751     "test-deps/_pytest/mark/expression.py": {
#23 0.751       "image_files": [
#23 0.751         {
#23 0.751           "path": "/opt/c3-test-deps/_pytest/mark/expression.py",
#23 0.751           "sha256": "edae43a0bfb44f6ae09747551f6c139cdbd985b8a66e2af33352c4c57ac1f27d"
#23 0.751         }
#23 0.751       ],
#23 0.751       "sha256": "edae43a0bfb44f6ae09747551f6c139cdbd985b8a66e2af33352c4c57ac1f27d"
#23 0.751     },
#23 0.751     "test-deps/_pytest/mark/structures.py": {
#23 0.751       "image_files": [
#23 0.751         {
#23 0.751           "path": "/opt/c3-test-deps/_pytest/mark/structures.py",
#23 0.751           "sha256": "598ff2b44193f1e98868257ff55f4fff39276fc5d5ae8427fe4de7176ea1bc96"
#23 0.751         }
#23 0.751       ],
#23 0.751       "sha256": "598ff2b44193f1e98868257ff55f4fff39276fc5d5ae8427fe4de7176ea1bc96"
#23 0.751     },
#23 0.751     "test-deps/_pytest/monkeypatch.py": {
#23 0.751       "image_files": [
#23 0.751         {
#23 0.751           "path": "/opt/c3-test-deps/_pytest/monkeypatch.py",
#23 0.751           "sha256": "b5c405ed57dbd58adfb7f0fae44f84d62402993c50058e07f03387285c03df33"
#23 0.751         }
#23 0.751       ],
#23 0.751       "sha256": "b5c405ed57dbd58adfb7f0fae44f84d62402993c50058e07f03387285c03df33"
#23 0.751     },
#23 0.751     "test-deps/_pytest/nodes.py": {
#23 0.751       "image_files": [
#23 0.751         {
#23 0.751           "path": "/opt/c3-test-deps/_pytest/nodes.py",
#23 0.751           "sha256": "4701f2fa74e292b2551ae790d26fe421bb25e5e459022026107bd024177cd129"
#23 0.751         }
#23 0.751       ],
#23 0.751       "sha256": "4701f2fa74e292b2551ae790d26fe421bb25e5e459022026107bd024177cd129"
#23 0.751     },
#23 0.751     "test-deps/_pytest/outcomes.py": {
#23 0.751       "image_files": [
#23 0.751         {
#23 0.751           "path": "/opt/c3-test-deps/_pytest/outcomes.py",
#23 0.751           "sha256": "aa02dbf351cd1101a795e3fef683ab2fd7a2c04eb96188689663f51ece80c081"
#23 0.751         }
#23 0.751       ],
#23 0.751       "sha256": "aa02dbf351cd1101a795e3fef683ab2fd7a2c04eb96188689663f51ece80c081"
#23 0.751     },
#23 0.751     "test-deps/_pytest/pastebin.py": {
#23 0.751       "image_files": [
#23 0.751         {
#23 0.751           "path": "/opt/c3-test-deps/_pytest/pastebin.py",
#23 0.751           "sha256": "26d0f943451bdc4a48290144ca8ab6ed2535f0a09348c4cee9a2ad11c7f467d4"
#23 0.751         }
#23 0.751       ],
#23 0.751       "sha256": "26d0f943451bdc4a48290144ca8ab6ed2535f0a09348c4cee9a2ad11c7f467d4"
#23 0.751     },
#23 0.751     "test-deps/_pytest/pathlib.py": {
#23 0.751       "image_files": [
#23 0.751         {
#23 0.751           "path": "/opt/c3-test-deps/_pytest/pathlib.py",
#23 0.751           "sha256": "c9fe77dccbf52afa1196ff92870ed919e09f254c082710a86ed417fd3ca90329"
#23 0.751         }
#23 0.751       ],
#23 0.751       "sha256": "c9fe77dccbf52afa1196ff92870ed919e09f254c082710a86ed417fd3ca90329"
#23 0.751     },
#23 0.751     "test-deps/_pytest/py.typed": {
#23 0.751       "image_files": [
#23 0.751         {
#23 0.751           "path": "/opt/c3-test-deps/_pytest/py.typed",
#23 0.751           "sha256": "e3b0c44298fc1c149afbf4c8996fb92427ae41e4649b934ca495991b7852b855"
#23 0.751         }
#23 0.751       ],
#23 0.751       "sha256": "e3b0c44298fc1c149afbf4c8996fb92427ae41e4649b934ca495991b7852b855"
#23 0.751     },
#23 0.751     "test-deps/_pytest/pytester.py": {
#23 0.751       "image_files": [
#23 0.751         {
#23 0.751           "path": "/opt/c3-test-deps/_pytest/pytester.py",
#23 0.751           "sha256": "9e791d0a3446b04324e70bb939712f8d490005ad13eb46ab3249592baa08ff17"
#23 0.751         }
#23 0.751       ],
#23 0.751       "sha256": "9e791d0a3446b04324e70bb939712f8d490005ad13eb46ab3249592baa08ff17"
#23 0.751     },
#23 0.751     "test-deps/_pytest/pytester_assertions.py": {
#23 0.751       "image_files": [
#23 0.751         {
#23 0.751           "path": "/opt/c3-test-deps/_pytest/pytester_assertions.py",
#23 0.751           "sha256": "d484f5e97acb6d4a227c5784b4e9cf4ad88766e2288340e5dc40a4a709b3a364"
#23 0.751         }
#23 0.751       ],
#23 0.751       "sha256": "d484f5e97acb6d4a227c5784b4e9cf4ad88766e2288340e5dc40a4a709b3a364"
#23 0.751     },
#23 0.751     "test-deps/_pytest/python.py": {
#23 0.751       "image_files": [
#23 0.751         {
#23 0.751           "path": "/opt/c3-test-deps/_pytest/python.py",
#23 0.751           "sha256": "b04488f5e46bf1ffe2e8344f81756e10b970dbfaf2f7f2f4d312becd6404df76"
#23 0.751         }
#23 0.751       ],
#23 0.751       "sha256": "b04488f5e46bf1ffe2e8344f81756e10b970dbfaf2f7f2f4d312becd6404df76"
#23 0.751     },
#23 0.751     "test-deps/_pytest/python_api.py": {
#23 0.751       "image_files": [
#23 0.751         {
#23 0.751           "path": "/opt/c3-test-deps/_pytest/python_api.py",
#23 0.751           "sha256": "cba22d17b5dedccb39be71ca946b765b998c4c3055ae1adad453fefbd843497d"
#23 0.751         }
#23 0.751       ],
#23 0.751       "sha256": "cba22d17b5dedccb39be71ca946b765b998c4c3055ae1adad453fefbd843497d"
#23 0.751     },
#23 0.751     "test-deps/_pytest/raises.py": {
#23 0.751       "image_files": [
#23 0.751         {
#23 0.751           "path": "/opt/c3-test-deps/_pytest/raises.py",
#23 0.751           "sha256": "dc28805f1e1c2db835f1a5290218efee5d510d190ad333d61663d59bd6d1362c"
#23 0.751         }
#23 0.751       ],
#23 0.751       "sha256": "dc28805f1e1c2db835f1a5290218efee5d510d190ad333d61663d59bd6d1362c"
#23 0.751     },
#23 0.751     "test-deps/_pytest/recwarn.py": {
#23 0.751       "image_files": [
#23 0.751         {
#23 0.751           "path": "/opt/c3-test-deps/_pytest/recwarn.py",
#23 0.751           "sha256": "0e3ab27f6b7313d89eff1136c4cd60913e591fe5b32961c87e7711778f2dc906"
#23 0.751         }
#23 0.751       ],
#23 0.751       "sha256": "0e3ab27f6b7313d89eff1136c4cd60913e591fe5b32961c87e7711778f2dc906"
#23 0.751     },
#23 0.751     "test-deps/_pytest/reports.py": {
#23 0.751       "image_files": [
#23 0.751         {
#23 0.751           "path": "/opt/c3-test-deps/_pytest/reports.py",
#23 0.751           "sha256": "2e9272a67cde38b925eba24a288b2ef77f741c0daa22da6fbce53ee6e58fa41d"
#23 0.751         }
#23 0.751       ],
#23 0.751       "sha256": "2e9272a67cde38b925eba24a288b2ef77f741c0daa22da6fbce53ee6e58fa41d"
#23 0.751     },
#23 0.751     "test-deps/_pytest/runner.py": {
#23 0.751       "image_files": [
#23 0.751         {
#23 0.751           "path": "/opt/c3-test-deps/_pytest/runner.py",
#23 0.751           "sha256": "c8d7fd553c0516f7884502ee0e7954eb5a5b1542f21fcb5c4357500ed2fe1570"
#23 0.751         }
#23 0.751       ],
#23 0.751       "sha256": "c8d7fd553c0516f7884502ee0e7954eb5a5b1542f21fcb5c4357500ed2fe1570"
#23 0.751     },
#23 0.751     "test-deps/_pytest/scope.py": {
#23 0.751       "image_files": [
#23 0.751         {
#23 0.751           "path": "/opt/c3-test-deps/_pytest/scope.py",
#23 0.751           "sha256": "78499126f474ba3787fd1ca9524dcf8583b2b505f5632af491ea1c458a72ae2a"
#23 0.751         }
#23 0.751       ],
#23 0.751       "sha256": "78499126f474ba3787fd1ca9524dcf8583b2b505f5632af491ea1c458a72ae2a"
#23 0.751     },
#23 0.751     "test-deps/_pytest/setuponly.py": {
#23 0.751       "image_files": [
#23 0.751         {
#23 0.751           "path": "/opt/c3-test-deps/_pytest/setuponly.py",
#23 0.751           "sha256": "06c46b0b81110d5af8dbed86fcbd00c61354e175706ccb32e52d253af2abf300"
#23 0.751         }
#23 0.751       ],
#23 0.751       "sha256": "06c46b0b81110d5af8dbed86fcbd00c61354e175706ccb32e52d253af2abf300"
#23 0.751     },
#23 0.751     "test-deps/_pytest/setupplan.py": {
#23 0.751       "image_files": [
#23 0.751         {
#23 0.751           "path": "/opt/c3-test-deps/_pytest/setupplan.py",
#23 0.751           "sha256": "97ec9c14dc4364fc98e76c21e1fef26aa87367b496d628d22a740b9aacc36560"
#23 0.751         }
#23 0.751       ],
#23 0.751       "sha256": "97ec9c14dc4364fc98e76c21e1fef26aa87367b496d628d22a740b9aacc36560"
#23 0.751     },
#23 0.751     "test-deps/_pytest/skipping.py": {
#23 0.751       "image_files": [
#23 0.751         {
#23 0.751           "path": "/opt/c3-test-deps/_pytest/skipping.py",
#23 0.751           "sha256": "cc2102f5f8d19478f91ce77117c109348b8766ae04ebc4b8c33e5f9923e50aee"
#23 0.751         }
#23 0.751       ],
#23 0.751       "sha256": "cc2102f5f8d19478f91ce77117c109348b8766ae04ebc4b8c33e5f9923e50aee"
#23 0.751     },
#23 0.751     "test-deps/_pytest/stash.py": {
#23 0.751       "image_files": [
#23 0.751         {
#23 0.751           "path": "/opt/c3-test-deps/_pytest/stash.py",
#23 0.751           "sha256": "e69137903c78abce794d6f5a56f61376b9242a530353afb1897e25b8aa491202"
#23 0.751         }
#23 0.751       ],
#23 0.751       "sha256": "e69137903c78abce794d6f5a56f61376b9242a530353afb1897e25b8aa491202"
#23 0.751     },
#23 0.751     "test-deps/_pytest/stepwise.py": {
#23 0.751       "image_files": [
#23 0.751         {
#23 0.751           "path": "/opt/c3-test-deps/_pytest/stepwise.py",
#23 0.751           "sha256": "903f350eb9e19dc94a06631f6aec1099b78c6d852fbb0d3bc395a73649887444"
#23 0.751         }
#23 0.751       ],
#23 0.751       "sha256": "903f350eb9e19dc94a06631f6aec1099b78c6d852fbb0d3bc395a73649887444"
#23 0.751     },
#23 0.751     "test-deps/_pytest/subtests.py": {
#23 0.751       "image_files": [
#23 0.751         {
#23 0.751           "path": "/opt/c3-test-deps/_pytest/subtests.py",
#23 0.751           "sha256": "f514883bad06a84cec0d7ddc1dd8ce8c16e5680597f9fc5a9bd8836b878f92a4"
#23 0.751         }
#23 0.751       ],
#23 0.751       "sha256": "f514883bad06a84cec0d7ddc1dd8ce8c16e5680597f9fc5a9bd8836b878f92a4"
#23 0.751     },
#23 0.751     "test-deps/_pytest/terminal.py": {
#23 0.751       "image_files": [
#23 0.751         {
#23 0.751           "path": "/opt/c3-test-deps/_pytest/terminal.py",
#23 0.751           "sha256": "28c4a9ebca0243385b154f47ecb83b18a1df415e0b912ebd97079c5ea0036459"
#23 0.751         }
#23 0.751       ],
#23 0.751       "sha256": "28c4a9ebca0243385b154f47ecb83b18a1df415e0b912ebd97079c5ea0036459"
#23 0.751     },
#23 0.751     "test-deps/_pytest/terminalprogress.py": {
#23 0.751       "image_files": [
#23 0.751         {
#23 0.751           "path": "/opt/c3-test-deps/_pytest/terminalprogress.py",
#23 0.751           "sha256": "fc83b7bd1195013cf746491a72a200682502e3e46ada94c400d50063ae9d1304"
#23 0.751         }
#23 0.751       ],
#23 0.751       "sha256": "fc83b7bd1195013cf746491a72a200682502e3e46ada94c400d50063ae9d1304"
#23 0.751     },
#23 0.751     "test-deps/_pytest/threadexception.py": {
#23 0.751       "image_files": [
#23 0.751         {
#23 0.751           "path": "/opt/c3-test-deps/_pytest/threadexception.py",
#23 0.751           "sha256": "85371ca73654aeb4240d1395140a87817c00538f3571ae0cab8080e1807b9b2e"
#23 0.751         }
#23 0.751       ],
#23 0.751       "sha256": "85371ca73654aeb4240d1395140a87817c00538f3571ae0cab8080e1807b9b2e"
#23 0.751     },
#23 0.751     "test-deps/_pytest/timing.py": {
#23 0.751       "image_files": [
#23 0.751         {
#23 0.751           "path": "/opt/c3-test-deps/_pytest/timing.py",
#23 0.751           "sha256": "62de28571e5296350624bc18fe2096f2feb064a55f33e1cc8d1e223c047db9d4"
#23 0.751         }
#23 0.751       ],
#23 0.751       "sha256": "62de28571e5296350624bc18fe2096f2feb064a55f33e1cc8d1e223c047db9d4"
#23 0.751     },
#23 0.751     "test-deps/_pytest/tmpdir.py": {
#23 0.751       "image_files": [
#23 0.751         {
#23 0.751           "path": "/opt/c3-test-deps/_pytest/tmpdir.py",
#23 0.751           "sha256": "5099f71d89413191c9e7515c9d4fe9fc7083bb73306f2cf1f73a9f89c862ed90"
#23 0.751         }
#23 0.751       ],
#23 0.751       "sha256": "5099f71d89413191c9e7515c9d4fe9fc7083bb73306f2cf1f73a9f89c862ed90"
#23 0.751     },
#23 0.751     "test-deps/_pytest/tracemalloc.py": {
#23 0.751       "image_files": [
#23 0.751         {
#23 0.751           "path": "/opt/c3-test-deps/_pytest/tracemalloc.py",
#23 0.751           "sha256": "942501fd85006fa475beaabf6fe2d26125f2f9389d6e7da6eed7f3996014ae39"
#23 0.751         }
#23 0.751       ],
#23 0.751       "sha256": "942501fd85006fa475beaabf6fe2d26125f2f9389d6e7da6eed7f3996014ae39"
#23 0.751     },
#23 0.751     "test-deps/_pytest/unittest.py": {
#23 0.751       "image_files": [
#23 0.751         {
#23 0.751           "path": "/opt/c3-test-deps/_pytest/unittest.py",
#23 0.751           "sha256": "24657b6c497eacbf50a978713598b3baed4c05c29f1c01891563cfefed119224"
#23 0.751         }
#23 0.751       ],
#23 0.751       "sha256": "24657b6c497eacbf50a978713598b3baed4c05c29f1c01891563cfefed119224"
#23 0.751     },
#23 0.751     "test-deps/_pytest/unraisableexception.py": {
#23 0.751       "image_files": [
#23 0.751         {
#23 0.751           "path": "/opt/c3-test-deps/_pytest/unraisableexception.py",
#23 0.751           "sha256": "e89f17e58cb4d1c9ec4c32dcadb4e3377166b9aafd7f8f0c5d19410a27987b32"
#23 0.751         }
#23 0.751       ],
#23 0.751       "sha256": "e89f17e58cb4d1c9ec4c32dcadb4e3377166b9aafd7f8f0c5d19410a27987b32"
#23 0.751     },
#23 0.751     "test-deps/_pytest/warning_types.py": {
#23 0.751       "image_files": [
#23 0.751         {
#23 0.751           "path": "/opt/c3-test-deps/_pytest/warning_types.py",
#23 0.751           "sha256": "8e27be526f030b2798164fd8511132a2f447b6f5ef6958363228bf978998edb5"
#23 0.751         }
#23 0.751       ],
#23 0.751       "sha256": "8e27be526f030b2798164fd8511132a2f447b6f5ef6958363228bf978998edb5"
#23 0.751     },
#23 0.751     "test-deps/_pytest/warnings.py": {
#23 0.751       "image_files": [
#23 0.751         {
#23 0.751           "path": "/opt/c3-test-deps/_pytest/warnings.py",
#23 0.751           "sha256": "824a6f9f0f4233c5e4741bc37ef36660c63bb4ef207aa91064c080b69a4dae9f"
#23 0.751         }
#23 0.751       ],
#23 0.751       "sha256": "824a6f9f0f4233c5e4741bc37ef36660c63bb4ef207aa91064c080b69a4dae9f"
#23 0.751     },
#23 0.751     "test-deps/iniconfig-2.3.0.dist-info/INSTALLER": {
#23 0.751       "image_files": [
#23 0.751         {
#23 0.751           "path": "/opt/c3-test-deps/iniconfig-2.3.0.dist-info/INSTALLER",
#23 0.751           "sha256": "e6184ce10e266134fdcfa401e8f1a95005bcd4f18d16b62b757323e2833fe9a9"
#23 0.751         }
#23 0.751       ],
#23 0.751       "sha256": "e6184ce10e266134fdcfa401e8f1a95005bcd4f18d16b62b757323e2833fe9a9"
#23 0.751     },
#23 0.751     "test-deps/iniconfig-2.3.0.dist-info/METADATA": {
#23 0.751       "image_files": [
#23 0.751         {
#23 0.751           "path": "/opt/c3-test-deps/iniconfig-2.3.0.dist-info/METADATA",
#23 0.751           "sha256": "40d773f84e4e112f495bbf4f1be9cbd2d456c0aeb6ef5311f75d1bf322f2165b"
#23 0.751         }
#23 0.751       ],
#23 0.751       "sha256": "40d773f84e4e112f495bbf4f1be9cbd2d456c0aeb6ef5311f75d1bf322f2165b"
#23 0.751     },
#23 0.751     "test-deps/iniconfig-2.3.0.dist-info/RECORD": {
#23 0.751       "image_files": [
#23 0.751         {
#23 0.751           "path": "/opt/c3-test-deps/iniconfig-2.3.0.dist-info/RECORD",
#23 0.751           "sha256": "4b560f65489a4dc0f32d8403da676d2e6338c371fe844160934b3fe469785185"
#23 0.751         }
#23 0.751       ],
#23 0.751       "sha256": "4b560f65489a4dc0f32d8403da676d2e6338c371fe844160934b3fe469785185"
#23 0.751     },
#23 0.751     "test-deps/iniconfig-2.3.0.dist-info/REQUESTED": {
#23 0.751       "image_files": [
#23 0.751         {
#23 0.751           "path": "/opt/c3-test-deps/iniconfig-2.3.0.dist-info/REQUESTED",
#23 0.751           "sha256": "e3b0c44298fc1c149afbf4c8996fb92427ae41e4649b934ca495991b7852b855"
#23 0.751         }
#23 0.751       ],
#23 0.751       "sha256": "e3b0c44298fc1c149afbf4c8996fb92427ae41e4649b934ca495991b7852b855"
#23 0.751     },
#23 0.751     "test-deps/iniconfig-2.3.0.dist-info/WHEEL": {
#23 0.751       "image_files": [
#23 0.751         {
#23 0.751           "path": "/opt/c3-test-deps/iniconfig-2.3.0.dist-info/WHEEL",
#23 0.751           "sha256": "ff309ddcdd65ebd02bc724dbf2bcc4a0ff53a5b61792a44548d383e4ebb19d3b"
#23 0.751         }
#23 0.751       ],
#23 0.751       "sha256": "ff309ddcdd65ebd02bc724dbf2bcc4a0ff53a5b61792a44548d383e4ebb19d3b"
#23 0.751     },
#23 0.751     "test-deps/iniconfig-2.3.0.dist-info/licenses/LICENSE": {
#23 0.751       "image_files": [
#23 0.751         {
#23 0.751           "path": "/opt/c3-test-deps/iniconfig-2.3.0.dist-info/licenses/LICENSE",
#23 0.751           "sha256": "3409fa91f7ace557894632676656e32264fe5ef7581535725dc9a23774551bd4"
#23 0.751         }
#23 0.751       ],
#23 0.751       "sha256": "3409fa91f7ace557894632676656e32264fe5ef7581535725dc9a23774551bd4"
#23 0.751     },
#23 0.751     "test-deps/iniconfig-2.3.0.dist-info/top_level.txt": {
#23 0.751       "image_files": [
#23 0.751         {
#23 0.751           "path": "/opt/c3-test-deps/iniconfig-2.3.0.dist-info/top_level.txt",
#23 0.751           "sha256": "eca7ccd1fba07654e88fd516ede9ca5e4d876002d00fca878b22ad8e14b380df"
#23 0.751         }
#23 0.751       ],
#23 0.751       "sha256": "eca7ccd1fba07654e88fd516ede9ca5e4d876002d00fca878b22ad8e14b380df"
#23 0.751     },
#23 0.751     "test-deps/iniconfig/__init__.py": {
#23 0.751       "image_files": [
#23 0.751         {
#23 0.751           "path": "/opt/c3-test-deps/iniconfig/__init__.py",
#23 0.751           "sha256": "5cbe5ea94623e26b2400ea2b6798df4408a726f2734c8f9f271a4fe317d7b5ac"
#23 0.751         }
#23 0.751       ],
#23 0.751       "sha256": "5cbe5ea94623e26b2400ea2b6798df4408a726f2734c8f9f271a4fe317d7b5ac"
#23 0.751     },
#23 0.751     "test-deps/iniconfig/_parse.py": {
#23 0.751       "image_files": [
#23 0.751         {
#23 0.751           "path": "/opt/c3-test-deps/iniconfig/_parse.py",
#23 0.751           "sha256": "e6770197b30042268f367a51aecf45478b7a1ba0e480e52ce39f0e63fd42476f"
#23 0.751         }
#23 0.751       ],
#23 0.751       "sha256": "e6770197b30042268f367a51aecf45478b7a1ba0e480e52ce39f0e63fd42476f"
#23 0.751     },
#23 0.751     "test-deps/iniconfig/_version.py": {
#23 0.751       "image_files": [
#23 0.751         {
#23 0.751           "path": "/opt/c3-test-deps/iniconfig/_version.py",
#23 0.751           "sha256": "28d1587be56d76ded9fa81f297c8e60c043da97a0234c0045e2823e814754142"
#23 0.751         }
#23 0.751       ],
#23 0.751       "sha256": "28d1587be56d76ded9fa81f297c8e60c043da97a0234c0045e2823e814754142"
#23 0.751     },
#23 0.751     "test-deps/iniconfig/exceptions.py": {
#23 0.751       "image_files": [
#23 0.751         {
#23 0.751           "path": "/opt/c3-test-deps/iniconfig/exceptions.py",
#23 0.751           "sha256": "9a2a50fda3310fd0af4af156375a135d8e10b919ca00c6757f7b027668c34d4d"
#23 0.751         }
#23 0.751       ],
#23 0.751       "sha256": "9a2a50fda3310fd0af4af156375a135d8e10b919ca00c6757f7b027668c34d4d"
#23 0.751     },
#23 0.751     "test-deps/iniconfig/py.typed": {
#23 0.751       "image_files": [
#23 0.751         {
#23 0.751           "path": "/opt/c3-test-deps/iniconfig/py.typed",
#23 0.751           "sha256": "e3b0c44298fc1c149afbf4c8996fb92427ae41e4649b934ca495991b7852b855"
#23 0.751         }
#23 0.751       ],
#23 0.751       "sha256": "e3b0c44298fc1c149afbf4c8996fb92427ae41e4649b934ca495991b7852b855"
#23 0.751     },
#23 0.751     "test-deps/packaging-26.3.dist-info/INSTALLER": {
#23 0.751       "image_files": [
#23 0.751         {
#23 0.751           "path": "/opt/c3-test-deps/packaging-26.3.dist-info/INSTALLER",
#23 0.751           "sha256": "e6184ce10e266134fdcfa401e8f1a95005bcd4f18d16b62b757323e2833fe9a9"
#23 0.751         }
#23 0.751       ],
#23 0.751       "sha256": "e6184ce10e266134fdcfa401e8f1a95005bcd4f18d16b62b757323e2833fe9a9"
#23 0.751     },
#23 0.751     "test-deps/packaging-26.3.dist-info/METADATA": {
#23 0.751       "image_files": [
#23 0.751         {
#23 0.751           "path": "/opt/c3-test-deps/packaging-26.3.dist-info/METADATA",
#23 0.751           "sha256": "70fdb89fc4d4a9a043bf7372b8972bcc883fddff34ab55e9cf80d73875384763"
#23 0.751         }
#23 0.751       ],
#23 0.751       "sha256": "70fdb89fc4d4a9a043bf7372b8972bcc883fddff34ab55e9cf80d73875384763"
#23 0.751     },
#23 0.751     "test-deps/packaging-26.3.dist-info/RECORD": {
#23 0.751       "image_files": [
#23 0.751         {
#23 0.751           "path": "/opt/c3-test-deps/packaging-26.3.dist-info/RECORD",
#23 0.751           "sha256": "1b8655965b0d83e9a067fd7f84b977bd1e117e0fb9f2874b2572781bdc9e2147"
#23 0.751         }
#23 0.751       ],
#23 0.751       "sha256": "1b8655965b0d83e9a067fd7f84b977bd1e117e0fb9f2874b2572781bdc9e2147"
#23 0.751     },
#23 0.751     "test-deps/packaging-26.3.dist-info/REQUESTED": {
#23 0.751       "image_files": [
#23 0.751         {
#23 0.751           "path": "/opt/c3-test-deps/packaging-26.3.dist-info/REQUESTED",
#23 0.751           "sha256": "e3b0c44298fc1c149afbf4c8996fb92427ae41e4649b934ca495991b7852b855"
#23 0.751         }
#23 0.751       ],
#23 0.751       "sha256": "e3b0c44298fc1c149afbf4c8996fb92427ae41e4649b934ca495991b7852b855"
#23 0.751     },
#23 0.751     "test-deps/packaging-26.3.dist-info/WHEEL": {
#23 0.751       "image_files": [
#23 0.751         {
#23 0.751           "path": "/opt/c3-test-deps/packaging-26.3.dist-info/WHEEL",
#23 0.751           "sha256": "1b68144734c4b66791f27add5d425f3620775585718a03d0f9b110ba3a4d88db"
#23 0.751         }
#23 0.751       ],
#23 0.751       "sha256": "1b68144734c4b66791f27add5d425f3620775585718a03d0f9b110ba3a4d88db"
#23 0.751     },
#23 0.751     "test-deps/packaging-26.3.dist-info/licenses/LICENSE": {
#23 0.751       "image_files": [
#23 0.751         {
#23 0.751           "path": "/opt/c3-test-deps/packaging-26.3.dist-info/licenses/LICENSE",
#23 0.751           "sha256": "cad1ef5bd340d73e074ba614d26f7deaca5c7940c3d8c34852e65c4909686c48"
#23 0.751         }
#23 0.751       ],
#23 0.751       "sha256": "cad1ef5bd340d73e074ba614d26f7deaca5c7940c3d8c34852e65c4909686c48"
#23 0.751     },
#23 0.751     "test-deps/packaging-26.3.dist-info/licenses/LICENSE.APACHE": {
#23 0.751       "image_files": [
#23 0.751         {
#23 0.751           "path": "/opt/c3-test-deps/packaging-26.3.dist-info/licenses/LICENSE.APACHE",
#23 0.751           "sha256": "0d542e0c8804e39aa7f37eb00da5a762149dc682d7829451287e11b938e94594"
#23 0.751         }
#23 0.751       ],
#23 0.751       "sha256": "0d542e0c8804e39aa7f37eb00da5a762149dc682d7829451287e11b938e94594"
#23 0.751     },
#23 0.751     "test-deps/packaging-26.3.dist-info/licenses/LICENSE.BSD": {
#23 0.751       "image_files": [
#23 0.751         {
#23 0.751           "path": "/opt/c3-test-deps/packaging-26.3.dist-info/licenses/LICENSE.BSD",
#23 0.751           "sha256": "b70e7e9b742f1cc6f948b34c16aa39ffece94196364bc88ff0d2180f0028fac5"
#23 0.751         }
#23 0.751       ],
#23 0.751       "sha256": "b70e7e9b742f1cc6f948b34c16aa39ffece94196364bc88ff0d2180f0028fac5"
#23 0.751     },
#23 0.751     "test-deps/packaging/__init__.py": {
#23 0.751       "image_files": [
#23 0.751         {
#23 0.751           "path": "/opt/c3-test-deps/packaging/__init__.py",
#23 0.751           "sha256": "6e758cdd0028b2cad74c739b9adc9c9f06f054932306280b878bfe59d39219b5"
#23 0.751         }
#23 0.751       ],
#23 0.751       "sha256": "6e758cdd0028b2cad74c739b9adc9c9f06f054932306280b878bfe59d39219b5"
#23 0.751     },
#23 0.751     "test-deps/packaging/_elffile.py": {
#23 0.751       "image_files": [
#23 0.751         {
#23 0.751           "path": "/opt/c3-test-deps/packaging/_elffile.py",
#23 0.751           "sha256": "1f025f54c573f1a85740c4fbd908cc1d1fb0c177c14377ebf5f09d6cd5368780"
#23 0.751         }
#23 0.751       ],
#23 0.751       "sha256": "1f025f54c573f1a85740c4fbd908cc1d1fb0c177c14377ebf5f09d6cd5368780"
#23 0.751     },
#23 0.751     "test-deps/packaging/_manylinux.py": {
#23 0.751       "image_files": [
#23 0.751         {
#23 0.751           "path": "/opt/c3-test-deps/packaging/_manylinux.py",
#23 0.751           "sha256": "5b6e84324c42538ab4cdb148e2430fdba36f04427b0efda55bea083a35fa6136"
#23 0.751         }
#23 0.751       ],
#23 0.751       "sha256": "5b6e84324c42538ab4cdb148e2430fdba36f04427b0efda55bea083a35fa6136"
#23 0.751     },
#23 0.751     "test-deps/packaging/_musllinux.py": {
#23 0.751       "image_files": [
#23 0.751         {
#23 0.751           "path": "/opt/c3-test-deps/packaging/_musllinux.py",
#23 0.751           "sha256": "0328fb827b1170c77df4c107d49be8df8d37262103490a61e8acad8a2f9cadff"
#23 0.751         }
#23 0.751       ],
#23 0.751       "sha256": "0328fb827b1170c77df4c107d49be8df8d37262103490a61e8acad8a2f9cadff"
#23 0.751     },
#23 0.751     "test-deps/packaging/_parser.py": {
#23 0.751       "image_files": [
#23 0.751         {
#23 0.751           "path": "/opt/c3-test-deps/packaging/_parser.py",
#23 0.751           "sha256": "88a348115209327497e453b635e5db099fd592f9335d710c7313b29cdb30c50c"
#23 0.751         }
#23 0.751       ],
#23 0.751       "sha256": "88a348115209327497e453b635e5db099fd592f9335d710c7313b29cdb30c50c"
#23 0.751     },
#23 0.751     "test-deps/packaging/_ranges.py": {
#23 0.751       "image_files": [
#23 0.751         {
#23 0.751           "path": "/opt/c3-test-deps/packaging/_ranges.py",
#23 0.751           "sha256": "b7b595f2e692aeb3697c545b85c24cbbcb4552f2adc6d9059aa82d0877e816b7"
#23 0.751         }
#23 0.751       ],
#23 0.751       "sha256": "b7b595f2e692aeb3697c545b85c24cbbcb4552f2adc6d9059aa82d0877e816b7"
#23 0.751     },
#23 0.751     "test-deps/packaging/_structures.py": {
#23 0.751       "image_files": [
#23 0.751         {
#23 0.751           "path": "/opt/c3-test-deps/packaging/_structures.py",
#23 0.751           "sha256": "eb48d16c5efca7ccf930a9cd77a700a6b80e69d0891d5d03966526441a8565cb"
#23 0.751         }
#23 0.751       ],
#23 0.751       "sha256": "eb48d16c5efca7ccf930a9cd77a700a6b80e69d0891d5d03966526441a8565cb"
#23 0.751     },
#23 0.751     "test-deps/packaging/_tokenizer.py": {
#23 0.751       "image_files": [
#23 0.751         {
#23 0.751           "path": "/opt/c3-test-deps/packaging/_tokenizer.py",
#23 0.751           "sha256": "cc25e57c0d564c89e15073471d6e1c264299ca946fb17c0e1e4af54ef7713ee6"
#23 0.751         }
#23 0.751       ],
#23 0.751       "sha256": "cc25e57c0d564c89e15073471d6e1c264299ca946fb17c0e1e4af54ef7713ee6"
#23 0.751     },
#23 0.751     "test-deps/packaging/dependency_groups.py": {
#23 0.751       "image_files": [
#23 0.751         {
#23 0.751           "path": "/opt/c3-test-deps/packaging/dependency_groups.py",
#23 0.751           "sha256": "5309cc564ca3022dfb594816e9d593bb09cdf34208c1fb8c5ec9afb6c670278c"
#23 0.751         }
#23 0.751       ],
#23 0.751       "sha256": "5309cc564ca3022dfb594816e9d593bb09cdf34208c1fb8c5ec9afb6c670278c"
#23 0.751     },
#23 0.751     "test-deps/packaging/direct_url.py": {
#23 0.751       "image_files": [
#23 0.751         {
#23 0.751           "path": "/opt/c3-test-deps/packaging/direct_url.py",
#23 0.751           "sha256": "843baa95d04cbb49288de9d9fd77ee946e862cb603123e7e46a69e171fa7d06b"
#23 0.751         }
#23 0.751       ],
#23 0.751       "sha256": "843baa95d04cbb49288de9d9fd77ee946e862cb603123e7e46a69e171fa7d06b"
#23 0.751     },
#23 0.751     "test-deps/packaging/errors.py": {
#23 0.751       "image_files": [
#23 0.751         {
#23 0.751           "path": "/opt/c3-test-deps/packaging/errors.py",
#23 0.751           "sha256": "ea17c461701ff2ffc817ae7e94569d24e30889e04fdb120ab721178c6d67188b"
#23 0.751         }
#23 0.751       ],
#23 0.751       "sha256": "ea17c461701ff2ffc817ae7e94569d24e30889e04fdb120ab721178c6d67188b"
#23 0.751     },
#23 0.751     "test-deps/packaging/licenses/__init__.py": {
#23 0.751       "image_files": [
#23 0.751         {
#23 0.751           "path": "/opt/c3-test-deps/packaging/licenses/__init__.py",
#23 0.751           "sha256": "590d12eee73ddbec53b4e9ee5bfc64d9cb3aacb4940e8ebcba260757ce56740b"
#23 0.751         }
#23 0.751       ],
#23 0.751       "sha256": "590d12eee73ddbec53b4e9ee5bfc64d9cb3aacb4940e8ebcba260757ce56740b"
#23 0.751     },
#23 0.751     "test-deps/packaging/licenses/_spdx.py": {
#23 0.751       "image_files": [
#23 0.751         {
#23 0.751           "path": "/opt/c3-test-deps/packaging/licenses/_spdx.py",
#23 0.751           "sha256": "596ec35e2ca0ebcba9fd8343ff0a51625af548786257815f24b41f7e08613314"
#23 0.751         }
#23 0.751       ],
#23 0.751       "sha256": "596ec35e2ca0ebcba9fd8343ff0a51625af548786257815f24b41f7e08613314"
#23 0.751     },
#23 0.751     "test-deps/packaging/markers.py": {
#23 0.751       "image_files": [
#23 0.751         {
#23 0.751           "path": "/opt/c3-test-deps/packaging/markers.py",
#23 0.751           "sha256": "6cbe860d35d98d2b599e7f0ec73feab124e015711b30be9045e678c92940d9cc"
#23 0.751         }
#23 0.751       ],
#23 0.751       "sha256": "6cbe860d35d98d2b599e7f0ec73feab124e015711b30be9045e678c92940d9cc"
#23 0.751     },
#23 0.751     "test-deps/packaging/metadata.py": {
#23 0.751       "image_files": [
#23 0.751         {
#23 0.751           "path": "/opt/c3-test-deps/packaging/metadata.py",
#23 0.751           "sha256": "934149f420a5449e6f376aa61d6f26a0823eb82cc7c6a1c8cde5aa7be43d0f63"
#23 0.751         }
#23 0.751       ],
#23 0.751       "sha256": "934149f420a5449e6f376aa61d6f26a0823eb82cc7c6a1c8cde5aa7be43d0f63"
#23 0.751     },
#23 0.751     "test-deps/packaging/py.typed": {
#23 0.751       "image_files": [
#23 0.751         {
#23 0.751           "path": "/opt/c3-test-deps/packaging/py.typed",
#23 0.751           "sha256": "e3b0c44298fc1c149afbf4c8996fb92427ae41e4649b934ca495991b7852b855"
#23 0.751         }
#23 0.751       ],
#23 0.751       "sha256": "e3b0c44298fc1c149afbf4c8996fb92427ae41e4649b934ca495991b7852b855"
#23 0.751     },
#23 0.751     "test-deps/packaging/pylock.py": {
#23 0.751       "image_files": [
#23 0.751         {
#23 0.751           "path": "/opt/c3-test-deps/packaging/pylock.py",
#23 0.751           "sha256": "1bce0a9fe63e42b87e8ced05da272baf16a68aa704b3718405e2735a6112467c"
#23 0.751         }
#23 0.751       ],
#23 0.751       "sha256": "1bce0a9fe63e42b87e8ced05da272baf16a68aa704b3718405e2735a6112467c"
#23 0.751     },
#23 0.751     "test-deps/packaging/ranges.py": {
#23 0.751       "image_files": [
#23 0.751         {
#23 0.751           "path": "/opt/c3-test-deps/packaging/ranges.py",
#23 0.751           "sha256": "b4781ce913e5dff9e07906f20585c54c3028e1f7ff56341828e79d522ddbfab6"
#23 0.751         }
#23 0.751       ],
#23 0.751       "sha256": "b4781ce913e5dff9e07906f20585c54c3028e1f7ff56341828e79d522ddbfab6"
#23 0.751     },
#23 0.751     "test-deps/packaging/requirements.py": {
#23 0.751       "image_files": [
#23 0.751         {
#23 0.751           "path": "/opt/c3-test-deps/packaging/requirements.py",
#23 0.751           "sha256": "459476eb2107fe30e6b1310051a5bdb44c7d3b7f78e0e87bada268282cba62f5"
#23 0.751         }
#23 0.751       ],
#23 0.751       "sha256": "459476eb2107fe30e6b1310051a5bdb44c7d3b7f78e0e87bada268282cba62f5"
#23 0.751     },
#23 0.751     "test-deps/packaging/specifiers.py": {
#23 0.751       "image_files": [
#23 0.751         {
#23 0.751           "path": "/opt/c3-test-deps/packaging/specifiers.py",
#23 0.751           "sha256": "661ad31ddf45ffb861d2626734f4e3d66966029b8fdb79586bb105825d8d9d59"
#23 0.751         }
#23 0.751       ],
#23 0.751       "sha256": "661ad31ddf45ffb861d2626734f4e3d66966029b8fdb79586bb105825d8d9d59"
#23 0.751     },
#23 0.751     "test-deps/packaging/tags.py": {
#23 0.751       "image_files": [
#23 0.751         {
#23 0.751           "path": "/opt/c3-test-deps/packaging/tags.py",
#23 0.751           "sha256": "0e717a082a79620d79cf0321b420df15593c4916fcda03c27cb9d82e07ef5d6e"
#23 0.751         }
#23 0.751       ],
#23 0.751       "sha256": "0e717a082a79620d79cf0321b420df15593c4916fcda03c27cb9d82e07ef5d6e"
#23 0.751     },
#23 0.751     "test-deps/packaging/utils.py": {
#23 0.751       "image_files": [
#23 0.751         {
#23 0.751           "path": "/opt/c3-test-deps/packaging/utils.py",
#23 0.751           "sha256": "a13742cd9994eeca5adfb0249d126408c478026eb1f48cb97afbf2fe9f28ecc6"
#23 0.751         }
#23 0.751       ],
#23 0.751       "sha256": "a13742cd9994eeca5adfb0249d126408c478026eb1f48cb97afbf2fe9f28ecc6"
#23 0.751     },
#23 0.751     "test-deps/packaging/version.py": {
#23 0.751       "image_files": [
#23 0.751         {
#23 0.751           "path": "/opt/c3-test-deps/packaging/version.py",
#23 0.751           "sha256": "558b2fb50fd198c660a4c082f96b8919c565911b6b4b6e07f34b6b60c074be97"
#23 0.751         }
#23 0.751       ],
#23 0.751       "sha256": "558b2fb50fd198c660a4c082f96b8919c565911b6b4b6e07f34b6b60c074be97"
#23 0.751     },
#23 0.751     "test-deps/pluggy-1.6.0.dist-info/INSTALLER": {
#23 0.751       "image_files": [
#23 0.751         {
#23 0.751           "path": "/opt/c3-test-deps/pluggy-1.6.0.dist-info/INSTALLER",
#23 0.751           "sha256": "e6184ce10e266134fdcfa401e8f1a95005bcd4f18d16b62b757323e2833fe9a9"
#23 0.751         }
#23 0.751       ],
#23 0.751       "sha256": "e6184ce10e266134fdcfa401e8f1a95005bcd4f18d16b62b757323e2833fe9a9"
#23 0.751     },
#23 0.751     "test-deps/pluggy-1.6.0.dist-info/METADATA": {
#23 0.751       "image_files": [
#23 0.751         {
#23 0.751           "path": "/opt/c3-test-deps/pluggy-1.6.0.dist-info/METADATA",
#23 0.751           "sha256": "7438c35ee25a095eb7416f84b461c2d74425c5e734ad54c3912453c65244e01c"
#23 0.751         }
#23 0.751       ],
#23 0.751       "sha256": "7438c35ee25a095eb7416f84b461c2d74425c5e734ad54c3912453c65244e01c"
#23 0.751     },
#23 0.751     "test-deps/pluggy-1.6.0.dist-info/RECORD": {
#23 0.751       "image_files": [
#23 0.751         {
#23 0.751           "path": "/opt/c3-test-deps/pluggy-1.6.0.dist-info/RECORD",
#23 0.751           "sha256": "a42a63bcba12ddb7e7db19158c8d05d8fc41d51f48686b411ad3a0213fbd7721"
#23 0.751         }
#23 0.751       ],
#23 0.751       "sha256": "a42a63bcba12ddb7e7db19158c8d05d8fc41d51f48686b411ad3a0213fbd7721"
#23 0.751     },
#23 0.751     "test-deps/pluggy-1.6.0.dist-info/REQUESTED": {
#23 0.751       "image_files": [
#23 0.751         {
#23 0.751           "path": "/opt/c3-test-deps/pluggy-1.6.0.dist-info/REQUESTED",
#23 0.751           "sha256": "e3b0c44298fc1c149afbf4c8996fb92427ae41e4649b934ca495991b7852b855"
#23 0.751         }
#23 0.751       ],
#23 0.751       "sha256": "e3b0c44298fc1c149afbf4c8996fb92427ae41e4649b934ca495991b7852b855"
#23 0.751     },
#23 0.751     "test-deps/pluggy-1.6.0.dist-info/WHEEL": {
#23 0.751       "image_files": [
#23 0.751         {
#23 0.751           "path": "/opt/c3-test-deps/pluggy-1.6.0.dist-info/WHEEL",
#23 0.751           "sha256": "370dfa0e3ba1ff9543ba42b41fbf10cce5fefc5404a3a577ee6de7926f7a82d5"
#23 0.751         }
#23 0.751       ],
#23 0.751       "sha256": "370dfa0e3ba1ff9543ba42b41fbf10cce5fefc5404a3a577ee6de7926f7a82d5"
#23 0.751     },
#23 0.751     "test-deps/pluggy-1.6.0.dist-info/licenses/LICENSE": {
#23 0.751       "image_files": [
#23 0.751         {
#23 0.751           "path": "/opt/c3-test-deps/pluggy-1.6.0.dist-info/licenses/LICENSE",
#23 0.751           "sha256": "d6b65e6c213a5d0b577911d34d6e5949b9f59d76c238c5071a2f3fc16cfb2606"
#23 0.751         }
#23 0.751       ],
#23 0.751       "sha256": "d6b65e6c213a5d0b577911d34d6e5949b9f59d76c238c5071a2f3fc16cfb2606"
#23 0.751     },
#23 0.751     "test-deps/pluggy-1.6.0.dist-info/top_level.txt": {
#23 0.751       "image_files": [
#23 0.751         {
#23 0.751           "path": "/opt/c3-test-deps/pluggy-1.6.0.dist-info/top_level.txt",
#23 0.751           "sha256": "c4a4824616a2faff4c724bccb96a8dcf5e9cd6d6ec98e820a0c4b04e07296071"
#23 0.751         }
#23 0.751       ],
#23 0.751       "sha256": "c4a4824616a2faff4c724bccb96a8dcf5e9cd6d6ec98e820a0c4b04e07296071"
#23 0.751     },
#23 0.751     "test-deps/pluggy/__init__.py": {
#23 0.751       "image_files": [
#23 0.751         {
#23 0.751           "path": "/opt/c3-test-deps/pluggy/__init__.py",
#23 0.751           "sha256": "0fa769d609840e3b43a7c840c1073eaab81aba59cbe2296daea90b0ddfa0f6d8"
#23 0.751         }
#23 0.751       ],
#23 0.751       "sha256": "0fa769d609840e3b43a7c840c1073eaab81aba59cbe2296daea90b0ddfa0f6d8"
#23 0.751     },
#23 0.751     "test-deps/pluggy/_callers.py": {
#23 0.751       "image_files": [
#23 0.751         {
#23 0.751           "path": "/opt/c3-test-deps/pluggy/_callers.py",
#23 0.751           "sha256": "804665946692615b2c676526a4d7e6602d1b755821da361b0057982afb913236"
#23 0.751         }
#23 0.751       ],
#23 0.751       "sha256": "804665946692615b2c676526a4d7e6602d1b755821da361b0057982afb913236"
#23 0.751     },
#23 0.751     "test-deps/pluggy/_hooks.py": {
#23 0.751       "image_files": [
#23 0.751         {
#23 0.751           "path": "/opt/c3-test-deps/pluggy/_hooks.py",
#23 0.751           "sha256": "13a7f79d8708e9d6c4b8ed069b2eb5a3380653fe7dfdeebd902d3c6b4e8406ea"
#23 0.751         }
#23 0.751       ],
#23 0.751       "sha256": "13a7f79d8708e9d6c4b8ed069b2eb5a3380653fe7dfdeebd902d3c6b4e8406ea"
#23 0.751     },
#23 0.751     "test-deps/pluggy/_manager.py": {
#23 0.751       "image_files": [
#23 0.751         {
#23 0.751           "path": "/opt/c3-test-deps/pluggy/_manager.py",
#23 0.751           "sha256": "2b8229fe99048ef4f6a0e21f40fa7c0b0016a1756710d81045ccbdb651a28b4a"
#23 0.751         }
#23 0.751       ],
#23 0.751       "sha256": "2b8229fe99048ef4f6a0e21f40fa7c0b0016a1756710d81045ccbdb651a28b4a"
#23 0.751     },
#23 0.751     "test-deps/pluggy/_result.py": {
#23 0.751       "image_files": [
#23 0.751         {
#23 0.751           "path": "/opt/c3-test-deps/pluggy/_result.py",
#23 0.751           "sha256": "dd77f2ec3ae35db61bee9b91aaec98d956e274858daba3e9ed09ee12531d8fc4"
#23 0.751         }
#23 0.751       ],
#23 0.751       "sha256": "dd77f2ec3ae35db61bee9b91aaec98d956e274858daba3e9ed09ee12531d8fc4"
#23 0.751     },
#23 0.751     "test-deps/pluggy/_tracing.py": {
#23 0.751       "image_files": [
#23 0.751         {
#23 0.751           "path": "/opt/c3-test-deps/pluggy/_tracing.py",
#23 0.751           "sha256": "9d777604298381ff2327157e1cedcfab147e595e777969c5f01e001759c91a0a"
#23 0.751         }
#23 0.751       ],
#23 0.751       "sha256": "9d777604298381ff2327157e1cedcfab147e595e777969c5f01e001759c91a0a"
#23 0.751     },
#23 0.751     "test-deps/pluggy/_version.py": {
#23 0.751       "image_files": [
#23 0.751         {
#23 0.751           "path": "/opt/c3-test-deps/pluggy/_version.py",
#23 0.751           "sha256": "e45189369f4b924f6e3b17828d7a68086045efd02be8b18f391efe6ad06a6ffe"
#23 0.751         }
#23 0.751       ],
#23 0.751       "sha256": "e45189369f4b924f6e3b17828d7a68086045efd02be8b18f391efe6ad06a6ffe"
#23 0.751     },
#23 0.751     "test-deps/pluggy/_warnings.py": {
#23 0.751       "image_files": [
#23 0.751         {
#23 0.751           "path": "/opt/c3-test-deps/pluggy/_warnings.py",
#23 0.751           "sha256": "b5dd00bd90697da9ab8820b73aab0bc31321f92cc03237e399ce7c4f9bcfde5c"
#23 0.751         }
#23 0.751       ],
#23 0.751       "sha256": "b5dd00bd90697da9ab8820b73aab0bc31321f92cc03237e399ce7c4f9bcfde5c"
#23 0.751     },
#23 0.751     "test-deps/pluggy/py.typed": {
#23 0.751       "image_files": [
#23 0.751         {
#23 0.751           "path": "/opt/c3-test-deps/pluggy/py.typed",
#23 0.751           "sha256": "e3b0c44298fc1c149afbf4c8996fb92427ae41e4649b934ca495991b7852b855"
#23 0.751         }
#23 0.751       ],
#23 0.751       "sha256": "e3b0c44298fc1c149afbf4c8996fb92427ae41e4649b934ca495991b7852b855"
#23 0.751     },
#23 0.751     "test-deps/py.py": {
#23 0.751       "image_files": [
#23 0.751         {
#23 0.751           "path": "/opt/c3-test-deps/py.py",
#23 0.751           "sha256": "b71675b5d9845ba0814e9e88767f88dac3b3cc0d3128da028bd45edbb523e871"
#23 0.751         }
#23 0.751       ],
#23 0.751       "sha256": "b71675b5d9845ba0814e9e88767f88dac3b3cc0d3128da028bd45edbb523e871"
#23 0.751     },
#23 0.751     "test-deps/pygments-2.21.0.dist-info/INSTALLER": {
#23 0.751       "image_files": [
#23 0.751         {
#23 0.751           "path": "/opt/c3-test-deps/pygments-2.21.0.dist-info/INSTALLER",
#23 0.751           "sha256": "e6184ce10e266134fdcfa401e8f1a95005bcd4f18d16b62b757323e2833fe9a9"
#23 0.751         }
#23 0.751       ],
#23 0.751       "sha256": "e6184ce10e266134fdcfa401e8f1a95005bcd4f18d16b62b757323e2833fe9a9"
#23 0.751     },
#23 0.751     "test-deps/pygments-2.21.0.dist-info/METADATA": {
#23 0.751       "image_files": [
#23 0.751         {
#23 0.751           "path": "/opt/c3-test-deps/pygments-2.21.0.dist-info/METADATA",
#23 0.751           "sha256": "1dde075570136774c706bf0009183a793fe0ee262e4a5590cc6eff8453eedd43"
#23 0.751         }
#23 0.751       ],
#23 0.751       "sha256": "1dde075570136774c706bf0009183a793fe0ee262e4a5590cc6eff8453eedd43"
#23 0.751     },
#23 0.751     "test-deps/pygments-2.21.0.dist-info/RECORD": {
#23 0.751       "image_files": [
#23 0.751         {
#23 0.751           "path": "/opt/c3-test-deps/pygments-2.21.0.dist-info/RECORD",
#23 0.751           "sha256": "c2a6aec27e6b0557fa46f89e4e3212a6a454374730387944e16e70d14fd168d2"
#23 0.751         }
#23 0.751       ],
#23 0.751       "sha256": "c2a6aec27e6b0557fa46f89e4e3212a6a454374730387944e16e70d14fd168d2"
#23 0.751     },
#23 0.751     "test-deps/pygments-2.21.0.dist-info/REQUESTED": {
#23 0.751       "image_files": [
#23 0.751         {
#23 0.751           "path": "/opt/c3-test-deps/pygments-2.21.0.dist-info/REQUESTED",
#23 0.751           "sha256": "e3b0c44298fc1c149afbf4c8996fb92427ae41e4649b934ca495991b7852b855"
#23 0.751         }
#23 0.751       ],
#23 0.751       "sha256": "e3b0c44298fc1c149afbf4c8996fb92427ae41e4649b934ca495991b7852b855"
#23 0.751     },
#23 0.751     "test-deps/pygments-2.21.0.dist-info/WHEEL": {
#23 0.751       "image_files": [
#23 0.751         {
#23 0.751           "path": "/opt/c3-test-deps/pygments-2.21.0.dist-info/WHEEL",
#23 0.751           "sha256": "ccec20e2307acd7da453dd7437e70c6b08e2bc3ead3bc3445af135da37b56d59"
#23 0.751         }
#23 0.751       ],
#23 0.751       "sha256": "ccec20e2307acd7da453dd7437e70c6b08e2bc3ead3bc3445af135da37b56d59"
#23 0.751     },
#23 0.751     "test-deps/pygments-2.21.0.dist-info/entry_points.txt": {
#23 0.751       "image_files": [
#23 0.751         {
#23 0.751           "path": "/opt/c3-test-deps/pygments-2.21.0.dist-info/entry_points.txt",
#23 0.751           "sha256": "b945f0f9784c281117e2959c0ada6e4d39cf84bde1ece104da35a2e75550b1af"
#23 0.751         }
#23 0.751       ],
#23 0.751       "sha256": "b945f0f9784c281117e2959c0ada6e4d39cf84bde1ece104da35a2e75550b1af"
#23 0.751     },
#23 0.751     "test-deps/pygments-2.21.0.dist-info/licenses/AUTHORS": {
#23 0.751       "image_files": [
#23 0.751         {
#23 0.751           "path": "/opt/c3-test-deps/pygments-2.21.0.dist-info/licenses/AUTHORS",
#23 0.751           "sha256": "71a83872ad82f57be692cf827e048e2cd51d45169cfa1ea3f28706d97a872c0f"
#23 0.751         }
#23 0.751       ],
#23 0.751       "sha256": "71a83872ad82f57be692cf827e048e2cd51d45169cfa1ea3f28706d97a872c0f"
#23 0.751     },
#23 0.751     "test-deps/pygments-2.21.0.dist-info/licenses/LICENSE": {
#23 0.751       "image_files": [
#23 0.751         {
#23 0.751           "path": "/opt/c3-test-deps/pygments-2.21.0.dist-info/licenses/LICENSE",
#23 0.751           "sha256": "a9d66f1d526df02e29dce73436d34e56e8632f46c275bbdffc70569e882f9f17"
#23 0.751         }
#23 0.751       ],
#23 0.751       "sha256": "a9d66f1d526df02e29dce73436d34e56e8632f46c275bbdffc70569e882f9f17"
#23 0.751     },
#23 0.751     "test-deps/pygments/__init__.py": {
#23 0.751       "image_files": [
#23 0.751         {
#23 0.751           "path": "/opt/c3-test-deps/pygments/__init__.py",
#23 0.751           "sha256": "83fe99688e06ed80d7d44d325f79027de83a434c60f249bceffd67fda3e7d2b1"
#23 0.751         }
#23 0.751       ],
#23 0.751       "sha256": "83fe99688e06ed80d7d44d325f79027de83a434c60f249bceffd67fda3e7d2b1"
#23 0.751     },
#23 0.751     "test-deps/pygments/__main__.py": {
#23 0.751       "image_files": [
#23 0.751         {
#23 0.751           "path": "/opt/c3-test-deps/pygments/__main__.py",
#23 0.751           "sha256": "4195a3d13e934d1b2aafec3ed18bd520ba350f202fcf3c9d18244e370744ceaa"
#23 0.751         }
#23 0.751       ],
#23 0.751       "sha256": "4195a3d13e934d1b2aafec3ed18bd520ba350f202fcf3c9d18244e370744ceaa"
#23 0.751     },
#23 0.751     "test-deps/pygments/cmdline.py": {
#23 0.751       "image_files": [
#23 0.751         {
#23 0.751           "path": "/opt/c3-test-deps/pygments/cmdline.py",
#23 0.751           "sha256": "93faf94133e61101476a726ac5ec7e93fd72ad4cacc30d86237565c9f8ac108a"
#23 0.751         }
#23 0.751       ],
#23 0.751       "sha256": "93faf94133e61101476a726ac5ec7e93fd72ad4cacc30d86237565c9f8ac108a"
#23 0.751     },
#23 0.751     "test-deps/pygments/console.py": {
#23 0.751       "image_files": [
#23 0.751         {
#23 0.751           "path": "/opt/c3-test-deps/pygments/console.py",
#23 0.751           "sha256": "0b5f3d240c210b5421d002a0b21cdbd70543cc5a819efd55678e644c40c83b7d"
#23 0.751         }
#23 0.751       ],
#23 0.751       "sha256": "0b5f3d240c210b5421d002a0b21cdbd70543cc5a819efd55678e644c40c83b7d"
#23 0.751     },
#23 0.751     "test-deps/pygments/filter.py": {
#23 0.751       "image_files": [
#23 0.751         {
#23 0.751           "path": "/opt/c3-test-deps/pygments/filter.py",
#23 0.751           "sha256": "d5d9db92ad80742dc0907b770da5f09ce91304b0a1975911ea76922f09ebfed7"
#23 0.751         }
#23 0.751       ],
#23 0.751       "sha256": "d5d9db92ad80742dc0907b770da5f09ce91304b0a1975911ea76922f09ebfed7"
#23 0.751     },
#23 0.751     "test-deps/pygments/filters/__init__.py": {
#23 0.751       "image_files": [
#23 0.751         {
#23 0.751           "path": "/opt/c3-test-deps/pygments/filters/__init__.py",
#23 0.751           "sha256": "d37658748626c6758287b80d5c3ee5110f3af437f89331e7386338e222716a7f"
#23 0.751         }
#23 0.751       ],
#23 0.751       "sha256": "d37658748626c6758287b80d5c3ee5110f3af437f89331e7386338e222716a7f"
#23 0.751     },
#23 0.751     "test-deps/pygments/formatter.py": {
#23 0.751       "image_files": [
#23 0.751         {
#23 0.751           "path": "/opt/c3-test-deps/pygments/formatter.py",
#23 0.751           "sha256": "3d30674d6d041e47b6bf39402aebc72648f7fbf08c8fc76e231fb7c955227bea"
#23 0.751         }
#23 0.751       ],
#23 0.751       "sha256": "3d30674d6d041e47b6bf39402aebc72648f7fbf08c8fc76e231fb7c955227bea"
#23 0.751     },
#23 0.751     "test-deps/pygments/formatters/__init__.py": {
#23 0.751       "image_files": [
#23 0.751         {
#23 0.751           "path": "/opt/c3-test-deps/pygments/formatters/__init__.py",
#23 0.751           "sha256": "a8f1b8ab972e69944606096610954b3f8483bf8dd0237b4052c923df433e98e6"
#23 0.751         }
#23 0.751       ],
#23 0.751       "sha256": "a8f1b8ab972e69944606096610954b3f8483bf8dd0237b4052c923df433e98e6"
#23 0.751     },
#23 0.751     "test-deps/pygments/formatters/_mapping.py": {
#23 0.751       "image_files": [
#23 0.751         {
#23 0.751           "path": "/opt/c3-test-deps/pygments/formatters/_mapping.py",
#23 0.751           "sha256": "d42c37ec5b9094d69c9f144a9ad94f5f89f22e85fdfedb64a39670b1c354659e"
#23 0.751         }
#23 0.751       ],
#23 0.751       "sha256": "d42c37ec5b9094d69c9f144a9ad94f5f89f22e85fdfedb64a39670b1c354659e"
#23 0.751     },
#23 0.751     "test-deps/pygments/formatters/bbcode.py": {
#23 0.751       "image_files": [
#23 0.751         {
#23 0.751           "path": "/opt/c3-test-deps/pygments/formatters/bbcode.py",
#23 0.751           "sha256": "96f1b5444649bf4a4ce9531ef90c0b4aea34625d516bf5f9d7087dddf5bc0369"
#23 0.751         }
#23 0.751       ],
#23 0.751       "sha256": "96f1b5444649bf4a4ce9531ef90c0b4aea34625d516bf5f9d7087dddf5bc0369"
#23 0.751     },
#23 0.751     "test-deps/pygments/formatters/groff.py": {
#23 0.751       "image_files": [
#23 0.751         {
#23 0.751           "path": "/opt/c3-test-deps/pygments/formatters/groff.py",
#23 0.751           "sha256": "141f3b388130e52e19d23c955572f672c7a08251dacddcaa3f6f1acb7ac38988"
#23 0.751         }
#23 0.751       ],
#23 0.751       "sha256": "141f3b388130e52e19d23c955572f672c7a08251dacddcaa3f6f1acb7ac38988"
#23 0.751     },
#23 0.751     "test-deps/pygments/formatters/html.py": {
#23 0.751       "image_files": [
#23 0.751         {
#23 0.751           "path": "/opt/c3-test-deps/pygments/formatters/html.py",
#23 0.751           "sha256": "dcdd5f976d788e0caa9025fa2f3de04bc9761104bbbf85a3ef189e60d9653628"
#23 0.751         }
#23 0.751       ],
#23 0.751       "sha256": "dcdd5f976d788e0caa9025fa2f3de04bc9761104bbbf85a3ef189e60d9653628"
#23 0.751     },
#23 0.751     "test-deps/pygments/formatters/img.py": {
#23 0.751       "image_files": [
#23 0.751         {
#23 0.751           "path": "/opt/c3-test-deps/pygments/formatters/img.py",
#23 0.751           "sha256": "e35b92634a4a83d56628962b1ee6af095820d33fa683cd69dbc404324b707f5a"
#23 0.751         }
#23 0.751       ],
#23 0.751       "sha256": "e35b92634a4a83d56628962b1ee6af095820d33fa683cd69dbc404324b707f5a"
#23 0.751     },
#23 0.751     "test-deps/pygments/formatters/irc.py": {
#23 0.751       "image_files": [
#23 0.751         {
#23 0.751           "path": "/opt/c3-test-deps/pygments/formatters/irc.py",
#23 0.751           "sha256": "85d3aa02f174d9b23c098f3fb6eb67529b4166958404bcd502a4b8fd8034b5ec"
#23 0.751         }
#23 0.751       ],
#23 0.751       "sha256": "85d3aa02f174d9b23c098f3fb6eb67529b4166958404bcd502a4b8fd8034b5ec"
#23 0.751     },
#23 0.751     "test-deps/pygments/formatters/latex.py": {
#23 0.751       "image_files": [
#23 0.751         {
#23 0.751           "path": "/opt/c3-test-deps/pygments/formatters/latex.py",
#23 0.751           "sha256": "2b29f300b230261df0e1df7a7c69ae52a8c679dfa41b307778bbf3b96135ebe2"
#23 0.751         }
#23 0.751       ],
#23 0.751       "sha256": "2b29f300b230261df0e1df7a7c69ae52a8c679dfa41b307778bbf3b96135ebe2"
#23 0.751     },
#23 0.751     "test-deps/pygments/formatters/other.py": {
#23 0.751       "image_files": [
#23 0.751         {
#23 0.751           "path": "/opt/c3-test-deps/pygments/formatters/other.py",
#23 0.751           "sha256": "948eba6f6e706b37926251c4df4c895618f744dbd6299a854bbb5480c32b1319"
#23 0.751         }
#23 0.751       ],
#23 0.751       "sha256": "948eba6f6e706b37926251c4df4c895618f744dbd6299a854bbb5480c32b1319"
#23 0.751     },
#23 0.751     "test-deps/pygments/formatters/pangomarkup.py": {
#23 0.751       "image_files": [
#23 0.751         {
#23 0.751           "path": "/opt/c3-test-deps/pygments/formatters/pangomarkup.py",
#23 0.751           "sha256": "2f88d4ea83b5f14a8432a5de3791643ed922b17ad7b97abdc1c79c832ffa773a"
#23 0.751         }
#23 0.751       ],
#23 0.751       "sha256": "2f88d4ea83b5f14a8432a5de3791643ed922b17ad7b97abdc1c79c832ffa773a"
#23 0.751     },
#23 0.751     "test-deps/pygments/formatters/rtf.py": {
#23 0.751       "image_files": [
#23 0.751         {
#23 0.751           "path": "/opt/c3-test-deps/pygments/formatters/rtf.py",
#23 0.751           "sha256": "610616f0d4eb0785df3a32db433badc83e23df94e2985359d13dfd7444fd0cea"
#23 0.751         }
#23 0.751       ],
#23 0.751       "sha256": "610616f0d4eb0785df3a32db433badc83e23df94e2985359d13dfd7444fd0cea"
#23 0.751     },
#23 0.751     "test-deps/pygments/formatters/svg.py": {
#23 0.751       "image_files": [
#23 0.751         {
#23 0.751           "path": "/opt/c3-test-deps/pygments/formatters/svg.py",
#23 0.751           "sha256": "990a298756a62a40fcb3e1ee3bb8d6c07cdda52118a5001798253b94e8601810"
#23 0.751         }
#23 0.751       ],
#23 0.751       "sha256": "990a298756a62a40fcb3e1ee3bb8d6c07cdda52118a5001798253b94e8601810"
#23 0.751     },
#23 0.751     "test-deps/pygments/formatters/terminal.py": {
#23 0.751       "image_files": [
#23 0.751         {
#23 0.751           "path": "/opt/c3-test-deps/pygments/formatters/terminal.py",
#23 0.751           "sha256": "abb8cb2da9e57b7dde099903af80a81c037e7470457f50c1862e0570143cff51"
#23 0.751         }
#23 0.751       ],
#23 0.751       "sha256": "abb8cb2da9e57b7dde099903af80a81c037e7470457f50c1862e0570143cff51"
#23 0.751     },
#23 0.751     "test-deps/pygments/formatters/terminal256.py": {
#23 0.751       "image_files": [
#23 0.751         {
#23 0.751           "path": "/opt/c3-test-deps/pygments/formatters/terminal256.py",
#23 0.751           "sha256": "95010cc07c0b4411695a264c3e72476ee9b0a0a1c14a80a5f0722fb85feb1811"
#23 0.751         }
#23 0.751       ],
#23 0.751       "sha256": "95010cc07c0b4411695a264c3e72476ee9b0a0a1c14a80a5f0722fb85feb1811"
#23 0.751     },
#23 0.751     "test-deps/pygments/lexer.py": {
#23 0.751       "image_files": [
#23 0.751         {
#23 0.751           "path": "/opt/c3-test-deps/pygments/lexer.py",
#23 0.751           "sha256": "2037632e5c3bbf18c6c12a14dc38815e0584b16b2e81e7b765c04af1b3e1b738"
#23 0.751         }
#23 0.751       ],
#23 0.751       "sha256": "2037632e5c3bbf18c6c12a14dc38815e0584b16b2e81e7b765c04af1b3e1b738"
#23 0.751     },
#23 0.751     "test-deps/pygments/lexers/__init__.py": {
#23 0.751       "image_files": [
#23 0.751         {
#23 0.751           "path": "/opt/c3-test-deps/pygments/lexers/__init__.py",
#23 0.751           "sha256": "1b876da84e5030402aa1a683d6bc126597aea8a84cc92e2eb65333d6cce4ad38"
#23 0.751         }
#23 0.751       ],
#23 0.751       "sha256": "1b876da84e5030402aa1a683d6bc126597aea8a84cc92e2eb65333d6cce4ad38"
#23 0.751     },
#23 0.751     "test-deps/pygments/lexers/_ada_builtins.py": {
#23 0.751       "image_files": [
#23 0.751         {
#23 0.751           "path": "/opt/c3-test-deps/pygments/lexers/_ada_builtins.py",
#23 0.751           "sha256": "7596fe96876c48ce8be5e98b9602e0fab0a59b61ee9af9c72bbd827ad9d245d0"
#23 0.751         }
#23 0.751       ],
#23 0.751       "sha256": "7596fe96876c48ce8be5e98b9602e0fab0a59b61ee9af9c72bbd827ad9d245d0"
#23 0.751     },
#23 0.751     "test-deps/pygments/lexers/_asy_builtins.py": {
#23 0.751       "image_files": [
#23 0.751         {
#23 0.751           "path": "/opt/c3-test-deps/pygments/lexers/_asy_builtins.py",
#23 0.751           "sha256": "ce0e787c6860cd65d0524ebea99e8e5b91932fd7783ab9c1f12250923ac3d31b"
#23 0.751         }
#23 0.751       ],
#23 0.751       "sha256": "ce0e787c6860cd65d0524ebea99e8e5b91932fd7783ab9c1f12250923ac3d31b"
#23 0.751     },
#23 0.751     "test-deps/pygments/lexers/_cl_builtins.py": {
#23 0.751       "image_files": [
#23 0.751         {
#23 0.751           "path": "/opt/c3-test-deps/pygments/lexers/_cl_builtins.py",
#23 0.751           "sha256": "a01174d19909c83d782e462e47ad371031483328ad9337b5d9a4fb5330d82d8b"
#23 0.751         }
#23 0.751       ],
#23 0.751       "sha256": "a01174d19909c83d782e462e47ad371031483328ad9337b5d9a4fb5330d82d8b"
#23 0.751     },
#23 0.751     "test-deps/pygments/lexers/_cocoa_builtins.py": {
#23 0.751       "image_files": [
#23 0.751         {
#23 0.751           "path": "/opt/c3-test-deps/pygments/lexers/_cocoa_builtins.py",
#23 0.751           "sha256": "69beacabe8b2e4b6a913570d63297c3c95cb83a108357c7e94c45bc0445d298b"
#23 0.751         }
#23 0.751       ],
#23 0.751       "sha256": "69beacabe8b2e4b6a913570d63297c3c95cb83a108357c7e94c45bc0445d298b"
#23 0.751     },
#23 0.751     "test-deps/pygments/lexers/_csound_builtins.py": {
#23 0.751       "image_files": [
#23 0.751         {
#23 0.751           "path": "/opt/c3-test-deps/pygments/lexers/_csound_builtins.py",
#23 0.751           "sha256": "c2e5a2423984321695bec57c6ff79fb1e6e053460a228302d040a939abd30883"
#23 0.751         }
#23 0.751       ],
#23 0.751       "sha256": "c2e5a2423984321695bec57c6ff79fb1e6e053460a228302d040a939abd30883"
#23 0.751     },
#23 0.751     "test-deps/pygments/lexers/_css_builtins.py": {
#23 0.751       "image_files": [
#23 0.751         {
#23 0.751           "path": "/opt/c3-test-deps/pygments/lexers/_css_builtins.py",
#23 0.751           "sha256": "aa1982e2d4461b9df3bf3310135aa7efde0bbdb54e0d1b5569cc5608fde42240"
#23 0.751         }
#23 0.751       ],
#23 0.751       "sha256": "aa1982e2d4461b9df3bf3310135aa7efde0bbdb54e0d1b5569cc5608fde42240"
#23 0.751     },
#23 0.751     "test-deps/pygments/lexers/_googlesql_builtins.py": {
#23 0.751       "image_files": [
#23 0.751         {
#23 0.751           "path": "/opt/c3-test-deps/pygments/lexers/_googlesql_builtins.py",
#23 0.751           "sha256": "9867ce1ae28a8d9a071c0019aba1e973af31d2a2b2731f925ffc060d27123982"
#23 0.751         }
#23 0.751       ],
#23 0.751       "sha256": "9867ce1ae28a8d9a071c0019aba1e973af31d2a2b2731f925ffc060d27123982"
#23 0.751     },
#23 0.751     "test-deps/pygments/lexers/_julia_builtins.py": {
#23 0.751       "image_files": [
#23 0.751         {
#23 0.751           "path": "/opt/c3-test-deps/pygments/lexers/_julia_builtins.py",
#23 0.751           "sha256": "bbabf4c80cd98ea504363888439a8c7dcb28d6bffa111a866e3dda1f0167caa0"
#23 0.751         }
#23 0.751       ],
#23 0.751       "sha256": "bbabf4c80cd98ea504363888439a8c7dcb28d6bffa111a866e3dda1f0167caa0"
#23 0.751     },
#23 0.751     "test-deps/pygments/lexers/_lasso_builtins.py": {
#23 0.751       "image_files": [
#23 0.751         {
#23 0.751           "path": "/opt/c3-test-deps/pygments/lexers/_lasso_builtins.py",
#23 0.751           "sha256": "60efdcfdfd39668c6ca47c42477a16402a5985b00953304906156ebb04e3af97"
#23 0.751         }
#23 0.751       ],
#23 0.751       "sha256": "60efdcfdfd39668c6ca47c42477a16402a5985b00953304906156ebb04e3af97"
#23 0.751     },
#23 0.751     "test-deps/pygments/lexers/_lilypond_builtins.py": {
#23 0.751       "image_files": [
#23 0.751         {
#23 0.751           "path": "/opt/c3-test-deps/pygments/lexers/_lilypond_builtins.py",
#23 0.751           "sha256": "fbfe22e20a600e07051ef6993092f6b35ac8f5d48d636642eaf3baba5ec79a5d"
#23 0.751         }
#23 0.751       ],
#23 0.751       "sha256": "fbfe22e20a600e07051ef6993092f6b35ac8f5d48d636642eaf3baba5ec79a5d"
#23 0.751     },
#23 0.751     "test-deps/pygments/lexers/_lua_builtins.py": {
#23 0.751       "image_files": [
#23 0.751         {
#23 0.751           "path": "/opt/c3-test-deps/pygments/lexers/_lua_builtins.py",
#23 0.751           "sha256": "f8e5ac47584eeb4b9611ef87c9616d3cda086cf3a9b16ce35cd7cac067325e44"
#23 0.751         }
#23 0.751       ],
#23 0.751       "sha256": "f8e5ac47584eeb4b9611ef87c9616d3cda086cf3a9b16ce35cd7cac067325e44"
#23 0.751     },
#23 0.751     "test-deps/pygments/lexers/_luau_builtins.py": {
#23 0.751       "image_files": [
#23 0.751         {
#23 0.751           "path": "/opt/c3-test-deps/pygments/lexers/_luau_builtins.py",
#23 0.751           "sha256": "60b523d9b719d026f448190894d5d61c518350592975d389c7eba4ad9c7570c7"
#23 0.751         }
#23 0.751       ],
#23 0.751       "sha256": "60b523d9b719d026f448190894d5d61c518350592975d389c7eba4ad9c7570c7"
#23 0.751     },
#23 0.751     "test-deps/pygments/lexers/_mapping.py": {
#23 0.751       "image_files": [
#23 0.751         {
#23 0.751           "path": "/opt/c3-test-deps/pygments/lexers/_mapping.py",
#23 0.751           "sha256": "fd7e1ac14a895e47591c7a911460ebbe2a47caed81159ea292776c08a122b4fa"
#23 0.751         }
#23 0.751       ],
#23 0.751       "sha256": "fd7e1ac14a895e47591c7a911460ebbe2a47caed81159ea292776c08a122b4fa"
#23 0.751     },
#23 0.751     "test-deps/pygments/lexers/_mql_builtins.py": {
#23 0.751       "image_files": [
#23 0.751         {
#23 0.751           "path": "/opt/c3-test-deps/pygments/lexers/_mql_builtins.py",
#23 0.751           "sha256": "0a472f3321d8878539ac6815e808128714674cebf4b66a846ce8957696852eab"
#23 0.751         }
#23 0.751       ],
#23 0.751       "sha256": "0a472f3321d8878539ac6815e808128714674cebf4b66a846ce8957696852eab"
#23 0.751     },
#23 0.751     "test-deps/pygments/lexers/_mysql_builtins.py": {
#23 0.751       "image_files": [
#23 0.751         {
#23 0.751           "path": "/opt/c3-test-deps/pygments/lexers/_mysql_builtins.py",
#23 0.751           "sha256": "4aa895615562aed9cde254a0b5f7913f1b55a5cba68d4bef52af67f0939bb90e"
#23 0.751         }
#23 0.751       ],
#23 0.751       "sha256": "4aa895615562aed9cde254a0b5f7913f1b55a5cba68d4bef52af67f0939bb90e"
#23 0.751     },
#23 0.751     "test-deps/pygments/lexers/_openedge_builtins.py": {
#23 0.751       "image_files": [
#23 0.751         {
#23 0.751           "path": "/opt/c3-test-deps/pygments/lexers/_openedge_builtins.py",
#23 0.751           "sha256": "033175a3a78090c73abe7be6795a8d9d46545628f36cd6248f3ad476d0907b73"
#23 0.751         }
#23 0.751       ],
#23 0.751       "sha256": "033175a3a78090c73abe7be6795a8d9d46545628f36cd6248f3ad476d0907b73"
#23 0.751     },
#23 0.751     "test-deps/pygments/lexers/_php_builtins.py": {
#23 0.751       "image_files": [
#23 0.751         {
#23 0.751           "path": "/opt/c3-test-deps/pygments/lexers/_php_builtins.py",
#23 0.751           "sha256": "f60f962d3dea6d21a8950241ff83d2e855bfafb1d55c15af239396c4ab5bc289"
#23 0.751         }
#23 0.751       ],
#23 0.751       "sha256": "f60f962d3dea6d21a8950241ff83d2e855bfafb1d55c15af239396c4ab5bc289"
#23 0.751     },
#23 0.751     "test-deps/pygments/lexers/_postgres_builtins.py": {
#23 0.751       "image_files": [
#23 0.751         {
#23 0.751           "path": "/opt/c3-test-deps/pygments/lexers/_postgres_builtins.py",
#23 0.751           "sha256": "4068369814d3860bf82dd5e3166e70aca68a9c253d0ee6e6262ea55c1ef2d8c8"
#23 0.751         }
#23 0.751       ],
#23 0.751       "sha256": "4068369814d3860bf82dd5e3166e70aca68a9c253d0ee6e6262ea55c1ef2d8c8"
#23 0.751     },
#23 0.751     "test-deps/pygments/lexers/_qlik_builtins.py": {
#23 0.751       "image_files": [
#23 0.751         {
#23 0.751           "path": "/opt/c3-test-deps/pygments/lexers/_qlik_builtins.py",
#23 0.751           "sha256": "dd99024838edc52c570c8f5eae28164cb49472dfdaa7f5b42ea7d98c578a4182"
#23 0.751         }
#23 0.751       ],
#23 0.751       "sha256": "dd99024838edc52c570c8f5eae28164cb49472dfdaa7f5b42ea7d98c578a4182"
#23 0.751     },
#23 0.751     "test-deps/pygments/lexers/_scheme_builtins.py": {
#23 0.751       "image_files": [
#23 0.751         {
#23 0.751           "path": "/opt/c3-test-deps/pygments/lexers/_scheme_builtins.py",
#23 0.751           "sha256": "3b7051b6de6cb931126d9fdb491790e83d2bd06fd2abf8b8c0271491d52b752d"
#23 0.751         }
#23 0.751       ],
#23 0.751       "sha256": "3b7051b6de6cb931126d9fdb491790e83d2bd06fd2abf8b8c0271491d52b752d"
#23 0.751     },
#23 0.751     "test-deps/pygments/lexers/_scilab_builtins.py": {
#23 0.751       "image_files": [
#23 0.751         {
#23 0.751           "path": "/opt/c3-test-deps/pygments/lexers/_scilab_builtins.py",
#23 0.751           "sha256": "137dd1d2692735cfb9799f5482eeeeec0bffbd4c40690a0c4ed771dcc71ecb15"
#23 0.751         }
#23 0.751       ],
#23 0.751       "sha256": "137dd1d2692735cfb9799f5482eeeeec0bffbd4c40690a0c4ed771dcc71ecb15"
#23 0.751     },
#23 0.751     "test-deps/pygments/lexers/_sourcemod_builtins.py": {
#23 0.751       "image_files": [
#23 0.751         {
#23 0.751           "path": "/opt/c3-test-deps/pygments/lexers/_sourcemod_builtins.py",
#23 0.751           "sha256": "f2ab292f108bb1f37d27b37449665136cd00faa24e20644100968d31e59a3814"
#23 0.751         }
#23 0.751       ],
#23 0.751       "sha256": "f2ab292f108bb1f37d27b37449665136cd00faa24e20644100968d31e59a3814"
#23 0.751     },
#23 0.751     "test-deps/pygments/lexers/_sql_builtins.py": {
#23 0.751       "image_files": [
#23 0.751         {
#23 0.751           "path": "/opt/c3-test-deps/pygments/lexers/_sql_builtins.py",
#23 0.751           "sha256": "7cba61a2707ac2fe8e8adf336a7262131811a0bbd9a055b897d94d1fe3d362fc"
#23 0.751         }
#23 0.751       ],
#23 0.751       "sha256": "7cba61a2707ac2fe8e8adf336a7262131811a0bbd9a055b897d94d1fe3d362fc"
#23 0.751     },
#23 0.751     "test-deps/pygments/lexers/_stan_builtins.py": {
#23 0.751       "image_files": [
#23 0.751         {
#23 0.751           "path": "/opt/c3-test-deps/pygments/lexers/_stan_builtins.py",
#23 0.751           "sha256": "b08a0e360e138cb90637b01bd2d641d4733bb50d3bd7f676738d67f655d9974e"
#23 0.751         }
#23 0.751       ],
#23 0.751       "sha256": "b08a0e360e138cb90637b01bd2d641d4733bb50d3bd7f676738d67f655d9974e"
#23 0.751     },
#23 0.751     "test-deps/pygments/lexers/_stata_builtins.py": {
#23 0.751       "image_files": [
#23 0.751         {
#23 0.751           "path": "/opt/c3-test-deps/pygments/lexers/_stata_builtins.py",
#23 0.751           "sha256": "ca687c1b111c6ba7920a01e7aac2eab22f4eadf46a627b793bcc817a29c9ec31"
#23 0.751         }
#23 0.751       ],
#23 0.751       "sha256": "ca687c1b111c6ba7920a01e7aac2eab22f4eadf46a627b793bcc817a29c9ec31"
#23 0.751     },
#23 0.751     "test-deps/pygments/lexers/_tsql_builtins.py": {
#23 0.751       "image_files": [
#23 0.751         {
#23 0.751           "path": "/opt/c3-test-deps/pygments/lexers/_tsql_builtins.py",
#23 0.751           "sha256": "330e949cc0728eed14f8e0604fc69fdc0e2eb5fad2d344e7e650e76b106d8fd7"
#23 0.751         }
#23 0.751       ],
#23 0.751       "sha256": "330e949cc0728eed14f8e0604fc69fdc0e2eb5fad2d344e7e650e76b106d8fd7"
#23 0.751     },
#23 0.751     "test-deps/pygments/lexers/_usd_builtins.py": {
#23 0.751       "image_files": [
#23 0.751         {
#23 0.751           "path": "/opt/c3-test-deps/pygments/lexers/_usd_builtins.py",
#23 0.751           "sha256": "486a7f78f7f656e92dac5579f6ae9d7f8993cb1655ec0658b344c91525a80402"
#23 0.751         }
#23 0.751       ],
#23 0.751       "sha256": "486a7f78f7f656e92dac5579f6ae9d7f8993cb1655ec0658b344c91525a80402"
#23 0.751     },
#23 0.751     "test-deps/pygments/lexers/_vbscript_builtins.py": {
#23 0.751       "image_files": [
#23 0.751         {
#23 0.751           "path": "/opt/c3-test-deps/pygments/lexers/_vbscript_builtins.py",
#23 0.751           "sha256": "4c5b72735d72be90ff3a536bac56dc08e26851891632adc47871c2a70ff324d7"
#23 0.751         }
#23 0.751       ],
#23 0.751       "sha256": "4c5b72735d72be90ff3a536bac56dc08e26851891632adc47871c2a70ff324d7"
#23 0.751     },
#23 0.751     "test-deps/pygments/lexers/_vim_builtins.py": {
#23 0.751       "image_files": [
#23 0.751         {
#23 0.751           "path": "/opt/c3-test-deps/pygments/lexers/_vim_builtins.py",
#23 0.751           "sha256": "fbfc065a71f61eee0d36d19ab32cdbc55e9c1b8fcb3b7fb2d0bae7eec7a20bb1"
#23 0.751         }
#23 0.751       ],
#23 0.751       "sha256": "fbfc065a71f61eee0d36d19ab32cdbc55e9c1b8fcb3b7fb2d0bae7eec7a20bb1"
#23 0.751     },
#23 0.751     "test-deps/pygments/lexers/actionscript.py": {
#23 0.751       "image_files": [
#23 0.751         {
#23 0.751           "path": "/opt/c3-test-deps/pygments/lexers/actionscript.py",
#23 0.751           "sha256": "2eb320bbbe7dec1e7e0b4832d169552e41e7db6b1105b93afe05170e120dc1c0"
#23 0.751         }
#23 0.751       ],
#23 0.751       "sha256": "2eb320bbbe7dec1e7e0b4832d169552e41e7db6b1105b93afe05170e120dc1c0"
#23 0.751     },
#23 0.751     "test-deps/pygments/lexers/ada.py": {
#23 0.751       "image_files": [
#23 0.751         {
#23 0.751           "path": "/opt/c3-test-deps/pygments/lexers/ada.py",
#23 0.751           "sha256": "056a10d82a56048e536f037e54609dd253ec2ee226617295b42535b4366b0336"
#23 0.751         }
#23 0.751       ],
#23 0.751       "sha256": "056a10d82a56048e536f037e54609dd253ec2ee226617295b42535b4366b0336"
#23 0.751     },
#23 0.751     "test-deps/pygments/lexers/agile.py": {
#23 0.751       "image_files": [
#23 0.751         {
#23 0.751           "path": "/opt/c3-test-deps/pygments/lexers/agile.py",
#23 0.751           "sha256": "0eefaf8e719910f1ee138d17c5330ef972ede7aa5870868a200c48c1c607147d"
#23 0.751         }
#23 0.751       ],
#23 0.751       "sha256": "0eefaf8e719910f1ee138d17c5330ef972ede7aa5870868a200c48c1c607147d"
#23 0.751     },
#23 0.751     "test-deps/pygments/lexers/algebra.py": {
#23 0.751       "image_files": [
#23 0.751         {
#23 0.751           "path": "/opt/c3-test-deps/pygments/lexers/algebra.py",
#23 0.751           "sha256": "0e95500a7ba271e4c6c9f5d136f59d97ee2ceb89fad12dbcfaaa3e7c8328a63b"
#23 0.751         }
#23 0.751       ],
#23 0.751       "sha256": "0e95500a7ba271e4c6c9f5d136f59d97ee2ceb89fad12dbcfaaa3e7c8328a63b"
#23 0.751     },
#23 0.751     "test-deps/pygments/lexers/ambient.py": {
#23 0.751       "image_files": [
#23 0.751         {
#23 0.751           "path": "/opt/c3-test-deps/pygments/lexers/ambient.py",
#23 0.751           "sha256": "f0d93c597e2aac877dce3ff3823241b854f8d324171b6397c45861177474d20f"
#23 0.751         }
#23 0.751       ],
#23 0.751       "sha256": "f0d93c597e2aac877dce3ff3823241b854f8d324171b6397c45861177474d20f"
#23 0.751     },
#23 0.751     "test-deps/pygments/lexers/amdgpu.py": {
#23 0.751       "image_files": [
#23 0.751         {
#23 0.751           "path": "/opt/c3-test-deps/pygments/lexers/amdgpu.py",
#23 0.751           "sha256": "1a4563c28e78003b60a7258ef442e7c38600a14ed467db2c47751c86743d82a5"
#23 0.751         }
#23 0.751       ],
#23 0.751       "sha256": "1a4563c28e78003b60a7258ef442e7c38600a14ed467db2c47751c86743d82a5"
#23 0.751     },
#23 0.751     "test-deps/pygments/lexers/ampl.py": {
#23 0.751       "image_files": [
#23 0.751         {
#23 0.751           "path": "/opt/c3-test-deps/pygments/lexers/ampl.py",
#23 0.751           "sha256": "4e4aa4695c887db350a50043cdd4dbab480e6efd201896191eee4852fc42e1e5"
#23 0.751         }
#23 0.751       ],
#23 0.751       "sha256": "4e4aa4695c887db350a50043cdd4dbab480e6efd201896191eee4852fc42e1e5"
#23 0.751     },
#23 0.751     "test-deps/pygments/lexers/apdlexer.py": {
#23 0.751       "image_files": [
#23 0.751         {
#23 0.751           "path": "/opt/c3-test-deps/pygments/lexers/apdlexer.py",
#23 0.751           "sha256": "a6e4a92c159ebdc89273c1b4c20d98ff2408a0682a3deb345019291489aabcee"
#23 0.751         }
#23 0.751       ],
#23 0.751       "sha256": "a6e4a92c159ebdc89273c1b4c20d98ff2408a0682a3deb345019291489aabcee"
#23 0.751     },
#23 0.751     "test-deps/pygments/lexers/apl.py": {
#23 0.751       "image_files": [
#23 0.751         {
#23 0.751           "path": "/opt/c3-test-deps/pygments/lexers/apl.py",
#23 0.751           "sha256": "fa384f62c0554f87242fb0999ae90864d8bab5f68925b064dafbad95ddfbdabb"
#23 0.751         }
#23 0.751       ],
#23 0.751       "sha256": "fa384f62c0554f87242fb0999ae90864d8bab5f68925b064dafbad95ddfbdabb"
#23 0.751     },
#23 0.751     "test-deps/pygments/lexers/archetype.py": {
#23 0.751       "image_files": [
#23 0.751         {
#23 0.751           "path": "/opt/c3-test-deps/pygments/lexers/archetype.py",
#23 0.751           "sha256": "6ee847d961edc41a30cbf283e523e6e6f807a662e828c755f6d80cb3f6c4e315"
#23 0.751         }
#23 0.751       ],
#23 0.751       "sha256": "6ee847d961edc41a30cbf283e523e6e6f807a662e828c755f6d80cb3f6c4e315"
#23 0.751     },
#23 0.751     "test-deps/pygments/lexers/arrow.py": {
#23 0.751       "image_files": [
#23 0.751         {
#23 0.751           "path": "/opt/c3-test-deps/pygments/lexers/arrow.py",
#23 0.751           "sha256": "7ba99bdc8c788cbed3306354a64f2245b272fd517b558d89d155249e5a3512f0"
#23 0.751         }
#23 0.751       ],
#23 0.751       "sha256": "7ba99bdc8c788cbed3306354a64f2245b272fd517b558d89d155249e5a3512f0"
#23 0.751     },
#23 0.751     "test-deps/pygments/lexers/arturo.py": {
#23 0.751       "image_files": [
#23 0.751         {
#23 0.751           "path": "/opt/c3-test-deps/pygments/lexers/arturo.py",
#23 0.751           "sha256": "1a492539a8842533b3f04d3377177f85dd735f0bfb958829f08265eee875de18"
#23 0.751         }
#23 0.751       ],
#23 0.751       "sha256": "1a492539a8842533b3f04d3377177f85dd735f0bfb958829f08265eee875de18"
#23 0.751     },
#23 0.751     "test-deps/pygments/lexers/asc.py": {
#23 0.751       "image_files": [
#23 0.751         {
#23 0.751           "path": "/opt/c3-test-deps/pygments/lexers/asc.py",
#23 0.751           "sha256": "0af1528bb1580d6e9ebbee6888a19cd0c377685d575590e8148e7ede61e90439"
#23 0.751         }
#23 0.751       ],
#23 0.751       "sha256": "0af1528bb1580d6e9ebbee6888a19cd0c377685d575590e8148e7ede61e90439"
#23 0.751     },
#23 0.751     "test-deps/pygments/lexers/asm.py": {
#23 0.751       "image_files": [
#23 0.751         {
#23 0.751           "path": "/opt/c3-test-deps/pygments/lexers/asm.py",
#23 0.751           "sha256": "712dde10cc8fe9a7df189feee9391b74530893ca9b547c088f402420dce2405f"
#23 0.751         }
#23 0.751       ],
#23 0.751       "sha256": "712dde10cc8fe9a7df189feee9391b74530893ca9b547c088f402420dce2405f"
#23 0.751     },
#23 0.751     "test-deps/pygments/lexers/asn1.py": {
#23 0.751       "image_files": [
#23 0.751         {
#23 0.751           "path": "/opt/c3-test-deps/pygments/lexers/asn1.py",
#23 0.751           "sha256": "30b6a439e04591d84a2abe36787173a27a46213109c51fc6a1df2faa358fbdae"
#23 0.751         }
#23 0.751       ],
#23 0.751       "sha256": "30b6a439e04591d84a2abe36787173a27a46213109c51fc6a1df2faa358fbdae"
#23 0.751     },
#23 0.751     "test-deps/pygments/lexers/automation.py": {
#23 0.751       "image_files": [
#23 0.751         {
#23 0.751           "path": "/opt/c3-test-deps/pygments/lexers/automation.py",
#23 0.751           "sha256": "a479d5df2510856d04fa271b7b13320d4288f2f68af32ed11c45b5821214d43c"
#23 0.751         }
#23 0.751       ],
#23 0.751       "sha256": "a479d5df2510856d04fa271b7b13320d4288f2f68af32ed11c45b5821214d43c"
#23 0.751     },
#23 0.751     "test-deps/pygments/lexers/bare.py": {
#23 0.751       "image_files": [
#23 0.751         {
#23 0.751           "path": "/opt/c3-test-deps/pygments/lexers/bare.py",
#23 0.751           "sha256": "01da8bf59db49ddd1b84d19689e94b8401de8fa57cffc9b539652408ead2071f"
#23 0.751         }
#23 0.751       ],
#23 0.751       "sha256": "01da8bf59db49ddd1b84d19689e94b8401de8fa57cffc9b539652408ead2071f"
#23 0.751     },
#23 0.751     "test-deps/pygments/lexers/basic.py": {
#23 0.751       "image_files": [
#23 0.751         {
#23 0.751           "path": "/opt/c3-test-deps/pygments/lexers/basic.py",
#23 0.751           "sha256": "528343c4815600eb4751bfdbf9b73c7ca457cbefbddf99af3b79e46e40ab600e"
#23 0.751         }
#23 0.751       ],
#23 0.751       "sha256": "528343c4815600eb4751bfdbf9b73c7ca457cbefbddf99af3b79e46e40ab600e"
#23 0.751     },
#23 0.751     "test-deps/pygments/lexers/bdd.py": {
#23 0.751       "image_files": [
#23 0.751         {
#23 0.751           "path": "/opt/c3-test-deps/pygments/lexers/bdd.py",
#23 0.751           "sha256": "29eb8ecd704b251c71336815eda32e62c755fda2451f206e17ca6d0695b10f93"
#23 0.751         }
#23 0.751       ],
#23 0.751       "sha256": "29eb8ecd704b251c71336815eda32e62c755fda2451f206e17ca6d0695b10f93"
#23 0.751     },
#23 0.751     "test-deps/pygments/lexers/berry.py": {
#23 0.751       "image_files": [
#23 0.751         {
#23 0.751           "path": "/opt/c3-test-deps/pygments/lexers/berry.py",
#23 0.751           "sha256": "4c70735b6d7a5b1c59fffe6bedadfa2efed4b8621e76534686c37da19ef46545"
#23 0.751         }
#23 0.751       ],
#23 0.751       "sha256": "4c70735b6d7a5b1c59fffe6bedadfa2efed4b8621e76534686c37da19ef46545"
#23 0.751     },
#23 0.751     "test-deps/pygments/lexers/bibtex.py": {
#23 0.751       "image_files": [
#23 0.751         {
#23 0.751           "path": "/opt/c3-test-deps/pygments/lexers/bibtex.py",
#23 0.751           "sha256": "b207c5a97c8dc82c5138721ef02d20adeebdaf36c00c02e7a43b536aa1df49ab"
#23 0.751         }
#23 0.751       ],
#23 0.751       "sha256": "b207c5a97c8dc82c5138721ef02d20adeebdaf36c00c02e7a43b536aa1df49ab"
#23 0.751     },
#23 0.751     "test-deps/pygments/lexers/bitbake.py": {
#23 0.751       "image_files": [
#23 0.751         {
#23 0.751           "path": "/opt/c3-test-deps/pygments/lexers/bitbake.py",
#23 0.751           "sha256": "cf0a8af5cb612678a8f23c6a9542543ede4ee5dfc8e01c9df5dc24f79d257dd7"
#23 0.751         }
#23 0.751       ],
#23 0.751       "sha256": "cf0a8af5cb612678a8f23c6a9542543ede4ee5dfc8e01c9df5dc24f79d257dd7"
#23 0.751     },
#23 0.751     "test-deps/pygments/lexers/blueprint.py": {
#23 0.751       "image_files": [
#23 0.751         {
#23 0.751           "path": "/opt/c3-test-deps/pygments/lexers/blueprint.py",
#23 0.751           "sha256": "756f8be5b148896c513c36ac85e7b610e6265c8447770b82675cb788df9aebfd"
#23 0.751         }
#23 0.751       ],
#23 0.751       "sha256": "756f8be5b148896c513c36ac85e7b610e6265c8447770b82675cb788df9aebfd"
#23 0.751     },
#23 0.751     "test-deps/pygments/lexers/boa.py": {
#23 0.751       "image_files": [
#23 0.751         {
#23 0.751           "path": "/opt/c3-test-deps/pygments/lexers/boa.py",
#23 0.751           "sha256": "56a605d5883f5dd0c0e6d2bf122ba8d6bafb79d881b0a513a41eb1cdafc1e5de"
#23 0.751         }
#23 0.751       ],
#23 0.751       "sha256": "56a605d5883f5dd0c0e6d2bf122ba8d6bafb79d881b0a513a41eb1cdafc1e5de"
#23 0.751     },
#23 0.751     "test-deps/pygments/lexers/bqn.py": {
#23 0.751       "image_files": [
#23 0.751         {
#23 0.751           "path": "/opt/c3-test-deps/pygments/lexers/bqn.py",
#23 0.751           "sha256": "b1ee16d973ec3624f7eb3d009bd5f9178c8d2eb42f308e57f26898e91f5210cf"
#23 0.751         }
#23 0.751       ],
#23 0.751       "sha256": "b1ee16d973ec3624f7eb3d009bd5f9178c8d2eb42f308e57f26898e91f5210cf"
#23 0.751     },
#23 0.751     "test-deps/pygments/lexers/business.py": {
#23 0.751       "image_files": [
#23 0.751         {
#23 0.751           "path": "/opt/c3-test-deps/pygments/lexers/business.py",
#23 0.751           "sha256": "62a3300d5ed2c05eba5bbba0d0eeac8dab5f524ec606344b17d996300ae8cc3f"
#23 0.751         }
#23 0.751       ],
#23 0.751       "sha256": "62a3300d5ed2c05eba5bbba0d0eeac8dab5f524ec606344b17d996300ae8cc3f"
#23 0.751     },
#23 0.751     "test-deps/pygments/lexers/c_cpp.py": {
#23 0.751       "image_files": [
#23 0.751         {
#23 0.751           "path": "/opt/c3-test-deps/pygments/lexers/c_cpp.py",
#23 0.751           "sha256": "1f0609a8b90202179dc8c2a7accf3134455961335aef207e9778dbb7daa9050d"
#23 0.751         }
#23 0.751       ],
#23 0.751       "sha256": "1f0609a8b90202179dc8c2a7accf3134455961335aef207e9778dbb7daa9050d"
#23 0.751     },
#23 0.751     "test-deps/pygments/lexers/c_like.py": {
#23 0.751       "image_files": [
#23 0.751         {
#23 0.751           "path": "/opt/c3-test-deps/pygments/lexers/c_like.py",
#23 0.751           "sha256": "b88d49ff14bbb32edb8c6a7f47957b6602c92255bb366f33489e06a5884d864b"
#23 0.751         }
#23 0.751       ],
#23 0.751       "sha256": "b88d49ff14bbb32edb8c6a7f47957b6602c92255bb366f33489e06a5884d864b"
#23 0.751     },
#23 0.751     "test-deps/pygments/lexers/capnproto.py": {
#23 0.751       "image_files": [
#23 0.751         {
#23 0.751           "path": "/opt/c3-test-deps/pygments/lexers/capnproto.py",
#23 0.751           "sha256": "91cdeb4fde4691e426ad6d4b78fe473156fb364f2ca97916e8e26491620761b0"
#23 0.751         }
#23 0.751       ],
#23 0.751       "sha256": "91cdeb4fde4691e426ad6d4b78fe473156fb364f2ca97916e8e26491620761b0"
#23 0.751     },
#23 0.751     "test-deps/pygments/lexers/carbon.py": {
#23 0.751       "image_files": [
#23 0.751         {
#23 0.751           "path": "/opt/c3-test-deps/pygments/lexers/carbon.py",
#23 0.751           "sha256": "fccfb461ba1f8d932b2486a25caa13eb0a64777ffa7c5abe39d499ed5f7ad48e"
#23 0.751         }
#23 0.751       ],
#23 0.751       "sha256": "fccfb461ba1f8d932b2486a25caa13eb0a64777ffa7c5abe39d499ed5f7ad48e"
#23 0.751     },
#23 0.751     "test-deps/pygments/lexers/cddl.py": {
#23 0.751       "image_files": [
#23 0.751         {
#23 0.751           "path": "/opt/c3-test-deps/pygments/lexers/cddl.py",
#23 0.751           "sha256": "ed6ae2daadb229ec56a34083eecd9cec0a0200c6ebc32104e9ffe0cf907ac756"
#23 0.751         }
#23 0.751       ],
#23 0.751       "sha256": "ed6ae2daadb229ec56a34083eecd9cec0a0200c6ebc32104e9ffe0cf907ac756"
#23 0.751     },
#23 0.751     "test-deps/pygments/lexers/cel.py": {
#23 0.751       "image_files": [
#23 0.751         {
#23 0.751           "path": "/opt/c3-test-deps/pygments/lexers/cel.py",
#23 0.751           "sha256": "89bb07acc93b69bba2e16a4c1086f6029c254ae81f8f401c35ca1435fadae253"
#23 0.751         }
#23 0.751       ],
#23 0.751       "sha256": "89bb07acc93b69bba2e16a4c1086f6029c254ae81f8f401c35ca1435fadae253"
#23 0.751     },
#23 0.751     "test-deps/pygments/lexers/chapel.py": {
#23 0.751       "image_files": [
#23 0.751         {
#23 0.751           "path": "/opt/c3-test-deps/pygments/lexers/chapel.py",
#23 0.751           "sha256": "857eb63bdd4f7177ba6fd7773a2ee55166029a224d774060428402da98af7c80"
#23 0.751         }
#23 0.751       ],
#23 0.751       "sha256": "857eb63bdd4f7177ba6fd7773a2ee55166029a224d774060428402da98af7c80"
#23 0.751     },
#23 0.751     "test-deps/pygments/lexers/clean.py": {
#23 0.751       "image_files": [
#23 0.751         {
#23 0.751           "path": "/opt/c3-test-deps/pygments/lexers/clean.py",
#23 0.751           "sha256": "fe85774db9aba65dd2d6984f312ea0c8c5b21991a3e96cb4abc69da5fe6fba76"
#23 0.751         }
#23 0.751       ],
#23 0.751       "sha256": "fe85774db9aba65dd2d6984f312ea0c8c5b21991a3e96cb4abc69da5fe6fba76"
#23 0.751     },
#23 0.751     "test-deps/pygments/lexers/codeql.py": {
#23 0.751       "image_files": [
#23 0.751         {
#23 0.751           "path": "/opt/c3-test-deps/pygments/lexers/codeql.py",
#23 0.751           "sha256": "8405f9d6e59e1b9664f498574a73b13cc6b39c53a9697e199d91d9da4aeb3c69"
#23 0.751         }
#23 0.751       ],
#23 0.751       "sha256": "8405f9d6e59e1b9664f498574a73b13cc6b39c53a9697e199d91d9da4aeb3c69"
#23 0.751     },
#23 0.751     "test-deps/pygments/lexers/comal.py": {
#23 0.751       "image_files": [
#23 0.751         {
#23 0.751           "path": "/opt/c3-test-deps/pygments/lexers/comal.py",
#23 0.751           "sha256": "d1f713c95e61dfaccf971a103d65867addb26988b91125e2169c7a11bb2a3f4d"
#23 0.751         }
#23 0.751       ],
#23 0.751       "sha256": "d1f713c95e61dfaccf971a103d65867addb26988b91125e2169c7a11bb2a3f4d"
#23 0.751     },
#23 0.751     "test-deps/pygments/lexers/compiled.py": {
#23 0.751       "image_files": [
#23 0.751         {
#23 0.751           "path": "/opt/c3-test-deps/pygments/lexers/compiled.py",
#23 0.751           "sha256": "3d18a6cbb79bdb078fed7e9b12e933d496922ee4001133b7e0aee66872c66f10"
#23 0.751         }
#23 0.751       ],
#23 0.751       "sha256": "3d18a6cbb79bdb078fed7e9b12e933d496922ee4001133b7e0aee66872c66f10"
#23 0.751     },
#23 0.751     "test-deps/pygments/lexers/configs.py": {
#23 0.751       "image_files": [
#23 0.751         {
#23 0.751           "path": "/opt/c3-test-deps/pygments/lexers/configs.py",
#23 0.751           "sha256": "f5ebf4c88cc7c0cf6b566c873dca88e5a022e4492594ffbcd2f4813904f7af64"
#23 0.751         }
#23 0.751       ],
#23 0.751       "sha256": "f5ebf4c88cc7c0cf6b566c873dca88e5a022e4492594ffbcd2f4813904f7af64"
#23 0.751     },
#23 0.751     "test-deps/pygments/lexers/console.py": {
#23 0.751       "image_files": [
#23 0.751         {
#23 0.751           "path": "/opt/c3-test-deps/pygments/lexers/console.py",
#23 0.751           "sha256": "516849db50690d68f7f75de5d8d7b9362eccfcdc1e52b2d34bc83207d68e9dbb"
#23 0.751         }
#23 0.751       ],
#23 0.751       "sha256": "516849db50690d68f7f75de5d8d7b9362eccfcdc1e52b2d34bc83207d68e9dbb"
#23 0.751     },
#23 0.751     "test-deps/pygments/lexers/cplint.py": {
#23 0.751       "image_files": [
#23 0.751         {
#23 0.751           "path": "/opt/c3-test-deps/pygments/lexers/cplint.py",
#23 0.751           "sha256": "98923fa1fec008f8bfb00d0ad431b3b001f6379e0c5bd845ade8023fdaeedbb3"
#23 0.751         }
#23 0.751       ],
#23 0.751       "sha256": "98923fa1fec008f8bfb00d0ad431b3b001f6379e0c5bd845ade8023fdaeedbb3"
#23 0.751     },
#23 0.751     "test-deps/pygments/lexers/crystal.py": {
#23 0.751       "image_files": [
#23 0.751         {
#23 0.751           "path": "/opt/c3-test-deps/pygments/lexers/crystal.py",
#23 0.751           "sha256": "93c5f2f13a5f18a4cfbec3f55a293120b49c20b0fc897679a9c78b668a6c2d81"
#23 0.751         }
#23 0.751       ],
#23 0.751       "sha256": "93c5f2f13a5f18a4cfbec3f55a293120b49c20b0fc897679a9c78b668a6c2d81"
#23 0.751     },
#23 0.751     "test-deps/pygments/lexers/csound.py": {
#23 0.751       "image_files": [
#23 0.751         {
#23 0.751           "path": "/opt/c3-test-deps/pygments/lexers/csound.py",
#23 0.751           "sha256": "ec5542c6d7065c7f27408a08ec4e6c91c4e8f61a848172de4849cbe6c419ff94"
#23 0.751         }
#23 0.751       ],
#23 0.751       "sha256": "ec5542c6d7065c7f27408a08ec4e6c91c4e8f61a848172de4849cbe6c419ff94"
#23 0.751     },
#23 0.751     "test-deps/pygments/lexers/css.py": {
#23 0.751       "image_files": [
#23 0.751         {
#23 0.751           "path": "/opt/c3-test-deps/pygments/lexers/css.py",
#23 0.751           "sha256": "e808d7f72600c7d919fc12baa8be28c7b6ea82aaa21e9d600b7e3347b874783e"
#23 0.751         }
#23 0.751       ],
#23 0.751       "sha256": "e808d7f72600c7d919fc12baa8be28c7b6ea82aaa21e9d600b7e3347b874783e"
#23 0.751     },
#23 0.751     "test-deps/pygments/lexers/d.py": {
#23 0.751       "image_files": [
#23 0.751         {
#23 0.751           "path": "/opt/c3-test-deps/pygments/lexers/d.py",
#23 0.751           "sha256": "621f3f74f4a527015fd5e15bf36cbe9243f52f3a984a86bc5f6005ce59f4c7ad"
#23 0.751         }
#23 0.751       ],
#23 0.751       "sha256": "621f3f74f4a527015fd5e15bf36cbe9243f52f3a984a86bc5f6005ce59f4c7ad"
#23 0.751     },
#23 0.751     "test-deps/pygments/lexers/dalvik.py": {
#23 0.751       "image_files": [
#23 0.751         {
#23 0.751           "path": "/opt/c3-test-deps/pygments/lexers/dalvik.py",
#23 0.751           "sha256": "d1fe66079cbc834975203da5889ff9a8cd8d8f247f481b3b724b880de35b6e3f"
#23 0.751         }
#23 0.751       ],
#23 0.751       "sha256": "d1fe66079cbc834975203da5889ff9a8cd8d8f247f481b3b724b880de35b6e3f"
#23 0.751     },
#23 0.751     "test-deps/pygments/lexers/data.py": {
#23 0.751       "image_files": [
#23 0.751         {
#23 0.751           "path": "/opt/c3-test-deps/pygments/lexers/data.py",
#23 0.751           "sha256": "70a3b62f0a8e789c630f7fc568c7748f1cb38f37ffb44f4828302511d51a9f72"
#23 0.751         }
#23 0.751       ],
#23 0.751       "sha256": "70a3b62f0a8e789c630f7fc568c7748f1cb38f37ffb44f4828302511d51a9f72"
#23 0.751     },
#23 0.751     "test-deps/pygments/lexers/dax.py": {
#23 0.751       "image_files": [
#23 0.751         {
#23 0.751           "path": "/opt/c3-test-deps/pygments/lexers/dax.py",
#23 0.751           "sha256": "37ee5fc6e9017c5b45093d8b268ca0d5526c7e57561f15ca2d8dd93cb9cfae28"
#23 0.751         }
#23 0.751       ],
#23 0.751       "sha256": "37ee5fc6e9017c5b45093d8b268ca0d5526c7e57561f15ca2d8dd93cb9cfae28"
#23 0.751     },
#23 0.751     "test-deps/pygments/lexers/devicetree.py": {
#23 0.751       "image_files": [
#23 0.751         {
#23 0.751           "path": "/opt/c3-test-deps/pygments/lexers/devicetree.py",
#23 0.751           "sha256": "4e283eb534aba661b36c6c4dda46b830c4e20b7e38ae86aff40e21a1cf68fe4c"
#23 0.751         }
#23 0.751       ],
#23 0.751       "sha256": "4e283eb534aba661b36c6c4dda46b830c4e20b7e38ae86aff40e21a1cf68fe4c"
#23 0.751     },
#23 0.751     "test-deps/pygments/lexers/diff.py": {
#23 0.751       "image_files": [
#23 0.751         {
#23 0.751           "path": "/opt/c3-test-deps/pygments/lexers/diff.py",
#23 0.751           "sha256": "fbadbb966b98a49dae51550cfe8ad51a05c91972011925476e696a7e508479a3"
#23 0.751         }
#23 0.751       ],
#23 0.751       "sha256": "fbadbb966b98a49dae51550cfe8ad51a05c91972011925476e696a7e508479a3"
#23 0.751     },
#23 0.751     "test-deps/pygments/lexers/dns.py": {
#23 0.751       "image_files": [
#23 0.751         {
#23 0.751           "path": "/opt/c3-test-deps/pygments/lexers/dns.py",
#23 0.751           "sha256": "125cd2377204a11b3583a896327cd5215f07d31f56484175c018e6d9ad01cb11"
#23 0.751         }
#23 0.751       ],
#23 0.751       "sha256": "125cd2377204a11b3583a896327cd5215f07d31f56484175c018e6d9ad01cb11"
#23 0.751     },
#23 0.751     "test-deps/pygments/lexers/dotnet.py": {
#23 0.751       "image_files": [
#23 0.751         {
#23 0.751           "path": "/opt/c3-test-deps/pygments/lexers/dotnet.py",
#23 0.751           "sha256": "6f88399cc847b4e53ee627fa7fe25096db492f1dfa5d6a3ed8020dd7a738cb60"
#23 0.751         }
#23 0.751       ],
#23 0.751       "sha256": "6f88399cc847b4e53ee627fa7fe25096db492f1dfa5d6a3ed8020dd7a738cb60"
#23 0.751     },
#23 0.751     "test-deps/pygments/lexers/dsls.py": {
#23 0.751       "image_files": [
#23 0.751         {
#23 0.751           "path": "/opt/c3-test-deps/pygments/lexers/dsls.py",
#23 0.751           "sha256": "b88d5525a61ff79535b309a9c7ab1e1576ee9431ad21a6a7b49e7223cf378888"
#23 0.751         }
#23 0.751       ],
#23 0.751       "sha256": "b88d5525a61ff79535b309a9c7ab1e1576ee9431ad21a6a7b49e7223cf378888"
#23 0.751     },
#23 0.751     "test-deps/pygments/lexers/dylan.py": {
#23 0.751       "image_files": [
#23 0.751         {
#23 0.751           "path": "/opt/c3-test-deps/pygments/lexers/dylan.py",
#23 0.751           "sha256": "7e2f264b29e2e1d9c63f9c7572b13a04a36a2d626ce1d0d676692eafe4db6cd7"
#23 0.751         }
#23 0.751       ],
#23 0.751       "sha256": "7e2f264b29e2e1d9c63f9c7572b13a04a36a2d626ce1d0d676692eafe4db6cd7"
#23 0.751     },
#23 0.751     "test-deps/pygments/lexers/ecl.py": {
#23 0.751       "image_files": [
#23 0.751         {
#23 0.751           "path": "/opt/c3-test-deps/pygments/lexers/ecl.py",
#23 0.751           "sha256": "913fe4533e9199e42690c01aa9ac92e10a1aef2577fdede7cffc44a1afa250a9"
#23 0.751         }
#23 0.751       ],
#23 0.751       "sha256": "913fe4533e9199e42690c01aa9ac92e10a1aef2577fdede7cffc44a1afa250a9"
#23 0.751     },
#23 0.751     "test-deps/pygments/lexers/eiffel.py": {
#23 0.751       "image_files": [
#23 0.751         {
#23 0.751           "path": "/opt/c3-test-deps/pygments/lexers/eiffel.py",
#23 0.751           "sha256": "6d9a3d39633cac897b94987ad1b78bf51bf3ab1a3d91720a29a27c79639c6dfc"
#23 0.751         }
#23 0.751       ],
#23 0.751       "sha256": "6d9a3d39633cac897b94987ad1b78bf51bf3ab1a3d91720a29a27c79639c6dfc"
#23 0.751     },
#23 0.751     "test-deps/pygments/lexers/elm.py": {
#23 0.751       "image_files": [
#23 0.751         {
#23 0.751           "path": "/opt/c3-test-deps/pygments/lexers/elm.py",
#23 0.751           "sha256": "5e3dc795b51312411417085e9b8342ba3c79e6d4364d2eb5fca71fe8108f1c02"
#23 0.751         }
#23 0.751       ],
#23 0.751       "sha256": "5e3dc795b51312411417085e9b8342ba3c79e6d4364d2eb5fca71fe8108f1c02"
#23 0.751     },
#23 0.751     "test-deps/pygments/lexers/elpi.py": {
#23 0.751       "image_files": [
#23 0.751         {
#23 0.751           "path": "/opt/c3-test-deps/pygments/lexers/elpi.py",
#23 0.751           "sha256": "459a805737717c0fc1a819ad3078fc013c397fd7b6e1228bf9078ed7842e2a4e"
#23 0.751         }
#23 0.751       ],
#23 0.751       "sha256": "459a805737717c0fc1a819ad3078fc013c397fd7b6e1228bf9078ed7842e2a4e"
#23 0.751     },
#23 0.751     "test-deps/pygments/lexers/email.py": {
#23 0.751       "image_files": [
#23 0.751         {
#23 0.751           "path": "/opt/c3-test-deps/pygments/lexers/email.py",
#23 0.751           "sha256": "4713ecb47cbd455a42621557eed6664ccc97886e3ddd63681191cce7987eb0d2"
#23 0.751         }
#23 0.751       ],
#23 0.751       "sha256": "4713ecb47cbd455a42621557eed6664ccc97886e3ddd63681191cce7987eb0d2"
#23 0.751     },
#23 0.751     "test-deps/pygments/lexers/erlang.py": {
#23 0.751       "image_files": [
#23 0.751         {
#23 0.751           "path": "/opt/c3-test-deps/pygments/lexers/erlang.py",
#23 0.751           "sha256": "d9a525541545b50751d90212b0378a4ce3e31ab57baf5724c972f5eca268b7d7"
#23 0.751         }
#23 0.751       ],
#23 0.751       "sha256": "d9a525541545b50751d90212b0378a4ce3e31ab57baf5724c972f5eca268b7d7"
#23 0.751     },
#23 0.751     "test-deps/pygments/lexers/esoteric.py": {
#23 0.751       "image_files": [
#23 0.751         {
#23 0.751           "path": "/opt/c3-test-deps/pygments/lexers/esoteric.py",
#23 0.751           "sha256": "b93611efba41a2d6f843d7a05a4dc8390df9fa067bb3e8a82ba9d5d1fade7c91"
#23 0.751         }
#23 0.751       ],
#23 0.751       "sha256": "b93611efba41a2d6f843d7a05a4dc8390df9fa067bb3e8a82ba9d5d1fade7c91"
#23 0.751     },
#23 0.751     "test-deps/pygments/lexers/ezhil.py": {
#23 0.751       "image_files": [
#23 0.751         {
#23 0.751           "path": "/opt/c3-test-deps/pygments/lexers/ezhil.py",
#23 0.751           "sha256": "b5b198b469ea64007c7df9f23dd78c3091ed29827b38072250546b47ff10a573"
#23 0.751         }
#23 0.751       ],
#23 0.751       "sha256": "b5b198b469ea64007c7df9f23dd78c3091ed29827b38072250546b47ff10a573"
#23 0.751     },
#23 0.751     "test-deps/pygments/lexers/factor.py": {
#23 0.751       "image_files": [
#23 0.751         {
#23 0.751           "path": "/opt/c3-test-deps/pygments/lexers/factor.py",
#23 0.751           "sha256": "94ab35b90cd3b4c3c4c7ceeb314ec1c3bf5044aaf3c415a706a4e925ab1936ed"
#23 0.751         }
#23 0.751       ],
#23 0.751       "sha256": "94ab35b90cd3b4c3c4c7ceeb314ec1c3bf5044aaf3c415a706a4e925ab1936ed"
#23 0.751     },
#23 0.751     "test-deps/pygments/lexers/fantom.py": {
#23 0.751       "image_files": [
#23 0.751         {
#23 0.751           "path": "/opt/c3-test-deps/pygments/lexers/fantom.py",
#23 0.751           "sha256": "a4ffc7fdfc5fbb742c8a5f3b1cd1eda79e4d7a253a329fcde0c992572aaee141"
#23 0.751         }
#23 0.751       ],
#23 0.751       "sha256": "a4ffc7fdfc5fbb742c8a5f3b1cd1eda79e4d7a253a329fcde0c992572aaee141"
#23 0.751     },
#23 0.751     "test-deps/pygments/lexers/felix.py": {
#23 0.751       "image_files": [
#23 0.751         {
#23 0.751           "path": "/opt/c3-test-deps/pygments/lexers/felix.py",
#23 0.751           "sha256": "0ef3ceb3f126e9f16d5014026995961d6827bc015e06b0def7b0b2f57c90f29b"
#23 0.751         }
#23 0.751       ],
#23 0.751       "sha256": "0ef3ceb3f126e9f16d5014026995961d6827bc015e06b0def7b0b2f57c90f29b"
#23 0.751     },
#23 0.751     "test-deps/pygments/lexers/fift.py": {
#23 0.751       "image_files": [
#23 0.751         {
#23 0.751           "path": "/opt/c3-test-deps/pygments/lexers/fift.py",
#23 0.751           "sha256": "43d38b262be9e2782a16ca3b00f0af5fce61fa085d6e9f59aa93fc18a1f0b353"
#23 0.751         }
#23 0.751       ],
#23 0.751       "sha256": "43d38b262be9e2782a16ca3b00f0af5fce61fa085d6e9f59aa93fc18a1f0b353"
#23 0.751     },
#23 0.751     "test-deps/pygments/lexers/floscript.py": {
#23 0.751       "image_files": [
#23 0.751         {
#23 0.751           "path": "/opt/c3-test-deps/pygments/lexers/floscript.py",
#23 0.751           "sha256": "68e04a028eb8fb7727be833a4385ef2e78368aecf8eb4f5f21179a6f8b4c132e"
#23 0.751         }
#23 0.751       ],
#23 0.751       "sha256": "68e04a028eb8fb7727be833a4385ef2e78368aecf8eb4f5f21179a6f8b4c132e"
#23 0.751     },
#23 0.751     "test-deps/pygments/lexers/forth.py": {
#23 0.751       "image_files": [
#23 0.751         {
#23 0.751           "path": "/opt/c3-test-deps/pygments/lexers/forth.py",
#23 0.751           "sha256": "e1ed0e09f24670496442b1c89e640cb9cbec23d7658ee3f1e05620dfc7728e7a"
#23 0.751         }
#23 0.751       ],
#23 0.751       "sha256": "e1ed0e09f24670496442b1c89e640cb9cbec23d7658ee3f1e05620dfc7728e7a"
#23 0.751     },
#23 0.751     "test-deps/pygments/lexers/fortran.py": {
#23 0.751       "image_files": [
#23 0.751         {
#23 0.751           "path": "/opt/c3-test-deps/pygments/lexers/fortran.py",
#23 0.751           "sha256": "a2ebce1dd31b8f9ea3e3436b8f6d560917f8acd2a9bb0a61c66b65515b27ce17"
#23 0.751         }
#23 0.751       ],
#23 0.751       "sha256": "a2ebce1dd31b8f9ea3e3436b8f6d560917f8acd2a9bb0a61c66b65515b27ce17"
#23 0.751     },
#23 0.751     "test-deps/pygments/lexers/foxpro.py": {
#23 0.751       "image_files": [
#23 0.751         {
#23 0.751           "path": "/opt/c3-test-deps/pygments/lexers/foxpro.py",
#23 0.751           "sha256": "9d5f32c844b7f50a0599336533cc65dccb5e3acbe6b7ac95d65eb1eb19d7a885"
#23 0.751         }
#23 0.751       ],
#23 0.751       "sha256": "9d5f32c844b7f50a0599336533cc65dccb5e3acbe6b7ac95d65eb1eb19d7a885"
#23 0.751     },
#23 0.751     "test-deps/pygments/lexers/freefem.py": {
#23 0.751       "image_files": [
#23 0.751         {
#23 0.751           "path": "/opt/c3-test-deps/pygments/lexers/freefem.py",
#23 0.751           "sha256": "66664b2182d7b422b6916a86cc19ab929ef27213b2eef81f6a8ada7d49149752"
#23 0.751         }
#23 0.751       ],
#23 0.751       "sha256": "66664b2182d7b422b6916a86cc19ab929ef27213b2eef81f6a8ada7d49149752"
#23 0.751     },
#23 0.751     "test-deps/pygments/lexers/func.py": {
#23 0.751       "image_files": [
#23 0.751         {
#23 0.751           "path": "/opt/c3-test-deps/pygments/lexers/func.py",
#23 0.751           "sha256": "66339eae3de78c971a1a71d673f9e95a3c5be03e4efae7710512bb44b1c489b5"
#23 0.751         }
#23 0.751       ],
#23 0.751       "sha256": "66339eae3de78c971a1a71d673f9e95a3c5be03e4efae7710512bb44b1c489b5"
#23 0.751     },
#23 0.751     "test-deps/pygments/lexers/functional.py": {
#23 0.751       "image_files": [
#23 0.751         {
#23 0.751           "path": "/opt/c3-test-deps/pygments/lexers/functional.py",
#23 0.751           "sha256": "e26f499409dfa57c52910408acd3a86f6553c229fa84f2c0a96ba1bfd6959008"
#23 0.751         }
#23 0.751       ],
#23 0.751       "sha256": "e26f499409dfa57c52910408acd3a86f6553c229fa84f2c0a96ba1bfd6959008"
#23 0.751     },
#23 0.751     "test-deps/pygments/lexers/futhark.py": {
#23 0.751       "image_files": [
#23 0.751         {
#23 0.751           "path": "/opt/c3-test-deps/pygments/lexers/futhark.py",
#23 0.751           "sha256": "fcc033f0f21d8652b4a4149a4f7f4ea8b86c39f837e844f46e8a00762ef49496"
#23 0.751         }
#23 0.751       ],
#23 0.751       "sha256": "fcc033f0f21d8652b4a4149a4f7f4ea8b86c39f837e844f46e8a00762ef49496"
#23 0.751     },
#23 0.751     "test-deps/pygments/lexers/gcodelexer.py": {
#23 0.751       "image_files": [
#23 0.751         {
#23 0.751           "path": "/opt/c3-test-deps/pygments/lexers/gcodelexer.py",
#23 0.751           "sha256": "b7c24c59a6838d66707468911b0ae9b18b5f8ca4e689bc2547238b0a2259f2ac"
#23 0.751         }
#23 0.751       ],
#23 0.751       "sha256": "b7c24c59a6838d66707468911b0ae9b18b5f8ca4e689bc2547238b0a2259f2ac"
#23 0.751     },
#23 0.751     "test-deps/pygments/lexers/gdscript.py": {
#23 0.751       "image_files": [
#23 0.751         {
#23 0.751           "path": "/opt/c3-test-deps/pygments/lexers/gdscript.py",
#23 0.751           "sha256": "d5a21ecddc6a802eb35a1abaa00f06d5bc67b6b3f8625c13ed8ff9945416ab03"
#23 0.751         }
#23 0.751       ],
#23 0.751       "sha256": "d5a21ecddc6a802eb35a1abaa00f06d5bc67b6b3f8625c13ed8ff9945416ab03"
#23 0.751     },
#23 0.751     "test-deps/pygments/lexers/gleam.py": {
#23 0.751       "image_files": [
#23 0.751         {
#23 0.751           "path": "/opt/c3-test-deps/pygments/lexers/gleam.py",
#23 0.751           "sha256": "271e8b9d4a5657da668dd4982d432dd7a73751a999fafe57e8272e1215b17fef"
#23 0.751         }
#23 0.751       ],
#23 0.751       "sha256": "271e8b9d4a5657da668dd4982d432dd7a73751a999fafe57e8272e1215b17fef"
#23 0.751     },
#23 0.751     "test-deps/pygments/lexers/go.py": {
#23 0.751       "image_files": [
#23 0.751         {
#23 0.751           "path": "/opt/c3-test-deps/pygments/lexers/go.py",
#23 0.751           "sha256": "467edf5298fa14b8d49056235baa8080315242193566b2aa00011daeb913dc09"
#23 0.751         }
#23 0.751       ],
#23 0.751       "sha256": "467edf5298fa14b8d49056235baa8080315242193566b2aa00011daeb913dc09"
#23 0.751     },
#23 0.751     "test-deps/pygments/lexers/grammar_notation.py": {
#23 0.751       "image_files": [
#23 0.751         {
#23 0.751           "path": "/opt/c3-test-deps/pygments/lexers/grammar_notation.py",
#23 0.751           "sha256": "64661cc214af3a8970d49edc03d3dcee1569708b1e95a0a0c70b2f01fe724607"
#23 0.751         }
#23 0.751       ],
#23 0.751       "sha256": "64661cc214af3a8970d49edc03d3dcee1569708b1e95a0a0c70b2f01fe724607"
#23 0.751     },
#23 0.751     "test-deps/pygments/lexers/graph.py": {
#23 0.751       "image_files": [
#23 0.751         {
#23 0.751           "path": "/opt/c3-test-deps/pygments/lexers/graph.py",
#23 0.751           "sha256": "5ff22c763c57667e69f43ab870b5f2ab0a380bc7a671803c34fe9567d65305a5"
#23 0.751         }
#23 0.751       ],
#23 0.751       "sha256": "5ff22c763c57667e69f43ab870b5f2ab0a380bc7a671803c34fe9567d65305a5"
#23 0.751     },
#23 0.751     "test-deps/pygments/lexers/graphics.py": {
#23 0.751       "image_files": [
#23 0.751         {
#23 0.751           "path": "/opt/c3-test-deps/pygments/lexers/graphics.py",
#23 0.751           "sha256": "29f0af855765ea2dcdede95bcde85df46c7a5ab538898c82f788ec4f055d2fa0"
#23 0.751         }
#23 0.751       ],
#23 0.751       "sha256": "29f0af855765ea2dcdede95bcde85df46c7a5ab538898c82f788ec4f055d2fa0"
#23 0.751     },
#23 0.751     "test-deps/pygments/lexers/graphql.py": {
#23 0.751       "image_files": [
#23 0.751         {
#23 0.751           "path": "/opt/c3-test-deps/pygments/lexers/graphql.py",
#23 0.751           "sha256": "45613f91f5540c4027bfff926323a2f4825492ceb536f39a92651f58e968af3a"
#23 0.751         }
#23 0.751       ],
#23 0.751       "sha256": "45613f91f5540c4027bfff926323a2f4825492ceb536f39a92651f58e968af3a"
#23 0.751     },
#23 0.751     "test-deps/pygments/lexers/graphviz.py": {
#23 0.751       "image_files": [
#23 0.751         {
#23 0.751           "path": "/opt/c3-test-deps/pygments/lexers/graphviz.py",
#23 0.751           "sha256": "ca1cc5776e77ece2a73e5462185f588848df0736919cc75a185db921be2fa8b9"
#23 0.751         }
#23 0.751       ],
#23 0.751       "sha256": "ca1cc5776e77ece2a73e5462185f588848df0736919cc75a185db921be2fa8b9"
#23 0.751     },
#23 0.751     "test-deps/pygments/lexers/gsql.py": {
#23 0.751       "image_files": [
#23 0.751         {
#23 0.751           "path": "/opt/c3-test-deps/pygments/lexers/gsql.py",
#23 0.751           "sha256": "fc5266b8a359b31e5f1505323c5a7cfb77104e99eb680edfc1c2273c8361f1bd"
#23 0.751         }
#23 0.751       ],
#23 0.751       "sha256": "fc5266b8a359b31e5f1505323c5a7cfb77104e99eb680edfc1c2273c8361f1bd"
#23 0.751     },
#23 0.751     "test-deps/pygments/lexers/hare.py": {
#23 0.751       "image_files": [
#23 0.751         {
#23 0.751           "path": "/opt/c3-test-deps/pygments/lexers/hare.py",
#23 0.751           "sha256": "782ad13f072cc172fe6474d6365844d40d391bdaf1cd2db4fc8a9275dbf633d6"
#23 0.751         }
#23 0.751       ],
#23 0.751       "sha256": "782ad13f072cc172fe6474d6365844d40d391bdaf1cd2db4fc8a9275dbf633d6"
#23 0.751     },
#23 0.751     "test-deps/pygments/lexers/haskell.py": {
#23 0.751       "image_files": [
#23 0.751         {
#23 0.751           "path": "/opt/c3-test-deps/pygments/lexers/haskell.py",
#23 0.751           "sha256": "b2be60ab753bc6dd03d818b8d71753b016a9a275faa2d3f5a8fc91302bb133b1"
#23 0.751         }
#23 0.751       ],
#23 0.751       "sha256": "b2be60ab753bc6dd03d818b8d71753b016a9a275faa2d3f5a8fc91302bb133b1"
#23 0.751     },
#23 0.751     "test-deps/pygments/lexers/haxe.py": {
#23 0.751       "image_files": [
#23 0.751         {
#23 0.751           "path": "/opt/c3-test-deps/pygments/lexers/haxe.py",
#23 0.751           "sha256": "fcccd02535b1d7c903f5b3ffb27881b2129bb4e643466e0e66789f68e830fda6"
#23 0.751         }
#23 0.751       ],
#23 0.751       "sha256": "fcccd02535b1d7c903f5b3ffb27881b2129bb4e643466e0e66789f68e830fda6"
#23 0.751     },
#23 0.751     "test-deps/pygments/lexers/hdl.py": {
#23 0.751       "image_files": [
#23 0.751         {
#23 0.751           "path": "/opt/c3-test-deps/pygments/lexers/hdl.py",
#23 0.751           "sha256": "24240a5ba1c57684dd14589b2fdd05d66edc60984cdc83f60169b121810381d9"
#23 0.751         }
#23 0.751       ],
#23 0.751       "sha256": "24240a5ba1c57684dd14589b2fdd05d66edc60984cdc83f60169b121810381d9"
#23 0.751     },
#23 0.751     "test-deps/pygments/lexers/hexdump.py": {
#23 0.751       "image_files": [
#23 0.751         {
#23 0.751           "path": "/opt/c3-test-deps/pygments/lexers/hexdump.py",
#23 0.751           "sha256": "4801abfd812474bf289a8d6e41bfcfb54080112c84f213e554aec518690eaf74"
#23 0.751         }
#23 0.751       ],
#23 0.751       "sha256": "4801abfd812474bf289a8d6e41bfcfb54080112c84f213e554aec518690eaf74"
#23 0.751     },
#23 0.751     "test-deps/pygments/lexers/html.py": {
#23 0.751       "image_files": [
#23 0.751         {
#23 0.751           "path": "/opt/c3-test-deps/pygments/lexers/html.py",
#23 0.751           "sha256": "44e7c717c5a080f8f869d13af92f6c2af0a1e546342b423cebc5313b9cbeddf2"
#23 0.751         }
#23 0.751       ],
#23 0.751       "sha256": "44e7c717c5a080f8f869d13af92f6c2af0a1e546342b423cebc5313b9cbeddf2"
#23 0.751     },
#23 0.751     "test-deps/pygments/lexers/idl.py": {
#23 0.751       "image_files": [
#23 0.751         {
#23 0.751           "path": "/opt/c3-test-deps/pygments/lexers/idl.py",
#23 0.751           "sha256": "493174d34643cb4dc40e3598610cf2b02a578d2726360d3d9f32e0127860c96a"
#23 0.751         }
#23 0.751       ],
#23 0.751       "sha256": "493174d34643cb4dc40e3598610cf2b02a578d2726360d3d9f32e0127860c96a"
#23 0.751     },
#23 0.751     "test-deps/pygments/lexers/igor.py": {
#23 0.751       "image_files": [
#23 0.751         {
#23 0.751           "path": "/opt/c3-test-deps/pygments/lexers/igor.py",
#23 0.751           "sha256": "4afe4418125e2b2d143b297af8617794179ea1602b55c30326d42d976457458a"
#23 0.751         }
#23 0.751       ],
#23 0.751       "sha256": "4afe4418125e2b2d143b297af8617794179ea1602b55c30326d42d976457458a"
#23 0.751     },
#23 0.751     "test-deps/pygments/lexers/inferno.py": {
#23 0.751       "image_files": [
#23 0.751         {
#23 0.751           "path": "/opt/c3-test-deps/pygments/lexers/inferno.py",
#23 0.751           "sha256": "27acc5ad8be43cb77f3c6a9c1fb4769d1b1a8d6f117d1b97d716654730b8f580"
#23 0.751         }
#23 0.751       ],
#23 0.751       "sha256": "27acc5ad8be43cb77f3c6a9c1fb4769d1b1a8d6f117d1b97d716654730b8f580"
#23 0.751     },
#23 0.751     "test-deps/pygments/lexers/installers.py": {
#23 0.751       "image_files": [
#23 0.751         {
#23 0.751           "path": "/opt/c3-test-deps/pygments/lexers/installers.py",
#23 0.751           "sha256": "8a82b62543d2264f6f72ca1edcd012bccb7ea5a5ddd7f367ddef1699aa89ec21"
#23 0.751         }
#23 0.751       ],
#23 0.751       "sha256": "8a82b62543d2264f6f72ca1edcd012bccb7ea5a5ddd7f367ddef1699aa89ec21"
#23 0.751     },
#23 0.751     "test-deps/pygments/lexers/int_fiction.py": {
#23 0.751       "image_files": [
#23 0.751         {
#23 0.751           "path": "/opt/c3-test-deps/pygments/lexers/int_fiction.py",
#23 0.751           "sha256": "0548ef5e29548ae305f9eb971100f3419b38e639ff68bb35ede4ca71f129b6b2"
#23 0.751         }
#23 0.751       ],
#23 0.751       "sha256": "0548ef5e29548ae305f9eb971100f3419b38e639ff68bb35ede4ca71f129b6b2"
#23 0.751     },
#23 0.751     "test-deps/pygments/lexers/iolang.py": {
#23 0.751       "image_files": [
#23 0.751         {
#23 0.751           "path": "/opt/c3-test-deps/pygments/lexers/iolang.py",
#23 0.751           "sha256": "d18ca304058fe31977cddf0f72c3ad64c21b4a1d742979c908b73ac6a725919a"
#23 0.751         }
#23 0.751       ],
#23 0.751       "sha256": "d18ca304058fe31977cddf0f72c3ad64c21b4a1d742979c908b73ac6a725919a"
#23 0.751     },
#23 0.751     "test-deps/pygments/lexers/j.py": {
#23 0.751       "image_files": [
#23 0.751         {
#23 0.751           "path": "/opt/c3-test-deps/pygments/lexers/j.py",
#23 0.751           "sha256": "e7aa946ecd42ef029d67af96a4d9f11e7b4daacc56ae8aa23bb91e236ca8475a"
#23 0.751         }
#23 0.751       ],
#23 0.751       "sha256": "e7aa946ecd42ef029d67af96a4d9f11e7b4daacc56ae8aa23bb91e236ca8475a"
#23 0.751     },
#23 0.751     "test-deps/pygments/lexers/javascript.py": {
#23 0.751       "image_files": [
#23 0.751         {
#23 0.751           "path": "/opt/c3-test-deps/pygments/lexers/javascript.py",
#23 0.751           "sha256": "66ecc85bbaf14527e07a18f5124df6d5c4c6dd2524ae60e2c2ff419a935f5393"
#23 0.751         }
#23 0.751       ],
#23 0.751       "sha256": "66ecc85bbaf14527e07a18f5124df6d5c4c6dd2524ae60e2c2ff419a935f5393"
#23 0.751     },
#23 0.751     "test-deps/pygments/lexers/jmespath.py": {
#23 0.751       "image_files": [
#23 0.751         {
#23 0.751           "path": "/opt/c3-test-deps/pygments/lexers/jmespath.py",
#23 0.751           "sha256": "397235a96eb2972a6c99b40b460993afc1b291a219df37cf1f25f0a9eb1f0d90"
#23 0.751         }
#23 0.751       ],
#23 0.751       "sha256": "397235a96eb2972a6c99b40b460993afc1b291a219df37cf1f25f0a9eb1f0d90"
#23 0.751     },
#23 0.751     "test-deps/pygments/lexers/jslt.py": {
#23 0.751       "image_files": [
#23 0.751         {
#23 0.751           "path": "/opt/c3-test-deps/pygments/lexers/jslt.py",
#23 0.751           "sha256": "50e570d49dee2be855456a26a052b68cc4bfc9eba8e62aa06be2e15d4248ebad"
#23 0.751         }
#23 0.751       ],
#23 0.751       "sha256": "50e570d49dee2be855456a26a052b68cc4bfc9eba8e62aa06be2e15d4248ebad"
#23 0.751     },
#23 0.751     "test-deps/pygments/lexers/json5.py": {
#23 0.751       "image_files": [
#23 0.751         {
#23 0.751           "path": "/opt/c3-test-deps/pygments/lexers/json5.py",
#23 0.751           "sha256": "1b2799e7c0312a42498a21fb26e3e66a40d95eba296ba6c3905460b891e27ea5"
#23 0.751         }
#23 0.751       ],
#23 0.751       "sha256": "1b2799e7c0312a42498a21fb26e3e66a40d95eba296ba6c3905460b891e27ea5"
#23 0.751     },
#23 0.751     "test-deps/pygments/lexers/jsonnet.py": {
#23 0.751       "image_files": [
#23 0.751         {
#23 0.751           "path": "/opt/c3-test-deps/pygments/lexers/jsonnet.py",
#23 0.751           "sha256": "acfb28f5dfcf54c9cd54995632ab64192c4b25bf44c5bd0e7008cc3ad32018c1"
#23 0.751         }
#23 0.751       ],
#23 0.751       "sha256": "acfb28f5dfcf54c9cd54995632ab64192c4b25bf44c5bd0e7008cc3ad32018c1"
#23 0.751     },
#23 0.751     "test-deps/pygments/lexers/jsx.py": {
#23 0.751       "image_files": [
#23 0.751         {
#23 0.751           "path": "/opt/c3-test-deps/pygments/lexers/jsx.py",
#23 0.751           "sha256": "fb4d2d73e553905687924155e5bbf39eebca51e083e717d6992e11aa2d67abc1"
#23 0.751         }
#23 0.751       ],
#23 0.751       "sha256": "fb4d2d73e553905687924155e5bbf39eebca51e083e717d6992e11aa2d67abc1"
#23 0.751     },
#23 0.751     "test-deps/pygments/lexers/julia.py": {
#23 0.751       "image_files": [
#23 0.751         {
#23 0.751           "path": "/opt/c3-test-deps/pygments/lexers/julia.py",
#23 0.751           "sha256": "d8947bf137ec1a8188f0acb767ed72412ac22207a2704bc4c1d093c4e861e019"
#23 0.751         }
#23 0.751       ],
#23 0.751       "sha256": "d8947bf137ec1a8188f0acb767ed72412ac22207a2704bc4c1d093c4e861e019"
#23 0.751     },
#23 0.751     "test-deps/pygments/lexers/jvm.py": {
#23 0.751       "image_files": [
#23 0.751         {
#23 0.751           "path": "/opt/c3-test-deps/pygments/lexers/jvm.py",
#23 0.751           "sha256": "3d1314c66ceda1506dc2fc8d8b668de3b3f9a8000300397296abf373a89f43d4"
#23 0.751         }
#23 0.751       ],
#23 0.751       "sha256": "3d1314c66ceda1506dc2fc8d8b668de3b3f9a8000300397296abf373a89f43d4"
#23 0.751     },
#23 0.751     "test-deps/pygments/lexers/kuin.py": {
#23 0.751       "image_files": [
#23 0.751         {
#23 0.751           "path": "/opt/c3-test-deps/pygments/lexers/kuin.py",
#23 0.751           "sha256": "47f5ab6f2ba850ada9bd89739928ecd255c783237de2cd8d276e7458208ad7e3"
#23 0.751         }
#23 0.751       ],
#23 0.751       "sha256": "47f5ab6f2ba850ada9bd89739928ecd255c783237de2cd8d276e7458208ad7e3"
#23 0.751     },
#23 0.751     "test-deps/pygments/lexers/kusto.py": {
#23 0.751       "image_files": [
#23 0.751         {
#23 0.751           "path": "/opt/c3-test-deps/pygments/lexers/kusto.py",
#23 0.751           "sha256": "68ff467856a0ddc8a7e68002170d8c5d35c475cf1bb4c549426d37264bfcd740"
#23 0.751         }
#23 0.751       ],
#23 0.751       "sha256": "68ff467856a0ddc8a7e68002170d8c5d35c475cf1bb4c549426d37264bfcd740"
#23 0.751     },
#23 0.751     "test-deps/pygments/lexers/ldap.py": {
#23 0.751       "image_files": [
#23 0.751         {
#23 0.751           "path": "/opt/c3-test-deps/pygments/lexers/ldap.py",
#23 0.751           "sha256": "ff26b8fc89e7488463f9162319a816159243cb535d810528710cd55a3891a7af"
#23 0.751         }
#23 0.751       ],
#23 0.751       "sha256": "ff26b8fc89e7488463f9162319a816159243cb535d810528710cd55a3891a7af"
#23 0.751     },
#23 0.751     "test-deps/pygments/lexers/lean.py": {
#23 0.751       "image_files": [
#23 0.751         {
#23 0.751           "path": "/opt/c3-test-deps/pygments/lexers/lean.py",
#23 0.751           "sha256": "a8ffe2c1443b3096750b9b37298056f16bbafaeb958f83c01b76b61a18e9f7d5"
#23 0.751         }
#23 0.751       ],
#23 0.751       "sha256": "a8ffe2c1443b3096750b9b37298056f16bbafaeb958f83c01b76b61a18e9f7d5"
#23 0.751     },
#23 0.751     "test-deps/pygments/lexers/lilypond.py": {
#23 0.751       "image_files": [
#23 0.751         {
#23 0.751           "path": "/opt/c3-test-deps/pygments/lexers/lilypond.py",
#23 0.751           "sha256": "a36eb8a2f19916b731f19c292915fe82350408ad70e53f13d27e8ba138cff765"
#23 0.751         }
#23 0.751       ],
#23 0.751       "sha256": "a36eb8a2f19916b731f19c292915fe82350408ad70e53f13d27e8ba138cff765"
#23 0.751     },
#23 0.751     "test-deps/pygments/lexers/lisp.py": {
#23 0.751       "image_files": [
#23 0.751         {
#23 0.751           "path": "/opt/c3-test-deps/pygments/lexers/lisp.py",
#23 0.751           "sha256": "082f9565a184b962d6b6e4baeaafb5c53fa420f553b8bf32a99e58c51dc75603"
#23 0.751         }
#23 0.751       ],
#23 0.751       "sha256": "082f9565a184b962d6b6e4baeaafb5c53fa420f553b8bf32a99e58c51dc75603"
#23 0.751     },
#23 0.751     "test-deps/pygments/lexers/macaulay2.py": {
#23 0.751       "image_files": [
#23 0.751         {
#23 0.751           "path": "/opt/c3-test-deps/pygments/lexers/macaulay2.py",
#23 0.751           "sha256": "3f8de481bba8e96da37a24a081c0bc209506911c2a85b6b6b49468db6e9a940c"
#23 0.751         }
#23 0.751       ],
#23 0.751       "sha256": "3f8de481bba8e96da37a24a081c0bc209506911c2a85b6b6b49468db6e9a940c"
#23 0.751     },
#23 0.751     "test-deps/pygments/lexers/make.py": {
#23 0.751       "image_files": [
#23 0.751         {
#23 0.751           "path": "/opt/c3-test-deps/pygments/lexers/make.py",
#23 0.751           "sha256": "c005742914574c014c9622df00a5c38a1408136540554bd68c567ecae33b6b4f"
#23 0.751         }
#23 0.751       ],
#23 0.751       "sha256": "c005742914574c014c9622df00a5c38a1408136540554bd68c567ecae33b6b4f"
#23 0.751     },
#23 0.751     "test-deps/pygments/lexers/maple.py": {
#23 0.751       "image_files": [
#23 0.751         {
#23 0.751           "path": "/opt/c3-test-deps/pygments/lexers/maple.py",
#23 0.751           "sha256": "699e253339bd844b601e6d3eb64061067dd2a7047ab2b235796e79b723ffde6b"
#23 0.751         }
#23 0.751       ],
#23 0.751       "sha256": "699e253339bd844b601e6d3eb64061067dd2a7047ab2b235796e79b723ffde6b"
#23 0.751     },
#23 0.751     "test-deps/pygments/lexers/markup.py": {
#23 0.751       "image_files": [
#23 0.751         {
#23 0.751           "path": "/opt/c3-test-deps/pygments/lexers/markup.py",
#23 0.751           "sha256": "905716c9a974ecaefe8e589bdba47b53dc87a037e7fee6ca7998d573d3151865"
#23 0.751         }
#23 0.751       ],
#23 0.751       "sha256": "905716c9a974ecaefe8e589bdba47b53dc87a037e7fee6ca7998d573d3151865"
#23 0.751     },
#23 0.751     "test-deps/pygments/lexers/math.py": {
#23 0.751       "image_files": [
#23 0.751         {
#23 0.751           "path": "/opt/c3-test-deps/pygments/lexers/math.py",
#23 0.751           "sha256": "36ca65e8866d0b287d7a089851a85ba164a6cb8709095654071c959c2b85d5a8"
#23 0.751         }
#23 0.751       ],
#23 0.751       "sha256": "36ca65e8866d0b287d7a089851a85ba164a6cb8709095654071c959c2b85d5a8"
#23 0.751     },
#23 0.751     "test-deps/pygments/lexers/matlab.py": {
#23 0.751       "image_files": [
#23 0.751         {
#23 0.751           "path": "/opt/c3-test-deps/pygments/lexers/matlab.py",
#23 0.751           "sha256": "db56996adf424e9c492c4c8e77314178f3851295c1e2117a1dcabacda38883d7"
#23 0.751         }
#23 0.751       ],
#23 0.751       "sha256": "db56996adf424e9c492c4c8e77314178f3851295c1e2117a1dcabacda38883d7"
#23 0.751     },
#23 0.751     "test-deps/pygments/lexers/maxima.py": {
#23 0.751       "image_files": [
#23 0.751         {
#23 0.751           "path": "/opt/c3-test-deps/pygments/lexers/maxima.py",
#23 0.751           "sha256": "85af9ff89cc692382002be64c6656aeffb894c27291ecb505a7b0b1d82213705"
#23 0.751         }
#23 0.751       ],
#23 0.751       "sha256": "85af9ff89cc692382002be64c6656aeffb894c27291ecb505a7b0b1d82213705"
#23 0.751     },
#23 0.751     "test-deps/pygments/lexers/meson.py": {
#23 0.751       "image_files": [
#23 0.751         {
#23 0.751           "path": "/opt/c3-test-deps/pygments/lexers/meson.py",
#23 0.751           "sha256": "59703a71d331f0e01537fadac1b028a2962c3b6cfdff8e77b373803aeb648020"
#23 0.751         }
#23 0.751       ],
#23 0.751       "sha256": "59703a71d331f0e01537fadac1b028a2962c3b6cfdff8e77b373803aeb648020"
#23 0.751     },
#23 0.751     "test-deps/pygments/lexers/mime.py": {
#23 0.751       "image_files": [
#23 0.751         {
#23 0.751           "path": "/opt/c3-test-deps/pygments/lexers/mime.py",
#23 0.751           "sha256": "97906c16469ddda809e8a0e0fc81c8ea7534028d18f447308d8a183fcbd00fe8"
#23 0.751         }
#23 0.751       ],
#23 0.751       "sha256": "97906c16469ddda809e8a0e0fc81c8ea7534028d18f447308d8a183fcbd00fe8"
#23 0.751     },
#23 0.751     "test-deps/pygments/lexers/minecraft.py": {
#23 0.751       "image_files": [
#23 0.751         {
#23 0.751           "path": "/opt/c3-test-deps/pygments/lexers/minecraft.py",
#23 0.751           "sha256": "6c16cc6eabec5604df3bb081c5fd37a063ffa8e020af0d3a3d2cc7d5017bb71b"
#23 0.751         }
#23 0.751       ],
#23 0.751       "sha256": "6c16cc6eabec5604df3bb081c5fd37a063ffa8e020af0d3a3d2cc7d5017bb71b"
#23 0.751     },
#23 0.751     "test-deps/pygments/lexers/mips.py": {
#23 0.751       "image_files": [
#23 0.751         {
#23 0.751           "path": "/opt/c3-test-deps/pygments/lexers/mips.py",
#23 0.751           "sha256": "429801a0c3f3b24d6df747081745bf115f9067c2f08136a94be7d2212c597057"
#23 0.751         }
#23 0.751       ],
#23 0.751       "sha256": "429801a0c3f3b24d6df747081745bf115f9067c2f08136a94be7d2212c597057"
#23 0.751     },
#23 0.751     "test-deps/pygments/lexers/ml.py": {
#23 0.751       "image_files": [
#23 0.751         {
#23 0.751           "path": "/opt/c3-test-deps/pygments/lexers/ml.py",
#23 0.751           "sha256": "8ea03c4b1624f04e8396b98f203d4ce27b4116a88f61af53c2c3597276c5e097"
#23 0.751         }
#23 0.751       ],
#23 0.751       "sha256": "8ea03c4b1624f04e8396b98f203d4ce27b4116a88f61af53c2c3597276c5e097"
#23 0.751     },
#23 0.751     "test-deps/pygments/lexers/modeling.py": {
#23 0.751       "image_files": [
#23 0.751         {
#23 0.751           "path": "/opt/c3-test-deps/pygments/lexers/modeling.py",
#23 0.751           "sha256": "3e9944ac4e316acbdf2fc423634dfa022bbbe6280c6c59b222a39de42dfc280a"
#23 0.751         }
#23 0.751       ],
#23 0.751       "sha256": "3e9944ac4e316acbdf2fc423634dfa022bbbe6280c6c59b222a39de42dfc280a"
#23 0.751     },
#23 0.751     "test-deps/pygments/lexers/modula2.py": {
#23 0.751       "image_files": [
#23 0.751         {
#23 0.751           "path": "/opt/c3-test-deps/pygments/lexers/modula2.py",
#23 0.751           "sha256": "7575b428d16edc44e0001b0f32c2217492340ca17e296b53f37d452accf6557c"
#23 0.751         }
#23 0.751       ],
#23 0.751       "sha256": "7575b428d16edc44e0001b0f32c2217492340ca17e296b53f37d452accf6557c"
#23 0.751     },
#23 0.751     "test-deps/pygments/lexers/mojo.py": {
#23 0.751       "image_files": [
#23 0.751         {
#23 0.751           "path": "/opt/c3-test-deps/pygments/lexers/mojo.py",
#23 0.751           "sha256": "42b55c8bdf9620e82f48b7335e85a19bc003dcf18062ce95acde457068f839fa"
#23 0.751         }
#23 0.751       ],
#23 0.751       "sha256": "42b55c8bdf9620e82f48b7335e85a19bc003dcf18062ce95acde457068f839fa"
#23 0.751     },
#23 0.751     "test-deps/pygments/lexers/monte.py": {
#23 0.751       "image_files": [
#23 0.751         {
#23 0.751           "path": "/opt/c3-test-deps/pygments/lexers/monte.py",
#23 0.751           "sha256": "253c7e8d2ac52a5591c00d6ace13ddeb8ec44c648497084fe1832556b7d7c97f"
#23 0.751         }
#23 0.751       ],
#23 0.751       "sha256": "253c7e8d2ac52a5591c00d6ace13ddeb8ec44c648497084fe1832556b7d7c97f"
#23 0.751     },
#23 0.751     "test-deps/pygments/lexers/mosel.py": {
#23 0.751       "image_files": [
#23 0.751         {
#23 0.751           "path": "/opt/c3-test-deps/pygments/lexers/mosel.py",
#23 0.751           "sha256": "aa01fa2f19a84a80436ff2eb2f7797b30b7f7ac68f217f7abe4032ebcc051ffc"
#23 0.751         }
#23 0.751       ],
#23 0.751       "sha256": "aa01fa2f19a84a80436ff2eb2f7797b30b7f7ac68f217f7abe4032ebcc051ffc"
#23 0.751     },
#23 0.751     "test-deps/pygments/lexers/ncl.py": {
#23 0.751       "image_files": [
#23 0.751         {
#23 0.751           "path": "/opt/c3-test-deps/pygments/lexers/ncl.py",
#23 0.751           "sha256": "4595e4c4e2be887b292d7fec1554f4c1ce47eaffa96b890a8213fbf5f24640f4"
#23 0.751         }
#23 0.751       ],
#23 0.751       "sha256": "4595e4c4e2be887b292d7fec1554f4c1ce47eaffa96b890a8213fbf5f24640f4"
#23 0.751     },
#23 0.751     "test-deps/pygments/lexers/nimrod.py": {
#23 0.751       "image_files": [
#23 0.751         {
#23 0.751           "path": "/opt/c3-test-deps/pygments/lexers/nimrod.py",
#23 0.751           "sha256": "2fc5b0e4251a3fea23cb0a106579e30b4f26e417bae1f0729d27f969618868fc"
#23 0.751         }
#23 0.751       ],
#23 0.751       "sha256": "2fc5b0e4251a3fea23cb0a106579e30b4f26e417bae1f0729d27f969618868fc"
#23 0.751     },
#23 0.751     "test-deps/pygments/lexers/nit.py": {
#23 0.751       "image_files": [
#23 0.751         {
#23 0.751           "path": "/opt/c3-test-deps/pygments/lexers/nit.py",
#23 0.751           "sha256": "7dfac12626787281fa4c79ac48195c084a43e7c951c7090b9290286d3fefe7ee"
#23 0.751         }
#23 0.751       ],
#23 0.751       "sha256": "7dfac12626787281fa4c79ac48195c084a43e7c951c7090b9290286d3fefe7ee"
#23 0.751     },
#23 0.751     "test-deps/pygments/lexers/nix.py": {
#23 0.751       "image_files": [
#23 0.751         {
#23 0.751           "path": "/opt/c3-test-deps/pygments/lexers/nix.py",
#23 0.751           "sha256": "33613e93ef85ee99deb8c00e69ef5a838b2b26c2a1589d5fd5f46e78ee8fb4a3"
#23 0.751         }
#23 0.751       ],
#23 0.751       "sha256": "33613e93ef85ee99deb8c00e69ef5a838b2b26c2a1589d5fd5f46e78ee8fb4a3"
#23 0.751     },
#23 0.751     "test-deps/pygments/lexers/numbair.py": {
#23 0.751       "image_files": [
#23 0.751         {
#23 0.751           "path": "/opt/c3-test-deps/pygments/lexers/numbair.py",
#23 0.751           "sha256": "b404e2236e8ae0e7c0ca3dd2cb7ffc83230c5c5038160cc86bf42e2b89d5eaeb"
#23 0.751         }
#23 0.751       ],
#23 0.751       "sha256": "b404e2236e8ae0e7c0ca3dd2cb7ffc83230c5c5038160cc86bf42e2b89d5eaeb"
#23 0.751     },
#23 0.751     "test-deps/pygments/lexers/oberon.py": {
#23 0.751       "image_files": [
#23 0.751         {
#23 0.751           "path": "/opt/c3-test-deps/pygments/lexers/oberon.py",
#23 0.751           "sha256": "b87d4590f79709f75dd0843ffbe4bc48750d69fd9d9e3890663b484fe8f1bb80"
#23 0.751         }
#23 0.751       ],
#23 0.751       "sha256": "b87d4590f79709f75dd0843ffbe4bc48750d69fd9d9e3890663b484fe8f1bb80"
#23 0.751     },
#23 0.751     "test-deps/pygments/lexers/objective.py": {
#23 0.751       "image_files": [
#23 0.751         {
#23 0.751           "path": "/opt/c3-test-deps/pygments/lexers/objective.py",
#23 0.751           "sha256": "443e67856d79a60dc552ecb521f1af6ff8786deff7879f879055a92d5448f1e5"
#23 0.751         }
#23 0.751       ],
#23 0.751       "sha256": "443e67856d79a60dc552ecb521f1af6ff8786deff7879f879055a92d5448f1e5"
#23 0.751     },
#23 0.751     "test-deps/pygments/lexers/ooc.py": {
#23 0.751       "image_files": [
#23 0.751         {
#23 0.751           "path": "/opt/c3-test-deps/pygments/lexers/ooc.py",
#23 0.751           "sha256": "1c48d61dd403564eed45bfd3b846f5fc2e6a8bea5e270c3260154085fe3d312d"
#23 0.751         }
#23 0.751       ],
#23 0.751       "sha256": "1c48d61dd403564eed45bfd3b846f5fc2e6a8bea5e270c3260154085fe3d312d"
#23 0.751     },
#23 0.751     "test-deps/pygments/lexers/openscad.py": {
#23 0.751       "image_files": [
#23 0.751         {
#23 0.751           "path": "/opt/c3-test-deps/pygments/lexers/openscad.py",
#23 0.751           "sha256": "b5eda22fc5647d7ba5fcf617973f142b7fd0b4c8dd98d82dd181c2604bdd12d3"
#23 0.751         }
#23 0.751       ],
#23 0.751       "sha256": "b5eda22fc5647d7ba5fcf617973f142b7fd0b4c8dd98d82dd181c2604bdd12d3"
#23 0.751     },
#23 0.751     "test-deps/pygments/lexers/other.py": {
#23 0.751       "image_files": [
#23 0.751         {
#23 0.751           "path": "/opt/c3-test-deps/pygments/lexers/other.py",
#23 0.751           "sha256": "380957cecad50d4c7831adb97f21bdf14e4b681107cadf8b259d881ef3092566"
#23 0.751         }
#23 0.751       ],
#23 0.751       "sha256": "380957cecad50d4c7831adb97f21bdf14e4b681107cadf8b259d881ef3092566"
#23 0.751     },
#23 0.751     "test-deps/pygments/lexers/parasail.py": {
#23 0.751       "image_files": [
#23 0.751         {
#23 0.751           "path": "/opt/c3-test-deps/pygments/lexers/parasail.py",
#23 0.751           "sha256": "2afebfcb6f164c30eeb086f29d4b14523fe86b3c7886e45b3b40e1f477ddea30"
#23 0.751         }
#23 0.751       ],
#23 0.751       "sha256": "2afebfcb6f164c30eeb086f29d4b14523fe86b3c7886e45b3b40e1f477ddea30"
#23 0.751     },
#23 0.751     "test-deps/pygments/lexers/parsers.py": {
#23 0.751       "image_files": [
#23 0.751         {
#23 0.751           "path": "/opt/c3-test-deps/pygments/lexers/parsers.py",
#23 0.751           "sha256": "98a6a52af631d51ac2cf656911465a50ffdab061f86cfe05fd3bdd2b143c0ec7"
#23 0.751         }
#23 0.751       ],
#23 0.751       "sha256": "98a6a52af631d51ac2cf656911465a50ffdab061f86cfe05fd3bdd2b143c0ec7"
#23 0.751     },
#23 0.751     "test-deps/pygments/lexers/pascal.py": {
#23 0.751       "image_files": [
#23 0.751         {
#23 0.751           "path": "/opt/c3-test-deps/pygments/lexers/pascal.py",
#23 0.751           "sha256": "e1d7b05e4c1cd767ff8a231f74d0ea6f16ffa2a0045f6742cdbe55219eb6579e"
#23 0.751         }
#23 0.751       ],
#23 0.751       "sha256": "e1d7b05e4c1cd767ff8a231f74d0ea6f16ffa2a0045f6742cdbe55219eb6579e"
#23 0.751     },
#23 0.751     "test-deps/pygments/lexers/pawn.py": {
#23 0.751       "image_files": [
#23 0.751         {
#23 0.751           "path": "/opt/c3-test-deps/pygments/lexers/pawn.py",
#23 0.751           "sha256": "9fae014ada93c53cea72a0a03440b21fb82ff9760461f97fdd21683579b03efa"
#23 0.751         }
#23 0.751       ],
#23 0.751       "sha256": "9fae014ada93c53cea72a0a03440b21fb82ff9760461f97fdd21683579b03efa"
#23 0.751     },
#23 0.751     "test-deps/pygments/lexers/pddl.py": {
#23 0.751       "image_files": [
#23 0.751         {
#23 0.751           "path": "/opt/c3-test-deps/pygments/lexers/pddl.py",
#23 0.751           "sha256": "6bc03691e085f6a350bd56508ab8015797c7e2eddc8ebb5af3e79927cb6cc666"
#23 0.751         }
#23 0.751       ],
#23 0.751       "sha256": "6bc03691e085f6a350bd56508ab8015797c7e2eddc8ebb5af3e79927cb6cc666"
#23 0.751     },
#23 0.751     "test-deps/pygments/lexers/perl.py": {
#23 0.751       "image_files": [
#23 0.751         {
#23 0.751           "path": "/opt/c3-test-deps/pygments/lexers/perl.py",
#23 0.751           "sha256": "a33cc07976383b699321734eb96a261558aa5ba23a20f422b060f5f8797f5686"
#23 0.751         }
#23 0.751       ],
#23 0.751       "sha256": "a33cc07976383b699321734eb96a261558aa5ba23a20f422b060f5f8797f5686"
#23 0.751     },
#23 0.751     "test-deps/pygments/lexers/phix.py": {
#23 0.751       "image_files": [
#23 0.751         {
#23 0.751           "path": "/opt/c3-test-deps/pygments/lexers/phix.py",
#23 0.751           "sha256": "9c4596b79f8ea080daa70e0827f70d2f5f5387c66db7a3884207aea2055e775d"
#23 0.751         }
#23 0.751       ],
#23 0.751       "sha256": "9c4596b79f8ea080daa70e0827f70d2f5f5387c66db7a3884207aea2055e775d"
#23 0.751     },
#23 0.751     "test-deps/pygments/lexers/php.py": {
#23 0.751       "image_files": [
#23 0.751         {
#23 0.751           "path": "/opt/c3-test-deps/pygments/lexers/php.py",
#23 0.751           "sha256": "53ac26c4f33ea52f92635377a9dbf479b5030712c7ebe10520571ab54be0ef8c"
#23 0.751         }
#23 0.751       ],
#23 0.751       "sha256": "53ac26c4f33ea52f92635377a9dbf479b5030712c7ebe10520571ab54be0ef8c"
#23 0.751     },
#23 0.751     "test-deps/pygments/lexers/pointless.py": {
#23 0.751       "image_files": [
#23 0.751         {
#23 0.751           "path": "/opt/c3-test-deps/pygments/lexers/pointless.py",
#23 0.751           "sha256": "80d72e861398f5c12920fc86163321d8322d341d540fc0a68dc79790344ca1d1"
#23 0.751         }
#23 0.751       ],
#23 0.751       "sha256": "80d72e861398f5c12920fc86163321d8322d341d540fc0a68dc79790344ca1d1"
#23 0.751     },
#23 0.751     "test-deps/pygments/lexers/pony.py": {
#23 0.751       "image_files": [
#23 0.751         {
#23 0.751           "path": "/opt/c3-test-deps/pygments/lexers/pony.py",
#23 0.751           "sha256": "aeaae13684cfa0018b99a6028724cce002e0693b272da92f980122d63b155303"
#23 0.751         }
#23 0.751       ],
#23 0.751       "sha256": "aeaae13684cfa0018b99a6028724cce002e0693b272da92f980122d63b155303"
#23 0.751     },
#23 0.751     "test-deps/pygments/lexers/praat.py": {
#23 0.751       "image_files": [
#23 0.751         {
#23 0.751           "path": "/opt/c3-test-deps/pygments/lexers/praat.py",
#23 0.751           "sha256": "b1f54077bcdf46c23e4dc0a8bae60c5a5714f04071030278c2487466e36c677e"
#23 0.751         }
#23 0.751       ],
#23 0.751       "sha256": "b1f54077bcdf46c23e4dc0a8bae60c5a5714f04071030278c2487466e36c677e"
#23 0.751     },
#23 0.751     "test-deps/pygments/lexers/procfile.py": {
#23 0.751       "image_files": [
#23 0.751         {
#23 0.751           "path": "/opt/c3-test-deps/pygments/lexers/procfile.py",
#23 0.751           "sha256": "7e1453b6c73230c3dc3dbbf38f156d5e2c759989693bee09b9650bec36f810d2"
#23 0.751         }
#23 0.751       ],
#23 0.751       "sha256": "7e1453b6c73230c3dc3dbbf38f156d5e2c759989693bee09b9650bec36f810d2"
#23 0.751     },
#23 0.751     "test-deps/pygments/lexers/prolog.py": {
#23 0.751       "image_files": [
#23 0.751         {
#23 0.751           "path": "/opt/c3-test-deps/pygments/lexers/prolog.py",
#23 0.751           "sha256": "0b9a4c6a9525ceb57a29a3c47720fc6917408a02259d4ce31559c5bb44ef1d60"
#23 0.751         }
#23 0.751       ],
#23 0.751       "sha256": "0b9a4c6a9525ceb57a29a3c47720fc6917408a02259d4ce31559c5bb44ef1d60"
#23 0.751     },
#23 0.751     "test-deps/pygments/lexers/promql.py": {
#23 0.751       "image_files": [
#23 0.751         {
#23 0.751           "path": "/opt/c3-test-deps/pygments/lexers/promql.py",
#23 0.751           "sha256": "d387d2fd1e8705686928d7b758fa7f417808745bc9af9a7a2b14ad658c3bc875"
#23 0.751         }
#23 0.751       ],
#23 0.751       "sha256": "d387d2fd1e8705686928d7b758fa7f417808745bc9af9a7a2b14ad658c3bc875"
#23 0.751     },
#23 0.751     "test-deps/pygments/lexers/prql.py": {
#23 0.751       "image_files": [
#23 0.751         {
#23 0.751           "path": "/opt/c3-test-deps/pygments/lexers/prql.py",
#23 0.751           "sha256": "5c985df1da4458f0482a6417c7fd3dfb3d4dca8b4b5c8b24a6ecd7dfa1f2907a"
#23 0.751         }
#23 0.751       ],
#23 0.751       "sha256": "5c985df1da4458f0482a6417c7fd3dfb3d4dca8b4b5c8b24a6ecd7dfa1f2907a"
#23 0.751     },
#23 0.751     "test-deps/pygments/lexers/ptx.py": {
#23 0.751       "image_files": [
#23 0.751         {
#23 0.751           "path": "/opt/c3-test-deps/pygments/lexers/ptx.py",
#23 0.751           "sha256": "9aaa9a0b5ec31a999d736bf9e6efb87bfd61b41c665efb8a2b4ed572c6f369ba"
#23 0.751         }
#23 0.751       ],
#23 0.751       "sha256": "9aaa9a0b5ec31a999d736bf9e6efb87bfd61b41c665efb8a2b4ed572c6f369ba"
#23 0.751     },
#23 0.751     "test-deps/pygments/lexers/purescript.py": {
#23 0.751       "image_files": [
#23 0.751         {
#23 0.751           "path": "/opt/c3-test-deps/pygments/lexers/purescript.py",
#23 0.751           "sha256": "71b0c0972f8d50de0efd2524eafe73252510ce865925b39330759e6513f1ea5a"
#23 0.751         }
#23 0.751       ],
#23 0.751       "sha256": "71b0c0972f8d50de0efd2524eafe73252510ce865925b39330759e6513f1ea5a"
#23 0.751     },
#23 0.751     "test-deps/pygments/lexers/python.py": {
#23 0.751       "image_files": [
#23 0.751         {
#23 0.751           "path": "/opt/c3-test-deps/pygments/lexers/python.py",
#23 0.751           "sha256": "e7a326fd60673e33dab44397c99abe3f108224d619a34e5b20af5ed62eb603a5"
#23 0.751         }
#23 0.751       ],
#23 0.751       "sha256": "e7a326fd60673e33dab44397c99abe3f108224d619a34e5b20af5ed62eb603a5"
#23 0.751     },
#23 0.751     "test-deps/pygments/lexers/q.py": {
#23 0.751       "image_files": [
#23 0.751         {
#23 0.751           "path": "/opt/c3-test-deps/pygments/lexers/q.py",
#23 0.751           "sha256": "d826c962046ef2ecfcc0e4a9e4532bd3ce8a082ec88d246620e0d5634b8aac20"
#23 0.751         }
#23 0.751       ],
#23 0.751       "sha256": "d826c962046ef2ecfcc0e4a9e4532bd3ce8a082ec88d246620e0d5634b8aac20"
#23 0.751     },
#23 0.751     "test-deps/pygments/lexers/qlik.py": {
#23 0.751       "image_files": [
#23 0.751         {
#23 0.751           "path": "/opt/c3-test-deps/pygments/lexers/qlik.py",
#23 0.751           "sha256": "f5be90fba8d779eada211716b6c2ac61608e94185f9a337320de3da54bcc47e2"
#23 0.751         }
#23 0.751       ],
#23 0.751       "sha256": "f5be90fba8d779eada211716b6c2ac61608e94185f9a337320de3da54bcc47e2"
#23 0.751     },
#23 0.751     "test-deps/pygments/lexers/qvt.py": {
#23 0.751       "image_files": [
#23 0.751         {
#23 0.751           "path": "/opt/c3-test-deps/pygments/lexers/qvt.py",
#23 0.751           "sha256": "5e5fe58b3be198cc0efa5d7531417366e04a1dbf9c3cd0cdec5fcf5e19349c18"
#23 0.751         }
#23 0.751       ],
#23 0.751       "sha256": "5e5fe58b3be198cc0efa5d7531417366e04a1dbf9c3cd0cdec5fcf5e19349c18"
#23 0.751     },
#23 0.751     "test-deps/pygments/lexers/r.py": {
#23 0.751       "image_files": [
#23 0.751         {
#23 0.751           "path": "/opt/c3-test-deps/pygments/lexers/r.py",
#23 0.751           "sha256": "fb865a3f8e5fb2ae4488469cb19908d8f41d8b5f9c1d5fb0a1e7fec0b2f7e794"
#23 0.751         }
#23 0.751       ],
#23 0.751       "sha256": "fb865a3f8e5fb2ae4488469cb19908d8f41d8b5f9c1d5fb0a1e7fec0b2f7e794"
#23 0.751     },
#23 0.751     "test-deps/pygments/lexers/rdf.py": {
#23 0.751       "image_files": [
#23 0.751         {
#23 0.751           "path": "/opt/c3-test-deps/pygments/lexers/rdf.py",
#23 0.751           "sha256": "14cd79e1f0759717cea52a5e5ba6d639595de64241804b98c93f6e76df8470ad"
#23 0.751         }
#23 0.751       ],
#23 0.751       "sha256": "14cd79e1f0759717cea52a5e5ba6d639595de64241804b98c93f6e76df8470ad"
#23 0.751     },
#23 0.751     "test-deps/pygments/lexers/rebol.py": {
#23 0.751       "image_files": [
#23 0.751         {
#23 0.751           "path": "/opt/c3-test-deps/pygments/lexers/rebol.py",
#23 0.751           "sha256": "090de931a033eb850caa2415ad8a111273a08d4e503de17f1f769a1cd755442f"
#23 0.751         }
#23 0.751       ],
#23 0.751       "sha256": "090de931a033eb850caa2415ad8a111273a08d4e503de17f1f769a1cd755442f"
#23 0.751     },
#23 0.751     "test-deps/pygments/lexers/rego.py": {
#23 0.751       "image_files": [
#23 0.751         {
#23 0.751           "path": "/opt/c3-test-deps/pygments/lexers/rego.py",
#23 0.751           "sha256": "622d06e2c79c4d638bec25212cb0b327d800e922730c9a4f24d8a3de15e2c42d"
#23 0.751         }
#23 0.751       ],
#23 0.751       "sha256": "622d06e2c79c4d638bec25212cb0b327d800e922730c9a4f24d8a3de15e2c42d"
#23 0.751     },
#23 0.751     "test-deps/pygments/lexers/rell.py": {
#23 0.751       "image_files": [
#23 0.751         {
#23 0.751           "path": "/opt/c3-test-deps/pygments/lexers/rell.py",
#23 0.751           "sha256": "fa86be247000c913fcfbe66616b3ed6a27f340dbaaceac9d98dd631775dc94e9"
#23 0.751         }
#23 0.751       ],
#23 0.751       "sha256": "fa86be247000c913fcfbe66616b3ed6a27f340dbaaceac9d98dd631775dc94e9"
#23 0.751     },
#23 0.751     "test-deps/pygments/lexers/resource.py": {
#23 0.751       "image_files": [
#23 0.751         {
#23 0.751           "path": "/opt/c3-test-deps/pygments/lexers/resource.py",
#23 0.751           "sha256": "443118ee24afda1810dd5f88d4378e2953ae98d2a016a6d5d8c7bff58db5a35d"
#23 0.751         }
#23 0.751       ],
#23 0.751       "sha256": "443118ee24afda1810dd5f88d4378e2953ae98d2a016a6d5d8c7bff58db5a35d"
#23 0.751     },
#23 0.751     "test-deps/pygments/lexers/ride.py": {
#23 0.751       "image_files": [
#23 0.751         {
#23 0.751           "path": "/opt/c3-test-deps/pygments/lexers/ride.py",
#23 0.751           "sha256": "d7383b90660f29121e932b996377fa395a91957cab5feb11fad1c45f533d9f3e"
#23 0.751         }
#23 0.751       ],
#23 0.751       "sha256": "d7383b90660f29121e932b996377fa395a91957cab5feb11fad1c45f533d9f3e"
#23 0.751     },
#23 0.751     "test-deps/pygments/lexers/rita.py": {
#23 0.751       "image_files": [
#23 0.751         {
#23 0.751           "path": "/opt/c3-test-deps/pygments/lexers/rita.py",
#23 0.751           "sha256": "7c234494f8a4e9d0c867319df7a90a81d958e10aa9ff3548f3bc1a4c11cc05f8"
#23 0.751         }
#23 0.751       ],
#23 0.751       "sha256": "7c234494f8a4e9d0c867319df7a90a81d958e10aa9ff3548f3bc1a4c11cc05f8"
#23 0.751     },
#23 0.751     "test-deps/pygments/lexers/rnc.py": {
#23 0.751       "image_files": [
#23 0.751         {
#23 0.751           "path": "/opt/c3-test-deps/pygments/lexers/rnc.py",
#23 0.751           "sha256": "3cd7e79d396766336fbc6df704d302a8fcdd03d2d9118bc3b06a1a0ddff69a7f"
#23 0.751         }
#23 0.751       ],
#23 0.751       "sha256": "3cd7e79d396766336fbc6df704d302a8fcdd03d2d9118bc3b06a1a0ddff69a7f"
#23 0.751     },
#23 0.751     "test-deps/pygments/lexers/roboconf.py": {
#23 0.751       "image_files": [
#23 0.751         {
#23 0.751           "path": "/opt/c3-test-deps/pygments/lexers/roboconf.py",
#23 0.751           "sha256": "97a05e2484be64051bdf3739184b9521bd1e76b4693c598a75f7c4071ef86718"
#23 0.751         }
#23 0.751       ],
#23 0.751       "sha256": "97a05e2484be64051bdf3739184b9521bd1e76b4693c598a75f7c4071ef86718"
#23 0.751     },
#23 0.751     "test-deps/pygments/lexers/robotframework.py": {
#23 0.751       "image_files": [
#23 0.751         {
#23 0.751           "path": "/opt/c3-test-deps/pygments/lexers/robotframework.py",
#23 0.751           "sha256": "f2cd54ec695d87344f191eddf3facc486d19273f593a6f8b1aa0531882f0b765"
#23 0.751         }
#23 0.751       ],
#23 0.751       "sha256": "f2cd54ec695d87344f191eddf3facc486d19273f593a6f8b1aa0531882f0b765"
#23 0.751     },
#23 0.751     "test-deps/pygments/lexers/ruby.py": {
#23 0.751       "image_files": [
#23 0.751         {
#23 0.751           "path": "/opt/c3-test-deps/pygments/lexers/ruby.py",
#23 0.751           "sha256": "e524c32dcbe6981c06751a7514d8735b6e48f40e1cbc1bf8e1dc0b36e5f2fd5e"
#23 0.751         }
#23 0.751       ],
#23 0.751       "sha256": "e524c32dcbe6981c06751a7514d8735b6e48f40e1cbc1bf8e1dc0b36e5f2fd5e"
#23 0.751     },
#23 0.751     "test-deps/pygments/lexers/rust.py": {
#23 0.751       "image_files": [
#23 0.751         {
#23 0.751           "path": "/opt/c3-test-deps/pygments/lexers/rust.py",
#23 0.751           "sha256": "eea0f7286562afeb5459ffdb3c1b78117f25f5a2167bc4db94c08523be68a2b7"
#23 0.751         }
#23 0.751       ],
#23 0.751       "sha256": "eea0f7286562afeb5459ffdb3c1b78117f25f5a2167bc4db94c08523be68a2b7"
#23 0.751     },
#23 0.751     "test-deps/pygments/lexers/sas.py": {
#23 0.751       "image_files": [
#23 0.751         {
#23 0.751           "path": "/opt/c3-test-deps/pygments/lexers/sas.py",
#23 0.751           "sha256": "045f872eace39c15bae27930dc4e4ea659179c891ff8e4b7497dc799624acf25"
#23 0.751         }
#23 0.751       ],
#23 0.751       "sha256": "045f872eace39c15bae27930dc4e4ea659179c891ff8e4b7497dc799624acf25"
#23 0.751     },
#23 0.751     "test-deps/pygments/lexers/savi.py": {
#23 0.751       "image_files": [
#23 0.751         {
#23 0.751           "path": "/opt/c3-test-deps/pygments/lexers/savi.py",
#23 0.751           "sha256": "1c29658017b7af33ffefed9bd6149411b136758cf4f08cacc5ce837318f77f67"
#23 0.751         }
#23 0.751       ],
#23 0.751       "sha256": "1c29658017b7af33ffefed9bd6149411b136758cf4f08cacc5ce837318f77f67"
#23 0.751     },
#23 0.751     "test-deps/pygments/lexers/scdoc.py": {
#23 0.751       "image_files": [
#23 0.751         {
#23 0.751           "path": "/opt/c3-test-deps/pygments/lexers/scdoc.py",
#23 0.751           "sha256": "f67eb84be6ced5d238c7ed8ace1da3ac333a804981e5823b721ea774f078f9cc"
#23 0.751         }
#23 0.751       ],
#23 0.751       "sha256": "f67eb84be6ced5d238c7ed8ace1da3ac333a804981e5823b721ea774f078f9cc"
#23 0.751     },
#23 0.751     "test-deps/pygments/lexers/scripting.py": {
#23 0.751       "image_files": [
#23 0.751         {
#23 0.751           "path": "/opt/c3-test-deps/pygments/lexers/scripting.py",
#23 0.751           "sha256": "becc3f28d4cc15be72cd61e50f077bc390bc6ca09eaf665e2ff055b54869cb44"
#23 0.751         }
#23 0.751       ],
#23 0.751       "sha256": "becc3f28d4cc15be72cd61e50f077bc390bc6ca09eaf665e2ff055b54869cb44"
#23 0.751     },
#23 0.751     "test-deps/pygments/lexers/sgf.py": {
#23 0.751       "image_files": [
#23 0.751         {
#23 0.751           "path": "/opt/c3-test-deps/pygments/lexers/sgf.py",
#23 0.751           "sha256": "c9afec1b84cebc35b0cc433a7088b8d1749b8644ee1c2aafa3eb879cd61f8b94"
#23 0.751         }
#23 0.751       ],
#23 0.751       "sha256": "c9afec1b84cebc35b0cc433a7088b8d1749b8644ee1c2aafa3eb879cd61f8b94"
#23 0.751     },
#23 0.751     "test-deps/pygments/lexers/shell.py": {
#23 0.751       "image_files": [
#23 0.751         {
#23 0.751           "path": "/opt/c3-test-deps/pygments/lexers/shell.py",
#23 0.751           "sha256": "ac9d7284cfa949c675d02e92642159c1e1c16e277b4510bdaa6953506dbae718"
#23 0.751         }
#23 0.751       ],
#23 0.751       "sha256": "ac9d7284cfa949c675d02e92642159c1e1c16e277b4510bdaa6953506dbae718"
#23 0.751     },
#23 0.751     "test-deps/pygments/lexers/sieve.py": {
#23 0.751       "image_files": [
#23 0.751         {
#23 0.751           "path": "/opt/c3-test-deps/pygments/lexers/sieve.py",
#23 0.751           "sha256": "09747d4b59c67954e59f6bb947ad348718240262455554d34c187f9376b0fa99"
#23 0.751         }
#23 0.751       ],
#23 0.751       "sha256": "09747d4b59c67954e59f6bb947ad348718240262455554d34c187f9376b0fa99"
#23 0.751     },
#23 0.751     "test-deps/pygments/lexers/slash.py": {
#23 0.751       "image_files": [
#23 0.751         {
#23 0.751           "path": "/opt/c3-test-deps/pygments/lexers/slash.py",
#23 0.751           "sha256": "565c2fd845f9fecd15f931a79575bb5637d021e685a63d2913f2146a6740a674"
#23 0.751         }
#23 0.751       ],
#23 0.751       "sha256": "565c2fd845f9fecd15f931a79575bb5637d021e685a63d2913f2146a6740a674"
#23 0.751     },
#23 0.751     "test-deps/pygments/lexers/smalltalk.py": {
#23 0.751       "image_files": [
#23 0.751         {
#23 0.751           "path": "/opt/c3-test-deps/pygments/lexers/smalltalk.py",
#23 0.751           "sha256": "ab9d8d1de825de98e7d6332425603d2749ce03f0395735142d900f81bfbab8d5"
#23 0.751         }
#23 0.751       ],
#23 0.751       "sha256": "ab9d8d1de825de98e7d6332425603d2749ce03f0395735142d900f81bfbab8d5"
#23 0.751     },
#23 0.751     "test-deps/pygments/lexers/smithy.py": {
#23 0.751       "image_files": [
#23 0.751         {
#23 0.751           "path": "/opt/c3-test-deps/pygments/lexers/smithy.py",
#23 0.751           "sha256": "3c1cccc71a99b258a2fd4dc05933147e363a70e153c013ef36374befe891b3b6"
#23 0.751         }
#23 0.751       ],
#23 0.751       "sha256": "3c1cccc71a99b258a2fd4dc05933147e363a70e153c013ef36374befe891b3b6"
#23 0.751     },
#23 0.751     "test-deps/pygments/lexers/smv.py": {
#23 0.751       "image_files": [
#23 0.751         {
#23 0.751           "path": "/opt/c3-test-deps/pygments/lexers/smv.py",
#23 0.751           "sha256": "0f9d489fd42bda758589c600397fdb2697858262770549045e7bd73e6034e03e"
#23 0.751         }
#23 0.751       ],
#23 0.751       "sha256": "0f9d489fd42bda758589c600397fdb2697858262770549045e7bd73e6034e03e"
#23 0.751     },
#23 0.751     "test-deps/pygments/lexers/snobol.py": {
#23 0.751       "image_files": [
#23 0.751         {
#23 0.751           "path": "/opt/c3-test-deps/pygments/lexers/snobol.py",
#23 0.751           "sha256": "057ff554f5198be724282625176b2db50a6b1766cb5073a2f1b961227147bfdb"
#23 0.751         }
#23 0.751       ],
#23 0.751       "sha256": "057ff554f5198be724282625176b2db50a6b1766cb5073a2f1b961227147bfdb"
#23 0.751     },
#23 0.751     "test-deps/pygments/lexers/solidity.py": {
#23 0.751       "image_files": [
#23 0.751         {
#23 0.751           "path": "/opt/c3-test-deps/pygments/lexers/solidity.py",
#23 0.751           "sha256": "a73d03674c621f0b9f85b43d85d08fac732303b34cb1aea1c59d673be0386371"
#23 0.751         }
#23 0.751       ],
#23 0.751       "sha256": "a73d03674c621f0b9f85b43d85d08fac732303b34cb1aea1c59d673be0386371"
#23 0.751     },
#23 0.751     "test-deps/pygments/lexers/soong.py": {
#23 0.751       "image_files": [
#23 0.751         {
#23 0.751           "path": "/opt/c3-test-deps/pygments/lexers/soong.py",
#23 0.751           "sha256": "a7a14c3524ae0ecf3aa163d34d552c7aed498f4d27b61e691b88e9d648deea18"
#23 0.751         }
#23 0.751       ],
#23 0.751       "sha256": "a7a14c3524ae0ecf3aa163d34d552c7aed498f4d27b61e691b88e9d648deea18"
#23 0.751     },
#23 0.751     "test-deps/pygments/lexers/sophia.py": {
#23 0.751       "image_files": [
#23 0.751         {
#23 0.751           "path": "/opt/c3-test-deps/pygments/lexers/sophia.py",
#23 0.751           "sha256": "3009162d8c611c935c737514cd60f75432f35516dfe8801ddaecf8abb0d8df02"
#23 0.751         }
#23 0.751       ],
#23 0.751       "sha256": "3009162d8c611c935c737514cd60f75432f35516dfe8801ddaecf8abb0d8df02"
#23 0.751     },
#23 0.751     "test-deps/pygments/lexers/special.py": {
#23 0.751       "image_files": [
#23 0.751         {
#23 0.751           "path": "/opt/c3-test-deps/pygments/lexers/special.py",
#23 0.751           "sha256": "f20a5388b20214dc0871a866dbcda68bc36a8bfea0c1832c01f8c920cd81aba9"
#23 0.751         }
#23 0.751       ],
#23 0.751       "sha256": "f20a5388b20214dc0871a866dbcda68bc36a8bfea0c1832c01f8c920cd81aba9"
#23 0.751     },
#23 0.751     "test-deps/pygments/lexers/spice.py": {
#23 0.751       "image_files": [
#23 0.751         {
#23 0.751           "path": "/opt/c3-test-deps/pygments/lexers/spice.py",
#23 0.751           "sha256": "4acea84770bc560e60e80e4b9b8768fb3db8c9e54731b50cefbd333daca00faa"
#23 0.751         }
#23 0.751       ],
#23 0.751       "sha256": "4acea84770bc560e60e80e4b9b8768fb3db8c9e54731b50cefbd333daca00faa"
#23 0.751     },
#23 0.751     "test-deps/pygments/lexers/sql.py": {
#23 0.751       "image_files": [
#23 0.751         {
#23 0.751           "path": "/opt/c3-test-deps/pygments/lexers/sql.py",
#23 0.751           "sha256": "dc32eda1c5dfada16969e6d35da79c3e90c26e9ebf0e3cc5d63b783acf4a8684"
#23 0.751         }
#23 0.751       ],
#23 0.751       "sha256": "dc32eda1c5dfada16969e6d35da79c3e90c26e9ebf0e3cc5d63b783acf4a8684"
#23 0.751     },
#23 0.751     "test-deps/pygments/lexers/srcinfo.py": {
#23 0.751       "image_files": [
#23 0.751         {
#23 0.751           "path": "/opt/c3-test-deps/pygments/lexers/srcinfo.py",
#23 0.751           "sha256": "3078f4d9507b58fdc07283b3d5655802a34cff7a052e311a01d6b4ef99175415"
#23 0.751         }
#23 0.751       ],
#23 0.751       "sha256": "3078f4d9507b58fdc07283b3d5655802a34cff7a052e311a01d6b4ef99175415"
#23 0.751     },
#23 0.751     "test-deps/pygments/lexers/stata.py": {
#23 0.751       "image_files": [
#23 0.751         {
#23 0.751           "path": "/opt/c3-test-deps/pygments/lexers/stata.py",
#23 0.751           "sha256": "2a88e693158794493e1ef9b1237d776b9da7cc7fc91cda9fbfaaf78c9a050f2f"
#23 0.751         }
#23 0.751       ],
#23 0.751       "sha256": "2a88e693158794493e1ef9b1237d776b9da7cc7fc91cda9fbfaaf78c9a050f2f"
#23 0.751     },
#23 0.751     "test-deps/pygments/lexers/supercollider.py": {
#23 0.751       "image_files": [
#23 0.751         {
#23 0.751           "path": "/opt/c3-test-deps/pygments/lexers/supercollider.py",
#23 0.751           "sha256": "1feab03fab146a8b5e9ac5f1bae829ba2e8a9d4de3b487437d2ddb1addc9be1e"
#23 0.751         }
#23 0.751       ],
#23 0.751       "sha256": "1feab03fab146a8b5e9ac5f1bae829ba2e8a9d4de3b487437d2ddb1addc9be1e"
#23 0.751     },
#23 0.751     "test-deps/pygments/lexers/tablegen.py": {
#23 0.751       "image_files": [
#23 0.751         {
#23 0.751           "path": "/opt/c3-test-deps/pygments/lexers/tablegen.py",
#23 0.751           "sha256": "af2bb3c3e02b2ddbe5639e582419fa79b3b30e8dcbf149db479c5c641f3132ca"
#23 0.751         }
#23 0.751       ],
#23 0.751       "sha256": "af2bb3c3e02b2ddbe5639e582419fa79b3b30e8dcbf149db479c5c641f3132ca"
#23 0.751     },
#23 0.751     "test-deps/pygments/lexers/tact.py": {
#23 0.751       "image_files": [
#23 0.751         {
#23 0.751           "path": "/opt/c3-test-deps/pygments/lexers/tact.py",
#23 0.751           "sha256": "61b39660da77d366413cce5a7dfccce3e0ae749e31459c896fefef4830a8cc2a"
#23 0.751         }
#23 0.751       ],
#23 0.751       "sha256": "61b39660da77d366413cce5a7dfccce3e0ae749e31459c896fefef4830a8cc2a"
#23 0.751     },
#23 0.751     "test-deps/pygments/lexers/tal.py": {
#23 0.751       "image_files": [
#23 0.751         {
#23 0.751           "path": "/opt/c3-test-deps/pygments/lexers/tal.py",
#23 0.751           "sha256": "c5962686ff2606bf80de87a81647123fb9c36d7d6bdb590a3a786c2d3b4bddb1"
#23 0.751         }
#23 0.751       ],
#23 0.751       "sha256": "c5962686ff2606bf80de87a81647123fb9c36d7d6bdb590a3a786c2d3b4bddb1"
#23 0.751     },
#23 0.751     "test-deps/pygments/lexers/tcl.py": {
#23 0.751       "image_files": [
#23 0.751         {
#23 0.751           "path": "/opt/c3-test-deps/pygments/lexers/tcl.py",
#23 0.751           "sha256": "a34273c981450f339864ae434d2e1b0e761cdf748a050cd1f0764c3cac401687"
#23 0.751         }
#23 0.751       ],
#23 0.751       "sha256": "a34273c981450f339864ae434d2e1b0e761cdf748a050cd1f0764c3cac401687"
#23 0.751     },
#23 0.751     "test-deps/pygments/lexers/teal.py": {
#23 0.751       "image_files": [
#23 0.751         {
#23 0.751           "path": "/opt/c3-test-deps/pygments/lexers/teal.py",
#23 0.751           "sha256": "a60a4f8bdc563ee992afe85e4a9181183714e6cdea374685523da66872c4dcc3"
#23 0.751         }
#23 0.751       ],
#23 0.751       "sha256": "a60a4f8bdc563ee992afe85e4a9181183714e6cdea374685523da66872c4dcc3"
#23 0.751     },
#23 0.751     "test-deps/pygments/lexers/templates.py": {
#23 0.751       "image_files": [
#23 0.751         {
#23 0.751           "path": "/opt/c3-test-deps/pygments/lexers/templates.py",
#23 0.751           "sha256": "3466380edf397c73eab52a6310202a417690d9a82f396c9283cd0775788acf71"
#23 0.751         }
#23 0.751       ],
#23 0.751       "sha256": "3466380edf397c73eab52a6310202a417690d9a82f396c9283cd0775788acf71"
#23 0.751     },
#23 0.751     "test-deps/pygments/lexers/teraterm.py": {
#23 0.751       "image_files": [
#23 0.751         {
#23 0.751           "path": "/opt/c3-test-deps/pygments/lexers/teraterm.py",
#23 0.751           "sha256": "60276f20b46af8574e27f1df888918553a07ddce88d9045b4281f5ed0e3d1f1f"
#23 0.751         }
#23 0.751       ],
#23 0.751       "sha256": "60276f20b46af8574e27f1df888918553a07ddce88d9045b4281f5ed0e3d1f1f"
#23 0.751     },
#23 0.751     "test-deps/pygments/lexers/testing.py": {
#23 0.751       "image_files": [
#23 0.751         {
#23 0.751           "path": "/opt/c3-test-deps/pygments/lexers/testing.py",
#23 0.751           "sha256": "185e52a5a9c6c2380a2a861aae2df649db5d3965975e37bcc555f9f99cd38cb8"
#23 0.751         }
#23 0.751       ],
#23 0.751       "sha256": "185e52a5a9c6c2380a2a861aae2df649db5d3965975e37bcc555f9f99cd38cb8"
#23 0.751     },
#23 0.751     "test-deps/pygments/lexers/text.py": {
#23 0.751       "image_files": [
#23 0.751         {
#23 0.751           "path": "/opt/c3-test-deps/pygments/lexers/text.py",
#23 0.751           "sha256": "caaea638bcf73e2cca34c9b8fd8f141e7f6f11e05fa846395bedccedd9358d8b"
#23 0.751         }
#23 0.751       ],
#23 0.751       "sha256": "caaea638bcf73e2cca34c9b8fd8f141e7f6f11e05fa846395bedccedd9358d8b"
#23 0.751     },
#23 0.751     "test-deps/pygments/lexers/textedit.py": {
#23 0.751       "image_files": [
#23 0.751         {
#23 0.751           "path": "/opt/c3-test-deps/pygments/lexers/textedit.py",
#23 0.751           "sha256": "fc35b77d2c36e44902ffefc644a7a9eb80e4c649af8e56d4c59362f9a8d3475f"
#23 0.751         }
#23 0.751       ],
#23 0.751       "sha256": "fc35b77d2c36e44902ffefc644a7a9eb80e4c649af8e56d4c59362f9a8d3475f"
#23 0.751     },
#23 0.751     "test-deps/pygments/lexers/textfmts.py": {
#23 0.751       "image_files": [
#23 0.751         {
#23 0.751           "path": "/opt/c3-test-deps/pygments/lexers/textfmts.py",
#23 0.751           "sha256": "5928890f334a09c3ac0684d4e0d098537ded8b96471a2d0fc76f5e1a34faa41d"
#23 0.751         }
#23 0.751       ],
#23 0.751       "sha256": "5928890f334a09c3ac0684d4e0d098537ded8b96471a2d0fc76f5e1a34faa41d"
#23 0.751     },
#23 0.751     "test-deps/pygments/lexers/theorem.py": {
#23 0.751       "image_files": [
#23 0.751         {
#23 0.751           "path": "/opt/c3-test-deps/pygments/lexers/theorem.py",
#23 0.751           "sha256": "73e7a0ead2185946f149882b3ad2d97c5c6ba3883dd49700230ac82462cfa285"
#23 0.751         }
#23 0.751       ],
#23 0.751       "sha256": "73e7a0ead2185946f149882b3ad2d97c5c6ba3883dd49700230ac82462cfa285"
#23 0.751     },
#23 0.751     "test-deps/pygments/lexers/thingsdb.py": {
#23 0.751       "image_files": [
#23 0.751         {
#23 0.751           "path": "/opt/c3-test-deps/pygments/lexers/thingsdb.py",
#23 0.751           "sha256": "14d2a302b4b5bda74710ddd95da65d0cbaaf706e7d19b17a024e4cf1132c4cb5"
#23 0.751         }
#23 0.751       ],
#23 0.751       "sha256": "14d2a302b4b5bda74710ddd95da65d0cbaaf706e7d19b17a024e4cf1132c4cb5"
#23 0.751     },
#23 0.751     "test-deps/pygments/lexers/tlb.py": {
#23 0.751       "image_files": [
#23 0.751         {
#23 0.751           "path": "/opt/c3-test-deps/pygments/lexers/tlb.py",
#23 0.751           "sha256": "bd6b05abf32b22bce01b6abea9dce9728362bfd2a4368c38c7d79bb3dfc70300"
#23 0.751         }
#23 0.751       ],
#23 0.751       "sha256": "bd6b05abf32b22bce01b6abea9dce9728362bfd2a4368c38c7d79bb3dfc70300"
#23 0.751     },
#23 0.751     "test-deps/pygments/lexers/tls.py": {
#23 0.751       "image_files": [
#23 0.751         {
#23 0.751           "path": "/opt/c3-test-deps/pygments/lexers/tls.py",
#23 0.751           "sha256": "199d65bd9f0f524d7e2d386ad4aba2a9212732a255aa21e8fc0fb5e9a2ae24e7"
#23 0.751         }
#23 0.751       ],
#23 0.751       "sha256": "199d65bd9f0f524d7e2d386ad4aba2a9212732a255aa21e8fc0fb5e9a2ae24e7"
#23 0.751     },
#23 0.751     "test-deps/pygments/lexers/tnt.py": {
#23 0.751       "image_files": [
#23 0.751         {
#23 0.751           "path": "/opt/c3-test-deps/pygments/lexers/tnt.py",
#23 0.751           "sha256": "30d6137e48b1d31e4bd690d5f15f3318b4bb194f33edbb7ec298816a9d96d3d5"
#23 0.751         }
#23 0.751       ],
#23 0.751       "sha256": "30d6137e48b1d31e4bd690d5f15f3318b4bb194f33edbb7ec298816a9d96d3d5"
#23 0.751     },
#23 0.751     "test-deps/pygments/lexers/trafficscript.py": {
#23 0.751       "image_files": [
#23 0.751         {
#23 0.751           "path": "/opt/c3-test-deps/pygments/lexers/trafficscript.py",
#23 0.751           "sha256": "d536b0a26e9b28933ebb59187b2db5c456877a9dc3f6497adab57745a1d2bdc2"
#23 0.751         }
#23 0.751       ],
#23 0.751       "sha256": "d536b0a26e9b28933ebb59187b2db5c456877a9dc3f6497adab57745a1d2bdc2"
#23 0.751     },
#23 0.751     "test-deps/pygments/lexers/typoscript.py": {
#23 0.751       "image_files": [
#23 0.751         {
#23 0.751           "path": "/opt/c3-test-deps/pygments/lexers/typoscript.py",
#23 0.751           "sha256": "75602e398624d17e3113f7f12a0717cfeb0c6251b6c31411e26fddecf5b63d8b"
#23 0.751         }
#23 0.751       ],
#23 0.751       "sha256": "75602e398624d17e3113f7f12a0717cfeb0c6251b6c31411e26fddecf5b63d8b"
#23 0.751     },
#23 0.751     "test-deps/pygments/lexers/typst.py": {
#23 0.751       "image_files": [
#23 0.751         {
#23 0.751           "path": "/opt/c3-test-deps/pygments/lexers/typst.py",
#23 0.751           "sha256": "aad6c4825f077af86f9dc8155182c29af2eb8321abce0563644d0d94cc676942"
#23 0.751         }
#23 0.751       ],
#23 0.751       "sha256": "aad6c4825f077af86f9dc8155182c29af2eb8321abce0563644d0d94cc676942"
#23 0.751     },
#23 0.751     "test-deps/pygments/lexers/ul4.py": {
#23 0.751       "image_files": [
#23 0.751         {
#23 0.751           "path": "/opt/c3-test-deps/pygments/lexers/ul4.py",
#23 0.751           "sha256": "8e833e512d3ed811164471cae9ec99f98fbedf4e9881b32b7af318d2183c4136"
#23 0.751         }
#23 0.751       ],
#23 0.751       "sha256": "8e833e512d3ed811164471cae9ec99f98fbedf4e9881b32b7af318d2183c4136"
#23 0.751     },
#23 0.751     "test-deps/pygments/lexers/unicon.py": {
#23 0.751       "image_files": [
#23 0.751         {
#23 0.751           "path": "/opt/c3-test-deps/pygments/lexers/unicon.py",
#23 0.751           "sha256": "6e583c0106265384ae8e3b720134e58c463e30bdfd8ac202bc861bd456212f99"
#23 0.751         }
#23 0.751       ],
#23 0.751       "sha256": "6e583c0106265384ae8e3b720134e58c463e30bdfd8ac202bc861bd456212f99"
#23 0.751     },
#23 0.751     "test-deps/pygments/lexers/urbi.py": {
#23 0.751       "image_files": [
#23 0.751         {
#23 0.751           "path": "/opt/c3-test-deps/pygments/lexers/urbi.py",
#23 0.751           "sha256": "8fcee4e9f7bad2465d6c9e80240e20f44d27a3510fd1bc49634e9454fd188275"
#23 0.751         }
#23 0.751       ],
#23 0.751       "sha256": "8fcee4e9f7bad2465d6c9e80240e20f44d27a3510fd1bc49634e9454fd188275"
#23 0.751     },
#23 0.751     "test-deps/pygments/lexers/usd.py": {
#23 0.751       "image_files": [
#23 0.751         {
#23 0.751           "path": "/opt/c3-test-deps/pygments/lexers/usd.py",
#23 0.751           "sha256": "65e21abc5e484a20f22a8545aaff874a2a6652d30bcf09851ef5d179ebd81e26"
#23 0.751         }
#23 0.751       ],
#23 0.751       "sha256": "65e21abc5e484a20f22a8545aaff874a2a6652d30bcf09851ef5d179ebd81e26"
#23 0.751     },
#23 0.751     "test-deps/pygments/lexers/varnish.py": {
#23 0.751       "image_files": [
#23 0.751         {
#23 0.751           "path": "/opt/c3-test-deps/pygments/lexers/varnish.py",
#23 0.751           "sha256": "20d0ad61ba25d7257f357321e7508c0d90da7041e0881dd2991dc7e6e5be1647"
#23 0.751         }
#23 0.751       ],
#23 0.751       "sha256": "20d0ad61ba25d7257f357321e7508c0d90da7041e0881dd2991dc7e6e5be1647"
#23 0.751     },
#23 0.751     "test-deps/pygments/lexers/verification.py": {
#23 0.751       "image_files": [
#23 0.751         {
#23 0.751           "path": "/opt/c3-test-deps/pygments/lexers/verification.py",
#23 0.751           "sha256": "0448ae501fdafd48edec9de32e8d71195af726295813e73bb063d50127b97de4"
#23 0.751         }
#23 0.751       ],
#23 0.751       "sha256": "0448ae501fdafd48edec9de32e8d71195af726295813e73bb063d50127b97de4"
#23 0.751     },
#23 0.751     "test-deps/pygments/lexers/verifpal.py": {
#23 0.751       "image_files": [
#23 0.751         {
#23 0.751           "path": "/opt/c3-test-deps/pygments/lexers/verifpal.py",
#23 0.751           "sha256": "d226534166b017d7fb94566714d3d3c18462bba2ffdb93ed108f37b6e08098a6"
#23 0.751         }
#23 0.751       ],
#23 0.751       "sha256": "d226534166b017d7fb94566714d3d3c18462bba2ffdb93ed108f37b6e08098a6"
#23 0.751     },
#23 0.751     "test-deps/pygments/lexers/vip.py": {
#23 0.751       "image_files": [
#23 0.751         {
#23 0.751           "path": "/opt/c3-test-deps/pygments/lexers/vip.py",
#23 0.751           "sha256": "a4ce711687aefb618f5aa015cd925eeb13d8afa5893e5a33548e74f3848743cd"
#23 0.751         }
#23 0.751       ],
#23 0.751       "sha256": "a4ce711687aefb618f5aa015cd925eeb13d8afa5893e5a33548e74f3848743cd"
#23 0.751     },
#23 0.751     "test-deps/pygments/lexers/vyper.py": {
#23 0.751       "image_files": [
#23 0.751         {
#23 0.751           "path": "/opt/c3-test-deps/pygments/lexers/vyper.py",
#23 0.751           "sha256": "af0db20fd7362fbc8fb57a8a3ddd1177125264af9a25b5b98c46b48077ca10ed"
#23 0.751         }
#23 0.751       ],
#23 0.751       "sha256": "af0db20fd7362fbc8fb57a8a3ddd1177125264af9a25b5b98c46b48077ca10ed"
#23 0.751     },
#23 0.751     "test-deps/pygments/lexers/web.py": {
#23 0.751       "image_files": [
#23 0.751         {
#23 0.751           "path": "/opt/c3-test-deps/pygments/lexers/web.py",
#23 0.751           "sha256": "60caf1a0794a950c1f14995a7bdfd3f45d55a74dd803b216b2682a2f387aa602"
#23 0.751         }
#23 0.751       ],
#23 0.751       "sha256": "60caf1a0794a950c1f14995a7bdfd3f45d55a74dd803b216b2682a2f387aa602"
#23 0.751     },
#23 0.751     "test-deps/pygments/lexers/webassembly.py": {
#23 0.751       "image_files": [
#23 0.751         {
#23 0.751           "path": "/opt/c3-test-deps/pygments/lexers/webassembly.py",
#23 0.751           "sha256": "91049e1763323a7680578b5156c607976adc14efc572b023458b74462da8e695"
#23 0.751         }
#23 0.751       ],
#23 0.751       "sha256": "91049e1763323a7680578b5156c607976adc14efc572b023458b74462da8e695"
#23 0.751     },
#23 0.751     "test-deps/pygments/lexers/webidl.py": {
#23 0.751       "image_files": [
#23 0.751         {
#23 0.751           "path": "/opt/c3-test-deps/pygments/lexers/webidl.py",
#23 0.751           "sha256": "31031a645b2496e076f65306a6218fd9fe9fce88dae2f57c16da02185407e9f3"
#23 0.751         }
#23 0.751       ],
#23 0.751       "sha256": "31031a645b2496e076f65306a6218fd9fe9fce88dae2f57c16da02185407e9f3"
#23 0.751     },
#23 0.751     "test-deps/pygments/lexers/webmisc.py": {
#23 0.751       "image_files": [
#23 0.751         {
#23 0.751           "path": "/opt/c3-test-deps/pygments/lexers/webmisc.py",
#23 0.751           "sha256": "8ea4cb070fd2bb1a62ddd881b4c0833cbebf51fe60c699c6822dae3758567943"
#23 0.751         }
#23 0.751       ],
#23 0.751       "sha256": "8ea4cb070fd2bb1a62ddd881b4c0833cbebf51fe60c699c6822dae3758567943"
#23 0.751     },
#23 0.751     "test-deps/pygments/lexers/wgsl.py": {
#23 0.751       "image_files": [
#23 0.751         {
#23 0.751           "path": "/opt/c3-test-deps/pygments/lexers/wgsl.py",
#23 0.751           "sha256": "be00ed63fab8d93191bdcb324bbbe249a754f03dde1ef6ad7e808d36710fd331"
#23 0.751         }
#23 0.751       ],
#23 0.751       "sha256": "be00ed63fab8d93191bdcb324bbbe249a754f03dde1ef6ad7e808d36710fd331"
#23 0.751     },
#23 0.751     "test-deps/pygments/lexers/whiley.py": {
#23 0.751       "image_files": [
#23 0.751         {
#23 0.751           "path": "/opt/c3-test-deps/pygments/lexers/whiley.py",
#23 0.751           "sha256": "302d95ee8d6cecb2282f2d0593e8bc3b2981a0dd1da4ad813e322b750c2c9d59"
#23 0.751         }
#23 0.751       ],
#23 0.751       "sha256": "302d95ee8d6cecb2282f2d0593e8bc3b2981a0dd1da4ad813e322b750c2c9d59"
#23 0.751     },
#23 0.751     "test-deps/pygments/lexers/wowtoc.py": {
#23 0.751       "image_files": [
#23 0.751         {
#23 0.751           "path": "/opt/c3-test-deps/pygments/lexers/wowtoc.py",
#23 0.751           "sha256": "5e72d2497ee9fd1930648ce59985cef3bddde1bc97f7e03775fbf334be44a1cc"
#23 0.751         }
#23 0.751       ],
#23 0.751       "sha256": "5e72d2497ee9fd1930648ce59985cef3bddde1bc97f7e03775fbf334be44a1cc"
#23 0.751     },
#23 0.751     "test-deps/pygments/lexers/wren.py": {
#23 0.751       "image_files": [
#23 0.751         {
#23 0.751           "path": "/opt/c3-test-deps/pygments/lexers/wren.py",
#23 0.751           "sha256": "da5873c294b6ef15ba9c4458fcd78e0e034df57ea607bbe5de875748f9e0a98f"
#23 0.751         }
#23 0.751       ],
#23 0.751       "sha256": "da5873c294b6ef15ba9c4458fcd78e0e034df57ea607bbe5de875748f9e0a98f"
#23 0.751     },
#23 0.751     "test-deps/pygments/lexers/x10.py": {
#23 0.751       "image_files": [
#23 0.751         {
#23 0.751           "path": "/opt/c3-test-deps/pygments/lexers/x10.py",
#23 0.751           "sha256": "d19d2184f6e849f21513d3538bf8135e023fb91ad2f00463d2f9bb27065a833f"
#23 0.751         }
#23 0.751       ],
#23 0.751       "sha256": "d19d2184f6e849f21513d3538bf8135e023fb91ad2f00463d2f9bb27065a833f"
#23 0.751     },
#23 0.751     "test-deps/pygments/lexers/xorg.py": {
#23 0.751       "image_files": [
#23 0.751         {
#23 0.751           "path": "/opt/c3-test-deps/pygments/lexers/xorg.py",
#23 0.751           "sha256": "2d4294f75b753a97375bf17ae141b3c749c1f87a8a94ddc29ffead173b79218c"
#23 0.751         }
#23 0.751       ],
#23 0.751       "sha256": "2d4294f75b753a97375bf17ae141b3c749c1f87a8a94ddc29ffead173b79218c"
#23 0.751     },
#23 0.751     "test-deps/pygments/lexers/yang.py": {
#23 0.751       "image_files": [
#23 0.751         {
#23 0.751           "path": "/opt/c3-test-deps/pygments/lexers/yang.py",
#23 0.751           "sha256": "c88bf0b5e1d60562f6fbccd9b1c9c23c93a7ab7acc39787997126e8f2c00fd9a"
#23 0.751         }
#23 0.751       ],
#23 0.751       "sha256": "c88bf0b5e1d60562f6fbccd9b1c9c23c93a7ab7acc39787997126e8f2c00fd9a"
#23 0.751     },
#23 0.751     "test-deps/pygments/lexers/yara.py": {
#23 0.751       "image_files": [
#23 0.751         {
#23 0.751           "path": "/opt/c3-test-deps/pygments/lexers/yara.py",
#23 0.751           "sha256": "fc84b3864a3bbfd02127ed5c5883594b21b79b2daf24ec85487c528e6e157536"
#23 0.751         }
#23 0.751       ],
#23 0.751       "sha256": "fc84b3864a3bbfd02127ed5c5883594b21b79b2daf24ec85487c528e6e157536"
#23 0.751     },
#23 0.751     "test-deps/pygments/lexers/zig.py": {
#23 0.751       "image_files": [
#23 0.751         {
#23 0.751           "path": "/opt/c3-test-deps/pygments/lexers/zig.py",
#23 0.751           "sha256": "09fdbc70fd28accf3dc5cdd0a4955c84842fd36a6bd23b2724b473aa2bd200bd"
#23 0.751         }
#23 0.751       ],
#23 0.751       "sha256": "09fdbc70fd28accf3dc5cdd0a4955c84842fd36a6bd23b2724b473aa2bd200bd"
#23 0.751     },
#23 0.751     "test-deps/pygments/modeline.py": {
#23 0.751       "image_files": [
#23 0.751         {
#23 0.751           "path": "/opt/c3-test-deps/pygments/modeline.py",
#23 0.751           "sha256": "99ef20e6bc9289dbcfb4c04eac3cb63b5b0ca99774da5047318e4a0d979f530b"
#23 0.751         }
#23 0.751       ],
#23 0.751       "sha256": "99ef20e6bc9289dbcfb4c04eac3cb63b5b0ca99774da5047318e4a0d979f530b"
#23 0.751     },
#23 0.751     "test-deps/pygments/plugin.py": {
#23 0.751       "image_files": [
#23 0.751         {
#23 0.751           "path": "/opt/c3-test-deps/pygments/plugin.py",
#23 0.751           "sha256": "f4d2931f3bbd495ee17d8dfe4d50b863bc10c7cdc2f22e4b82cdfe0014c131b4"
#23 0.751         }
#23 0.751       ],
#23 0.751       "sha256": "f4d2931f3bbd495ee17d8dfe4d50b863bc10c7cdc2f22e4b82cdfe0014c131b4"
#23 0.751     },
#23 0.751     "test-deps/pygments/regexopt.py": {
#23 0.751       "image_files": [
#23 0.751         {
#23 0.751           "path": "/opt/c3-test-deps/pygments/regexopt.py",
#23 0.751           "sha256": "2a8f57b570e22c429ead6683e78f7692b08159da6666982f924994fce911992a"
#23 0.751         }
#23 0.751       ],
#23 0.751       "sha256": "2a8f57b570e22c429ead6683e78f7692b08159da6666982f924994fce911992a"
#23 0.751     },
#23 0.751     "test-deps/pygments/scanner.py": {
#23 0.751       "image_files": [
#23 0.751         {
#23 0.751           "path": "/opt/c3-test-deps/pygments/scanner.py",
#23 0.751           "sha256": "0eda0b8b5a4e2a936efba8e26a42694902d48bf7a9dbd490421bfba00c1858c1"
#23 0.751         }
#23 0.751       ],
#23 0.751       "sha256": "0eda0b8b5a4e2a936efba8e26a42694902d48bf7a9dbd490421bfba00c1858c1"
#23 0.751     },
#23 0.751     "test-deps/pygments/sphinxext.py": {
#23 0.751       "image_files": [
#23 0.751         {
#23 0.751           "path": "/opt/c3-test-deps/pygments/sphinxext.py",
#23 0.751           "sha256": "aa6896bf96fbaaae9b3544f6636c197a3576226426bedcc624583a2dc184365d"
#23 0.751         }
#23 0.751       ],
#23 0.751       "sha256": "aa6896bf96fbaaae9b3544f6636c197a3576226426bedcc624583a2dc184365d"
#23 0.751     },
#23 0.751     "test-deps/pygments/style.py": {
#23 0.751       "image_files": [
#23 0.751         {
#23 0.751           "path": "/opt/c3-test-deps/pygments/style.py",
#23 0.751           "sha256": "29829f6bf5cf41338fc69853b91ad3f541a76e3e3afc6b6b1324119467baab57"
#23 0.751         }
#23 0.751       ],
#23 0.751       "sha256": "29829f6bf5cf41338fc69853b91ad3f541a76e3e3afc6b6b1324119467baab57"
#23 0.751     },
#23 0.751     "test-deps/pygments/styles/__init__.py": {
#23 0.751       "image_files": [
#23 0.751         {
#23 0.751           "path": "/opt/c3-test-deps/pygments/styles/__init__.py",
#23 0.751           "sha256": "daf8062a76f2b749dffc248312d3211f1a693d200faf68da7f39791625c5b86b"
#23 0.751         }
#23 0.751       ],
#23 0.751       "sha256": "daf8062a76f2b749dffc248312d3211f1a693d200faf68da7f39791625c5b86b"
#23 0.751     },
#23 0.751     "test-deps/pygments/styles/_mapping.py": {
#23 0.751       "image_files": [
#23 0.751         {
#23 0.751           "path": "/opt/c3-test-deps/pygments/styles/_mapping.py",
#23 0.751           "sha256": "300df2a81cbee4921cf706b0c4ff32ff4198bfb216451e8e2e8fadd285061134"
#23 0.751         }
#23 0.751       ],
#23 0.751       "sha256": "300df2a81cbee4921cf706b0c4ff32ff4198bfb216451e8e2e8fadd285061134"
#23 0.751     },
#23 0.751     "test-deps/pygments/styles/abap.py": {
#23 0.751       "image_files": [
#23 0.751         {
#23 0.751           "path": "/opt/c3-test-deps/pygments/styles/abap.py",
#23 0.751           "sha256": "4fb01dd76d4a8f3f196eea61ca1ba550bc17caf5ee6d24ba0b3734303385889f"
#23 0.751         }
#23 0.751       ],
#23 0.751       "sha256": "4fb01dd76d4a8f3f196eea61ca1ba550bc17caf5ee6d24ba0b3734303385889f"
#23 0.751     },
#23 0.751     "test-deps/pygments/styles/algol.py": {
#23 0.751       "image_files": [
#23 0.751         {
#23 0.751           "path": "/opt/c3-test-deps/pygments/styles/algol.py",
#23 0.751           "sha256": "eafe995cbc4f26c9bfd6a3ea3aee62840b9685593ae3835d3d73dc66a88e4d32"
#23 0.751         }
#23 0.751       ],
#23 0.751       "sha256": "eafe995cbc4f26c9bfd6a3ea3aee62840b9685593ae3835d3d73dc66a88e4d32"
#23 0.751     },
#23 0.751     "test-deps/pygments/styles/algol_nu.py": {
#23 0.751       "image_files": [
#23 0.751         {
#23 0.751           "path": "/opt/c3-test-deps/pygments/styles/algol_nu.py",
#23 0.751           "sha256": "e7cd4b7f975bdf4de0ef30dbef3f9596f1a514da5b5cc225027ad1071b631adb"
#23 0.751         }
#23 0.751       ],
#23 0.751       "sha256": "e7cd4b7f975bdf4de0ef30dbef3f9596f1a514da5b5cc225027ad1071b631adb"
#23 0.751     },
#23 0.751     "test-deps/pygments/styles/arduino.py": {
#23 0.751       "image_files": [
#23 0.751         {
#23 0.751           "path": "/opt/c3-test-deps/pygments/styles/arduino.py",
#23 0.751           "sha256": "a051798237db40d06280ac45842ee08942075a5d22782b2186c9bd531088cea8"
#23 0.751         }
#23 0.751       ],
#23 0.751       "sha256": "a051798237db40d06280ac45842ee08942075a5d22782b2186c9bd531088cea8"
#23 0.751     },
#23 0.751     "test-deps/pygments/styles/autumn.py": {
#23 0.751       "image_files": [
#23 0.751         {
#23 0.751           "path": "/opt/c3-test-deps/pygments/styles/autumn.py",
#23 0.751           "sha256": "3fd217e6eb630ef74981ebccd24346c04fb0bd5cac461d6580c9233b57610c31"
#23 0.751         }
#23 0.751       ],
#23 0.751       "sha256": "3fd217e6eb630ef74981ebccd24346c04fb0bd5cac461d6580c9233b57610c31"
#23 0.751     },
#23 0.751     "test-deps/pygments/styles/borland.py": {
#23 0.751       "image_files": [
#23 0.751         {
#23 0.751           "path": "/opt/c3-test-deps/pygments/styles/borland.py",
#23 0.751           "sha256": "57ca930fc4ab4b4c0ba21a76b9d222ae58a36c77cfa08956664629ab149d912c"
#23 0.751         }
#23 0.751       ],
#23 0.751       "sha256": "57ca930fc4ab4b4c0ba21a76b9d222ae58a36c77cfa08956664629ab149d912c"
#23 0.751     },
#23 0.751     "test-deps/pygments/styles/bw.py": {
#23 0.751       "image_files": [
#23 0.751         {
#23 0.751           "path": "/opt/c3-test-deps/pygments/styles/bw.py",
#23 0.751           "sha256": "7b8168e8ac9ac7669186a2ac8ecaaf8b6096ea5914f509e32a83eb1126408fe2"
#23 0.751         }
#23 0.751       ],
#23 0.751       "sha256": "7b8168e8ac9ac7669186a2ac8ecaaf8b6096ea5914f509e32a83eb1126408fe2"
#23 0.751     },
#23 0.751     "test-deps/pygments/styles/coffee.py": {
#23 0.751       "image_files": [
#23 0.751         {
#23 0.751           "path": "/opt/c3-test-deps/pygments/styles/coffee.py",
#23 0.751           "sha256": "d23c5d72d08429b47502acc0e7d7c540ae2c541744aeb464182527e9f3c5e2c8"
#23 0.751         }
#23 0.751       ],
#23 0.751       "sha256": "d23c5d72d08429b47502acc0e7d7c540ae2c541744aeb464182527e9f3c5e2c8"
#23 0.751     },
#23 0.751     "test-deps/pygments/styles/colorful.py": {
#23 0.751       "image_files": [
#23 0.751         {
#23 0.751           "path": "/opt/c3-test-deps/pygments/styles/colorful.py",
#23 0.751           "sha256": "a2991f39c8c54ed0e7f45b72ea880cee8905301e9b034891d15b537413c4f4d1"
#23 0.751         }
#23 0.751       ],
#23 0.751       "sha256": "a2991f39c8c54ed0e7f45b72ea880cee8905301e9b034891d15b537413c4f4d1"
#23 0.751     },
#23 0.751     "test-deps/pygments/styles/default.py": {
#23 0.751       "image_files": [
#23 0.751         {
#23 0.751           "path": "/opt/c3-test-deps/pygments/styles/default.py",
#23 0.751           "sha256": "5852c3b9c2894bf69ce49aaeb668256f3e084dce234d34043a7a8b20ca52b6d0"
#23 0.751         }
#23 0.751       ],
#23 0.751       "sha256": "5852c3b9c2894bf69ce49aaeb668256f3e084dce234d34043a7a8b20ca52b6d0"
#23 0.751     },
#23 0.751     "test-deps/pygments/styles/dracula.py": {
#23 0.751       "image_files": [
#23 0.751         {
#23 0.751           "path": "/opt/c3-test-deps/pygments/styles/dracula.py",
#23 0.751           "sha256": "1fe10cd5633723177638163d6f3a0e6ca978233766862adf0d515b27d5ac8b44"
#23 0.751         }
#23 0.751       ],
#23 0.751       "sha256": "1fe10cd5633723177638163d6f3a0e6ca978233766862adf0d515b27d5ac8b44"
#23 0.751     },
#23 0.751     "test-deps/pygments/styles/emacs.py": {
#23 0.751       "image_files": [
#23 0.751         {
#23 0.751           "path": "/opt/c3-test-deps/pygments/styles/emacs.py",
#23 0.751           "sha256": "8846163e042b0d093845d0dff3e83b8f89ada05473a36c5c2af644d72b3d9895"
#23 0.751         }
#23 0.751       ],
#23 0.751       "sha256": "8846163e042b0d093845d0dff3e83b8f89ada05473a36c5c2af644d72b3d9895"
#23 0.751     },
#23 0.751     "test-deps/pygments/styles/friendly.py": {
#23 0.751       "image_files": [
#23 0.751         {
#23 0.751           "path": "/opt/c3-test-deps/pygments/styles/friendly.py",
#23 0.751           "sha256": "4b8dd731ccd6e77b4a7ed99aac42f8fa74eba0f55d37a93c7db36b20dcd1fd05"
#23 0.751         }
#23 0.751       ],
#23 0.751       "sha256": "4b8dd731ccd6e77b4a7ed99aac42f8fa74eba0f55d37a93c7db36b20dcd1fd05"
#23 0.751     },
#23 0.751     "test-deps/pygments/styles/friendly_grayscale.py": {
#23 0.751       "image_files": [
#23 0.751         {
#23 0.751           "path": "/opt/c3-test-deps/pygments/styles/friendly_grayscale.py",
#23 0.751           "sha256": "7a5d84f34e03124299e80a57b77379153987024221aa4263fa89a113513c99d1"
#23 0.751         }
#23 0.751       ],
#23 0.751       "sha256": "7a5d84f34e03124299e80a57b77379153987024221aa4263fa89a113513c99d1"
#23 0.751     },
#23 0.751     "test-deps/pygments/styles/fruity.py": {
#23 0.751       "image_files": [
#23 0.751         {
#23 0.751           "path": "/opt/c3-test-deps/pygments/styles/fruity.py",
#23 0.751           "sha256": "9ab3438b1a77f502288ad441a3ec8c3abf2d9d82c0c06774108330d80e8677c8"
#23 0.751         }
#23 0.751       ],
#23 0.751       "sha256": "9ab3438b1a77f502288ad441a3ec8c3abf2d9d82c0c06774108330d80e8677c8"
#23 0.751     },
#23 0.751     "test-deps/pygments/styles/gh_dark.py": {
#23 0.751       "image_files": [
#23 0.751         {
#23 0.751           "path": "/opt/c3-test-deps/pygments/styles/gh_dark.py",
#23 0.751           "sha256": "c9be04381018b10f60e481843aac99e4b288f8c51bc33df697d581e4470c2da0"
#23 0.751         }
#23 0.751       ],
#23 0.751       "sha256": "c9be04381018b10f60e481843aac99e4b288f8c51bc33df697d581e4470c2da0"
#23 0.751     },
#23 0.751     "test-deps/pygments/styles/gruvbox.py": {
#23 0.751       "image_files": [
#23 0.751         {
#23 0.751           "path": "/opt/c3-test-deps/pygments/styles/gruvbox.py",
#23 0.751           "sha256": "fd066d46af72d6cdcd6000c7a9e93e0d710b42ab9e3a75435ef589ff56931a0a"
#23 0.751         }
#23 0.751       ],
#23 0.751       "sha256": "fd066d46af72d6cdcd6000c7a9e93e0d710b42ab9e3a75435ef589ff56931a0a"
#23 0.751     },
#23 0.751     "test-deps/pygments/styles/igor.py": {
#23 0.751       "image_files": [
#23 0.751         {
#23 0.751           "path": "/opt/c3-test-deps/pygments/styles/igor.py",
#23 0.751           "sha256": "40efcce7e675c48c559eeb045382d9af8553fbe9d311156df9ca5f6e73afe329"
#23 0.751         }
#23 0.751       ],
#23 0.751       "sha256": "40efcce7e675c48c559eeb045382d9af8553fbe9d311156df9ca5f6e73afe329"
#23 0.751     },
#23 0.751     "test-deps/pygments/styles/inkpot.py": {
#23 0.751       "image_files": [
#23 0.751         {
#23 0.751           "path": "/opt/c3-test-deps/pygments/styles/inkpot.py",
#23 0.751           "sha256": "6c9bcd5a292a9c058b8f1d801f8b7fb56e234744ecad4c951571553c07ce8243"
#23 0.751         }
#23 0.751       ],
#23 0.751       "sha256": "6c9bcd5a292a9c058b8f1d801f8b7fb56e234744ecad4c951571553c07ce8243"
#23 0.751     },
#23 0.751     "test-deps/pygments/styles/lightbulb.py": {
#23 0.751       "image_files": [
#23 0.751         {
#23 0.751           "path": "/opt/c3-test-deps/pygments/styles/lightbulb.py",
#23 0.751           "sha256": "0a70efd661755f99359ac56f452fdd891e2d929d3a13f8e0d2d2bd71d1c41424"
#23 0.751         }
#23 0.751       ],
#23 0.751       "sha256": "0a70efd661755f99359ac56f452fdd891e2d929d3a13f8e0d2d2bd71d1c41424"
#23 0.751     },
#23 0.751     "test-deps/pygments/styles/lilypond.py": {
#23 0.751       "image_files": [
#23 0.751         {
#23 0.751           "path": "/opt/c3-test-deps/pygments/styles/lilypond.py",
#23 0.751           "sha256": "8120a26b33cf59f47ff7e055e416077bafb6812a2be2f3879f3de7c85408d900"
#23 0.751         }
#23 0.751       ],
#23 0.751       "sha256": "8120a26b33cf59f47ff7e055e416077bafb6812a2be2f3879f3de7c85408d900"
#23 0.751     },
#23 0.751     "test-deps/pygments/styles/lovelace.py": {
#23 0.751       "image_files": [
#23 0.751         {
#23 0.751           "path": "/opt/c3-test-deps/pygments/styles/lovelace.py",
#23 0.751           "sha256": "bd9f92f6d4be4143b07c0d111d8061493444de1d5953e6d99ee316eceea4b32c"
#23 0.751         }
#23 0.751       ],
#23 0.751       "sha256": "bd9f92f6d4be4143b07c0d111d8061493444de1d5953e6d99ee316eceea4b32c"
#23 0.751     },
#23 0.751     "test-deps/pygments/styles/manni.py": {
#23 0.751       "image_files": [
#23 0.751         {
#23 0.751           "path": "/opt/c3-test-deps/pygments/styles/manni.py",
#23 0.751           "sha256": "769b090b565e7acd1ef487168aba96b92cd0c700f48c86e3845aae336ddd9963"
#23 0.751         }
#23 0.751       ],
#23 0.751       "sha256": "769b090b565e7acd1ef487168aba96b92cd0c700f48c86e3845aae336ddd9963"
#23 0.751     },
#23 0.751     "test-deps/pygments/styles/material.py": {
#23 0.751       "image_files": [
#23 0.751         {
#23 0.751           "path": "/opt/c3-test-deps/pygments/styles/material.py",
#23 0.751           "sha256": "7b2c80689829d459e3978fbf0f7f7f975c07e425b85b455649c4374348ed0205"
#23 0.751         }
#23 0.751       ],
#23 0.751       "sha256": "7b2c80689829d459e3978fbf0f7f7f975c07e425b85b455649c4374348ed0205"
#23 0.751     },
#23 0.751     "test-deps/pygments/styles/monokai.py": {
#23 0.751       "image_files": [
#23 0.751         {
#23 0.751           "path": "/opt/c3-test-deps/pygments/styles/monokai.py",
#23 0.751           "sha256": "cf857bb506a1886a015ee7cf397600c0ce0e52c4c01d4b2da5ec4401c3c022c2"
#23 0.751         }
#23 0.751       ],
#23 0.751       "sha256": "cf857bb506a1886a015ee7cf397600c0ce0e52c4c01d4b2da5ec4401c3c022c2"
#23 0.751     },
#23 0.751     "test-deps/pygments/styles/murphy.py": {
#23 0.751       "image_files": [
#23 0.751         {
#23 0.751           "path": "/opt/c3-test-deps/pygments/styles/murphy.py",
#23 0.751           "sha256": "1ec3ddf349ce6dbdcebf7fbbc8941b9c9af7cfd982cb3df43e39ff9e45a4318a"
#23 0.751         }
#23 0.751       ],
#23 0.751       "sha256": "1ec3ddf349ce6dbdcebf7fbbc8941b9c9af7cfd982cb3df43e39ff9e45a4318a"
#23 0.751     },
#23 0.751     "test-deps/pygments/styles/native.py": {
#23 0.751       "image_files": [
#23 0.751         {
#23 0.751           "path": "/opt/c3-test-deps/pygments/styles/native.py",
#23 0.751           "sha256": "a1acc42546ee687aaa399479bf1fa32214cf230edd0ba4199cac56fb12ebedfb"
#23 0.751         }
#23 0.751       ],
#23 0.751       "sha256": "a1acc42546ee687aaa399479bf1fa32214cf230edd0ba4199cac56fb12ebedfb"
#23 0.751     },
#23 0.751     "test-deps/pygments/styles/night_owl.py": {
#23 0.751       "image_files": [
#23 0.751         {
#23 0.751           "path": "/opt/c3-test-deps/pygments/styles/night_owl.py",
#23 0.751           "sha256": "6c2e010e16c6ad15df601d83dbefbc9fd906f3144f491b1d75bdbcf6377a4f7d"
#23 0.751         }
#23 0.751       ],
#23 0.751       "sha256": "6c2e010e16c6ad15df601d83dbefbc9fd906f3144f491b1d75bdbcf6377a4f7d"
#23 0.751     },
#23 0.751     "test-deps/pygments/styles/nord.py": {
#23 0.751       "image_files": [
#23 0.751         {
#23 0.751           "path": "/opt/c3-test-deps/pygments/styles/nord.py",
#23 0.751           "sha256": "b7b7d98f4e0b520b0b687a62a3ae85a8e18c29bedad950b7b5e5259889cf7d18"
#23 0.751         }
#23 0.751       ],
#23 0.751       "sha256": "b7b7d98f4e0b520b0b687a62a3ae85a8e18c29bedad950b7b5e5259889cf7d18"
#23 0.751     },
#23 0.751     "test-deps/pygments/styles/onedark.py": {
#23 0.751       "image_files": [
#23 0.751         {
#23 0.751           "path": "/opt/c3-test-deps/pygments/styles/onedark.py",
#23 0.751           "sha256": "517acccd5bc0f4e54fece84243980bd02699ae4e63a3f23ce07266ecb10de464"
#23 0.751         }
#23 0.751       ],
#23 0.751       "sha256": "517acccd5bc0f4e54fece84243980bd02699ae4e63a3f23ce07266ecb10de464"
#23 0.751     },
#23 0.751     "test-deps/pygments/styles/paraiso_dark.py": {
#23 0.751       "image_files": [
#23 0.751         {
#23 0.751           "path": "/opt/c3-test-deps/pygments/styles/paraiso_dark.py",
#23 0.751           "sha256": "af1e7f8f8827651cb68fede10211665a99e39ddf957f3dd9edf7301174541a6d"
#23 0.751         }
#23 0.751       ],
#23 0.751       "sha256": "af1e7f8f8827651cb68fede10211665a99e39ddf957f3dd9edf7301174541a6d"
#23 0.751     },
#23 0.751     "test-deps/pygments/styles/paraiso_light.py": {
#23 0.751       "image_files": [
#23 0.751         {
#23 0.751           "path": "/opt/c3-test-deps/pygments/styles/paraiso_light.py",
#23 0.751           "sha256": "8844636d845e9aa82c8acbfff538da9c18a0e1b27ffbcd31473e41e69ba131cd"
#23 0.751         }
#23 0.751       ],
#23 0.751       "sha256": "8844636d845e9aa82c8acbfff538da9c18a0e1b27ffbcd31473e41e69ba131cd"
#23 0.751     },
#23 0.751     "test-deps/pygments/styles/pastie.py": {
#23 0.751       "image_files": [
#23 0.751         {
#23 0.751           "path": "/opt/c3-test-deps/pygments/styles/pastie.py",
#23 0.751           "sha256": "9a729e6c5889d9da3d03fc133eae2d2ad830f9342aa5bd253f790d6de990dada"
#23 0.751         }
#23 0.751       ],
#23 0.751       "sha256": "9a729e6c5889d9da3d03fc133eae2d2ad830f9342aa5bd253f790d6de990dada"
#23 0.751     },
#23 0.751     "test-deps/pygments/styles/perldoc.py": {
#23 0.751       "image_files": [
#23 0.751         {
#23 0.751           "path": "/opt/c3-test-deps/pygments/styles/perldoc.py",
#23 0.751           "sha256": "f9ed53e1004440d13f975ed1616f96068c0da6b836b8bfe11638520dc68c8833"
#23 0.751         }
#23 0.751       ],
#23 0.751       "sha256": "f9ed53e1004440d13f975ed1616f96068c0da6b836b8bfe11638520dc68c8833"
#23 0.751     },
#23 0.751     "test-deps/pygments/styles/rainbow_dash.py": {
#23 0.751       "image_files": [
#23 0.751         {
#23 0.751           "path": "/opt/c3-test-deps/pygments/styles/rainbow_dash.py",
#23 0.751           "sha256": "60fd873d55c92e63b2f18cfca7cbb919b900cae2b12e5366bba21364131ad4c7"
#23 0.751         }
#23 0.751       ],
#23 0.751       "sha256": "60fd873d55c92e63b2f18cfca7cbb919b900cae2b12e5366bba21364131ad4c7"
#23 0.751     },
#23 0.751     "test-deps/pygments/styles/rrt.py": {
#23 0.751       "image_files": [
#23 0.751         {
#23 0.751           "path": "/opt/c3-test-deps/pygments/styles/rrt.py",
#23 0.751           "sha256": "bece299d6c26308411d1e19cce9d3a0186b3b18891d0a15c462454cd27f7ad77"
#23 0.751         }
#23 0.751       ],
#23 0.751       "sha256": "bece299d6c26308411d1e19cce9d3a0186b3b18891d0a15c462454cd27f7ad77"
#23 0.751     },
#23 0.751     "test-deps/pygments/styles/sas.py": {
#23 0.751       "image_files": [
#23 0.751         {
#23 0.751           "path": "/opt/c3-test-deps/pygments/styles/sas.py",
#23 0.751           "sha256": "111f898d9814db01095a4e4ad3a8870053e35580f588c92f8e3134ae534eb766"
#23 0.751         }
#23 0.751       ],
#23 0.751       "sha256": "111f898d9814db01095a4e4ad3a8870053e35580f588c92f8e3134ae534eb766"
#23 0.751     },
#23 0.751     "test-deps/pygments/styles/solarized.py": {
#23 0.751       "image_files": [
#23 0.751         {
#23 0.751           "path": "/opt/c3-test-deps/pygments/styles/solarized.py",
#23 0.751           "sha256": "55db4b62143bc438ff8931cffc492beab01d31c1377d14ab8259e05526a5eb73"
#23 0.751         }
#23 0.751       ],
#23 0.751       "sha256": "55db4b62143bc438ff8931cffc492beab01d31c1377d14ab8259e05526a5eb73"
#23 0.751     },
#23 0.751     "test-deps/pygments/styles/staroffice.py": {
#23 0.751       "image_files": [
#23 0.751         {
#23 0.751           "path": "/opt/c3-test-deps/pygments/styles/staroffice.py",
#23 0.751           "sha256": "a5e13190806a3e4461a971695bdf67e3db7aa4cc1e848fe90d8554990c2481d0"
#23 0.751         }
#23 0.751       ],
#23 0.751       "sha256": "a5e13190806a3e4461a971695bdf67e3db7aa4cc1e848fe90d8554990c2481d0"
#23 0.751     },
#23 0.751     "test-deps/pygments/styles/stata_dark.py": {
#23 0.751       "image_files": [
#23 0.751         {
#23 0.751           "path": "/opt/c3-test-deps/pygments/styles/stata_dark.py",
#23 0.751           "sha256": "37a8a65b292a1e84f976b3a7fac551533b7501930a1b71c753e43b2cacf6779d"
#23 0.751         }
#23 0.751       ],
#23 0.751       "sha256": "37a8a65b292a1e84f976b3a7fac551533b7501930a1b71c753e43b2cacf6779d"
#23 0.751     },
#23 0.751     "test-deps/pygments/styles/stata_light.py": {
#23 0.751       "image_files": [
#23 0.751         {
#23 0.751           "path": "/opt/c3-test-deps/pygments/styles/stata_light.py",
#23 0.751           "sha256": "616ee2878b5e5e812e50722638adab192095c5f9e3e37b6570a3d752cac39118"
#23 0.751         }
#23 0.751       ],
#23 0.751       "sha256": "616ee2878b5e5e812e50722638adab192095c5f9e3e37b6570a3d752cac39118"
#23 0.751     },
#23 0.751     "test-deps/pygments/styles/tango.py": {
#23 0.751       "image_files": [
#23 0.751         {
#23 0.751           "path": "/opt/c3-test-deps/pygments/styles/tango.py",
#23 0.751           "sha256": "01fd16553c691ff714747affb9aebd2438a34cb239686d519814c5ee8d8a4e09"
#23 0.751         }
#23 0.751       ],
#23 0.751       "sha256": "01fd16553c691ff714747affb9aebd2438a34cb239686d519814c5ee8d8a4e09"
#23 0.751     },
#23 0.751     "test-deps/pygments/styles/trac.py": {
#23 0.751       "image_files": [
#23 0.751         {
#23 0.751           "path": "/opt/c3-test-deps/pygments/styles/trac.py",
#23 0.751           "sha256": "fa1e6253e2e34a6b7e750ef2e635f02792d0f40051e500f94653d18e19f39aff"
#23 0.751         }
#23 0.751       ],
#23 0.751       "sha256": "fa1e6253e2e34a6b7e750ef2e635f02792d0f40051e500f94653d18e19f39aff"
#23 0.751     },
#23 0.751     "test-deps/pygments/styles/vim.py": {
#23 0.751       "image_files": [
#23 0.751         {
#23 0.751           "path": "/opt/c3-test-deps/pygments/styles/vim.py",
#23 0.751           "sha256": "756a82542d984f8e5d2d2a4c4f02c13e4298811b13d7e7057fb647a1cd8f4290"
#23 0.751         }
#23 0.751       ],
#23 0.751       "sha256": "756a82542d984f8e5d2d2a4c4f02c13e4298811b13d7e7057fb647a1cd8f4290"
#23 0.751     },
#23 0.751     "test-deps/pygments/styles/vs.py": {
#23 0.751       "image_files": [
#23 0.751         {
#23 0.751           "path": "/opt/c3-test-deps/pygments/styles/vs.py",
#23 0.751           "sha256": "ec725e861b621c4e6789b8c2debdd7f9a607066e4171c2f7dcb80eff86a71225"
#23 0.751         }
#23 0.751       ],
#23 0.751       "sha256": "ec725e861b621c4e6789b8c2debdd7f9a607066e4171c2f7dcb80eff86a71225"
#23 0.751     },
#23 0.751     "test-deps/pygments/styles/xcode.py": {
#23 0.751       "image_files": [
#23 0.751         {
#23 0.751           "path": "/opt/c3-test-deps/pygments/styles/xcode.py",
#23 0.751           "sha256": "1e607a68f931be6a38cdae438a384b6f90174b2bfa51b5a7c0e5284543416990"
#23 0.751         }
#23 0.751       ],
#23 0.751       "sha256": "1e607a68f931be6a38cdae438a384b6f90174b2bfa51b5a7c0e5284543416990"
#23 0.751     },
#23 0.751     "test-deps/pygments/styles/zenburn.py": {
#23 0.751       "image_files": [
#23 0.751         {
#23 0.751           "path": "/opt/c3-test-deps/pygments/styles/zenburn.py",
#23 0.751           "sha256": "031ee205b333bd540d4e94f761d33008490bfa72179e9afad1a56b4782e96baa"
#23 0.751         }
#23 0.751       ],
#23 0.751       "sha256": "031ee205b333bd540d4e94f761d33008490bfa72179e9afad1a56b4782e96baa"
#23 0.751     },
#23 0.751     "test-deps/pygments/token.py": {
#23 0.751       "image_files": [
#23 0.751         {
#23 0.751           "path": "/opt/c3-test-deps/pygments/token.py",
#23 0.751           "sha256": "0d58a5e53da5b479138104d4632d5d32d8328a08dabc2b35ca913841fd82ac6a"
#23 0.751         }
#23 0.751       ],
#23 0.751       "sha256": "0d58a5e53da5b479138104d4632d5d32d8328a08dabc2b35ca913841fd82ac6a"
#23 0.751     },
#23 0.751     "test-deps/pygments/unistring.py": {
#23 0.751       "image_files": [
#23 0.751         {
#23 0.751           "path": "/opt/c3-test-deps/pygments/unistring.py",
#23 0.751           "sha256": "678c381df395521b9e09445191f840a90d9bfbaf54ce4858e31b877af604cb98"
#23 0.751         }
#23 0.751       ],
#23 0.751       "sha256": "678c381df395521b9e09445191f840a90d9bfbaf54ce4858e31b877af604cb98"
#23 0.751     },
#23 0.751     "test-deps/pygments/util.py": {
#23 0.751       "image_files": [
#23 0.751         {
#23 0.751           "path": "/opt/c3-test-deps/pygments/util.py",
#23 0.751           "sha256": "37432e828279a6e031c557865aa1daa2b242f4770792f45489a8536dc592e3c5"
#23 0.751         }
#23 0.751       ],
#23 0.751       "sha256": "37432e828279a6e031c557865aa1daa2b242f4770792f45489a8536dc592e3c5"
#23 0.751     },
#23 0.751     "test-deps/pytest-9.1.1.dist-info/INSTALLER": {
#23 0.751       "image_files": [
#23 0.751         {
#23 0.751           "path": "/opt/c3-test-deps/pytest-9.1.1.dist-info/INSTALLER",
#23 0.751           "sha256": "e6184ce10e266134fdcfa401e8f1a95005bcd4f18d16b62b757323e2833fe9a9"
#23 0.751         }
#23 0.751       ],
#23 0.751       "sha256": "e6184ce10e266134fdcfa401e8f1a95005bcd4f18d16b62b757323e2833fe9a9"
#23 0.751     },
#23 0.751     "test-deps/pytest-9.1.1.dist-info/METADATA": {
#23 0.751       "image_files": [
#23 0.751         {
#23 0.751           "path": "/opt/c3-test-deps/pytest-9.1.1.dist-info/METADATA",
#23 0.751           "sha256": "c5d032518012789cabc870d46589aca3aeda36cf9fa4399ee88bda3d10438451"
#23 0.751         }
#23 0.751       ],
#23 0.751       "sha256": "c5d032518012789cabc870d46589aca3aeda36cf9fa4399ee88bda3d10438451"
#23 0.751     },
#23 0.751     "test-deps/pytest-9.1.1.dist-info/RECORD": {
#23 0.751       "image_files": [
#23 0.751         {
#23 0.751           "path": "/opt/c3-test-deps/pytest-9.1.1.dist-info/RECORD",
#23 0.751           "sha256": "e60400525ab4d5ecbf404337354e8cdcff8257272aa0d121ac362672597a0985"
#23 0.751         }
#23 0.751       ],
#23 0.751       "sha256": "e60400525ab4d5ecbf404337354e8cdcff8257272aa0d121ac362672597a0985"
#23 0.751     },
#23 0.751     "test-deps/pytest-9.1.1.dist-info/REQUESTED": {
#23 0.751       "image_files": [
#23 0.751         {
#23 0.751           "path": "/opt/c3-test-deps/pytest-9.1.1.dist-info/REQUESTED",
#23 0.751           "sha256": "e3b0c44298fc1c149afbf4c8996fb92427ae41e4649b934ca495991b7852b855"
#23 0.751         }
#23 0.751       ],
#23 0.751       "sha256": "e3b0c44298fc1c149afbf4c8996fb92427ae41e4649b934ca495991b7852b855"
#23 0.751     },
#23 0.751     "test-deps/pytest-9.1.1.dist-info/WHEEL": {
#23 0.751       "image_files": [
#23 0.751         {
#23 0.751           "path": "/opt/c3-test-deps/pytest-9.1.1.dist-info/WHEEL",
#23 0.751           "sha256": "69e6228a0d35958183cc1812f07c565ce837b95eb51bd8a33acba9fa4f68d6c9"
#23 0.751         }
#23 0.751       ],
#23 0.751       "sha256": "69e6228a0d35958183cc1812f07c565ce837b95eb51bd8a33acba9fa4f68d6c9"
#23 0.751     },
#23 0.751     "test-deps/pytest-9.1.1.dist-info/entry_points.txt": {
#23 0.751       "image_files": [
#23 0.751         {
#23 0.751           "path": "/opt/c3-test-deps/pytest-9.1.1.dist-info/entry_points.txt",
#23 0.751           "sha256": "b21b5de5a40ce6372eff650d87fe4ce166b662590a307535e179bfc6c8d2a4d6"
#23 0.751         }
#23 0.751       ],
#23 0.751       "sha256": "b21b5de5a40ce6372eff650d87fe4ce166b662590a307535e179bfc6c8d2a4d6"
#23 0.751     },
#23 0.751     "test-deps/pytest-9.1.1.dist-info/licenses/LICENSE": {
#23 0.751       "image_files": [
#23 0.751         {
#23 0.751           "path": "/opt/c3-test-deps/pytest-9.1.1.dist-info/licenses/LICENSE",
#23 0.751           "sha256": "ca836a5f9ecca3b2f350230faa20a48fb8b145653b5568d784862df864706b9b"
#23 0.751         }
#23 0.751       ],
#23 0.751       "sha256": "ca836a5f9ecca3b2f350230faa20a48fb8b145653b5568d784862df864706b9b"
#23 0.751     },
#23 0.751     "test-deps/pytest-9.1.1.dist-info/top_level.txt": {
#23 0.751       "image_files": [
#23 0.751         {
#23 0.751           "path": "/opt/c3-test-deps/pytest-9.1.1.dist-info/top_level.txt",
#23 0.751           "sha256": "cb2863be65c7efe24e6a84087663501cfba8042c4ec974b78c8b61b3fe82f00e"
#23 0.751         }
#23 0.751       ],
#23 0.751       "sha256": "cb2863be65c7efe24e6a84087663501cfba8042c4ec974b78c8b61b3fe82f00e"
#23 0.751     },
#23 0.751     "test-deps/pytest/__init__.py": {
#23 0.751       "image_files": [
#23 0.751         {
#23 0.751           "path": "/opt/c3-test-deps/pytest/__init__.py",
#23 0.751           "sha256": "ee37885c9583f843390684dfb496907f87a0905128e7a3cf4ad227f49ff34c2d"
#23 0.751         }
#23 0.751       ],
#23 0.751       "sha256": "ee37885c9583f843390684dfb496907f87a0905128e7a3cf4ad227f49ff34c2d"
#23 0.751     },
#23 0.751     "test-deps/pytest/__main__.py": {
#23 0.751       "image_files": [
#23 0.751         {
#23 0.751           "path": "/opt/c3-test-deps/pytest/__main__.py",
#23 0.751           "sha256": "37f8b6a3df1aef71336bce85e366db968ede153dd72ad4e60bebff79e279dc40"
#23 0.751         }
#23 0.751       ],
#23 0.751       "sha256": "37f8b6a3df1aef71336bce85e366db968ede153dd72ad4e60bebff79e279dc40"
#23 0.751     },
#23 0.751     "test-deps/pytest/py.typed": {
#23 0.751       "image_files": [
#23 0.751         {
#23 0.751           "path": "/opt/c3-test-deps/pytest/py.typed",
#23 0.751           "sha256": "e3b0c44298fc1c149afbf4c8996fb92427ae41e4649b934ca495991b7852b855"
#23 0.751         }
#23 0.751       ],
#23 0.751       "sha256": "e3b0c44298fc1c149afbf4c8996fb92427ae41e4649b934ca495991b7852b855"
#23 0.751     },
#23 0.751     "watt/README.md": {
#23 0.751       "image_files": [
#23 0.751         {
#23 0.751           "path": "/app/README.md",
#23 0.751           "sha256": "af2fd40147e0b91d6b3a667509e851b6cc3e6df65da49f3b7b0434890b0d036c"
#23 0.751         }
#23 0.751       ],
#23 0.751       "sha256": "af2fd40147e0b91d6b3a667509e851b6cc3e6df65da49f3b7b0434890b0d036c"
#23 0.751     },
#23 0.751     "watt/alembic.ini": {
#23 0.751       "image_files": [
#23 0.751         {
#23 0.751           "path": "/app/alembic.ini",
#23 0.751           "sha256": "fa730d8c271952601805e329260227f59ddd4b3466181c70f5a35638659a6773"
#23 0.751         },
#23 0.751         {
#23 0.751           "path": "/qualification/alembic.ini",
#23 0.751           "sha256": "fa730d8c271952601805e329260227f59ddd4b3466181c70f5a35638659a6773"
#23 0.751         }
#23 0.751       ],
#23 0.751       "sha256": "fa730d8c271952601805e329260227f59ddd4b3466181c70f5a35638659a6773"
#23 0.751     },
#23 0.751     "watt/docker/start_app.py": {
#23 0.751       "image_files": [
#23 0.751         {
#23 0.751           "path": "/app/docker/start_app.py",
#23 0.751           "sha256": "9f089c7d9999e8661912e0bbd76721f3889efa63ed38627f86a574cfdb3e07dc"
#23 0.751         }
#23 0.751       ],
#23 0.751       "sha256": "9f089c7d9999e8661912e0bbd76721f3889efa63ed38627f86a574cfdb3e07dc"
#23 0.751     },
#23 0.751     "watt/docker/start_delivery.py": {
#23 0.751       "image_files": [
#23 0.751         {
#23 0.751           "path": "/app/docker/start_delivery.py",
#23 0.751           "sha256": "c6ac23ccaf960423ed5227b9f49e97184e2e4ad72966d0ee5a82333c24d7f2f7"
#23 0.751         }
#23 0.751       ],
#23 0.751       "sha256": "c6ac23ccaf960423ed5227b9f49e97184e2e4ad72966d0ee5a82333c24d7f2f7"
#23 0.751     },
#23 0.751     "watt/docker/start_human_acceptance.py": {
#23 0.751       "image_files": [
#23 0.751         {
#23 0.751           "path": "/app/docker/start_human_acceptance.py",
#23 0.751           "sha256": "65d50f0e4a89948a31255df493f87d5e898f7bf7baf6a930ed4c17692918be62"
#23 0.751         }
#23 0.751       ],
#23 0.751       "sha256": "65d50f0e4a89948a31255df493f87d5e898f7bf7baf6a930ed4c17692918be62"
#23 0.751     },
#23 0.751     "watt/docker/start_uncommitted_qualification.py": {
#23 0.751       "image_files": [
#23 0.751         {
#23 0.751           "path": "/app/docker/start_uncommitted_qualification.py",
#23 0.751           "sha256": "977cbdf858a53a3ae26896c1a283b83610dfd03ffd795662fedd114964a04fd8"
#23 0.751         }
#23 0.751       ],
#23 0.751       "sha256": "977cbdf858a53a3ae26896c1a283b83610dfd03ffd795662fedd114964a04fd8"
#23 0.751     },
#23 0.751     "watt/docs/evidence/core-production-semantic-convergence-c3-20261009/Dockerfile.c3": {
#23 0.751       "image_files": [
#23 0.751         {
#23 0.751           "path": "/opt/c3-build/Dockerfile.c3",
#23 0.751           "sha256": "8f93fbbaf6a1c18d31bf00f4e6d9ddc51e721a690a960a85d9dbe0baa85af1ed"
#23 0.751         }
#23 0.751       ],
#23 0.751       "sha256": "8f93fbbaf6a1c18d31bf00f4e6d9ddc51e721a690a960a85d9dbe0baa85af1ed"
#23 0.751     },
#23 0.751     "watt/docs/evidence/core-production-semantic-convergence-c3-20261009/attest_c3_image.py": {
#23 0.751       "image_files": [
#23 0.751         {
#23 0.751           "path": "/opt/c3-build/attest_c3_image.py",
#23 0.751           "sha256": "0f0d0f4dda65739278642b0179f2b3e46d10cfe5ce523ff3e991e51e1d48d3bc"
#23 0.751         }
#23 0.751       ],
#23 0.751       "sha256": "0f0d0f4dda65739278642b0179f2b3e46d10cfe5ce523ff3e991e51e1d48d3bc"
#23 0.751     },
#23 0.751     "watt/migrations/env.py": {
#23 0.751       "image_files": [
#23 0.751         {
#23 0.751           "path": "/app/migrations/env.py",
#23 0.751           "sha256": "57b4410a9381f95771d6cc8df46cbbcadd25a67e2e51589c1f91f3cee66b29cd"
#23 0.751         },
#23 0.751         {
#23 0.751           "path": "/qualification/migrations/env.py",
#23 0.751           "sha256": "57b4410a9381f95771d6cc8df46cbbcadd25a67e2e51589c1f91f3cee66b29cd"
#23 0.751         }
#23 0.751       ],
#23 0.751       "sha256": "57b4410a9381f95771d6cc8df46cbbcadd25a67e2e51589c1f91f3cee66b29cd"
#23 0.751     },
#23 0.751     "watt/migrations/script.py.mako": {
#23 0.751       "image_files": [
#23 0.751         {
#23 0.751           "path": "/app/migrations/script.py.mako",
#23 0.751           "sha256": "ba48dcdfd7485868610dfd5e195ef2d7e4e7ada32b4b6034e0d33ca4637b22f5"
#23 0.751         },
#23 0.751         {
#23 0.751           "path": "/qualification/migrations/script.py.mako",
#23 0.751           "sha256": "ba48dcdfd7485868610dfd5e195ef2d7e4e7ada32b4b6034e0d33ca4637b22f5"
#23 0.751         }
#23 0.751       ],
#23 0.751       "sha256": "ba48dcdfd7485868610dfd5e195ef2d7e4e7ada32b4b6034e0d33ca4637b22f5"
#23 0.751     },
#23 0.751     "watt/migrations/versions/.gitkeep": {
#23 0.751       "image_files": [
#23 0.751         {
#23 0.751           "path": "/app/migrations/versions/.gitkeep",
#23 0.751           "sha256": "7eb70257593da06f682a3ddda54a9d260d4fc514f645237f5ca74b08f8da61a6"
#23 0.751         },
#23 0.751         {
#23 0.751           "path": "/qualification/migrations/versions/.gitkeep",
#23 0.751           "sha256": "7eb70257593da06f682a3ddda54a9d260d4fc514f645237f5ca74b08f8da61a6"
#23 0.751         }
#23 0.751       ],
#23 0.751       "sha256": "7eb70257593da06f682a3ddda54a9d260d4fc514f645237f5ca74b08f8da61a6"
#23 0.751     },
#23 0.751     "watt/migrations/versions/20260827_01_s1c_runtime_spine.py": {
#23 0.751       "image_files": [
#23 0.751         {
#23 0.751           "path": "/app/migrations/versions/20260827_01_s1c_runtime_spine.py",
#23 0.751           "sha256": "37efe9d96fe8c806fbcb8eab7d77250e8651c8ce547a7460db70121458f47dc0"
#23 0.751         },
#23 0.751         {
#23 0.751           "path": "/qualification/migrations/versions/20260827_01_s1c_runtime_spine.py",
#23 0.751           "sha256": "37efe9d96fe8c806fbcb8eab7d77250e8651c8ce547a7460db70121458f47dc0"
#23 0.751         }
#23 0.751       ],
#23 0.751       "sha256": "37efe9d96fe8c806fbcb8eab7d77250e8651c8ce547a7460db70121458f47dc0"
#23 0.751     },
#23 0.751     "watt/migrations/versions/20260828_02_s2a_preparation.py": {
#23 0.751       "image_files": [
#23 0.751         {
#23 0.751           "path": "/app/migrations/versions/20260828_02_s2a_preparation.py",
#23 0.751           "sha256": "1b7492f546464380fb8432ef6d03f0eb8ee270086b35ac97ee24e3b6618fb300"
#23 0.751         },
#23 0.751         {
#23 0.751           "path": "/qualification/migrations/versions/20260828_02_s2a_preparation.py",
#23 0.751           "sha256": "1b7492f546464380fb8432ef6d03f0eb8ee270086b35ac97ee24e3b6618fb300"
#23 0.751         }
#23 0.751       ],
#23 0.751       "sha256": "1b7492f546464380fb8432ef6d03f0eb8ee270086b35ac97ee24e3b6618fb300"
#23 0.751     },
#23 0.751     "watt/migrations/versions/20260828_03_s2b_execution_observation.py": {
#23 0.751       "image_files": [
#23 0.751         {
#23 0.751           "path": "/app/migrations/versions/20260828_03_s2b_execution_observation.py",
#23 0.751           "sha256": "ca62478a2a65990271b4afbc545ec3c8d7356315c9195ca5532388cc23d34b15"
#23 0.751         },
#23 0.751         {
#23 0.751           "path": "/qualification/migrations/versions/20260828_03_s2b_execution_observation.py",
#23 0.751           "sha256": "ca62478a2a65990271b4afbc545ec3c8d7356315c9195ca5532388cc23d34b15"
#23 0.751         }
#23 0.751       ],
#23 0.751       "sha256": "ca62478a2a65990271b4afbc545ec3c8d7356315c9195ca5532388cc23d34b15"
#23 0.751     },
#23 0.751     "watt/migrations/versions/20260828_04_s3a_completion_evaluation.py": {
#23 0.751       "image_files": [
#23 0.751         {
#23 0.751           "path": "/app/migrations/versions/20260828_04_s3a_completion_evaluation.py",
#23 0.751           "sha256": "efea030bce6be6c6419b93dfe7a337fda15bbd2478d963d2aa7e7aa22c9eda2c"
#23 0.751         },
#23 0.751         {
#23 0.751           "path": "/qualification/migrations/versions/20260828_04_s3a_completion_evaluation.py",
#23 0.751           "sha256": "efea030bce6be6c6419b93dfe7a337fda15bbd2478d963d2aa7e7aa22c9eda2c"
#23 0.751         }
#23 0.751       ],
#23 0.751       "sha256": "efea030bce6be6c6419b93dfe7a337fda15bbd2478d963d2aa7e7aa22c9eda2c"
#23 0.751     },
#23 0.751     "watt/migrations/versions/20260828_05_s3b_verification_satisfaction.py": {
#23 0.751       "image_files": [
#23 0.751         {
#23 0.751           "path": "/app/migrations/versions/20260828_05_s3b_verification_satisfaction.py",
#23 0.751           "sha256": "d8dfac9d9bdd4c8e49ae7bbce9bc1d06cec1f78027734aa62244368741918455"
#23 0.751         },
#23 0.751         {
#23 0.751           "path": "/qualification/migrations/versions/20260828_05_s3b_verification_satisfaction.py",
#23 0.751           "sha256": "d8dfac9d9bdd4c8e49ae7bbce9bc1d06cec1f78027734aa62244368741918455"
#23 0.751         }
#23 0.751       ],
#23 0.751       "sha256": "d8dfac9d9bdd4c8e49ae7bbce9bc1d06cec1f78027734aa62244368741918455"
#23 0.751     },
#23 0.751     "watt/migrations/versions/20260828_06_s3c_candidate_governance.py": {
#23 0.751       "image_files": [
#23 0.751         {
#23 0.751           "path": "/app/migrations/versions/20260828_06_s3c_candidate_governance.py",
#23 0.751           "sha256": "1912fe861ea66295912ff1d579fe5187e851983bd6bb14c95f094300e0fd5352"
#23 0.751         },
#23 0.751         {
#23 0.751           "path": "/qualification/migrations/versions/20260828_06_s3c_candidate_governance.py",
#23 0.751           "sha256": "1912fe861ea66295912ff1d579fe5187e851983bd6bb14c95f094300e0fd5352"
#23 0.751         }
#23 0.751       ],
#23 0.751       "sha256": "1912fe861ea66295912ff1d579fe5187e851983bd6bb14c95f094300e0fd5352"
#23 0.751     },
#23 0.751     "watt/migrations/versions/20260829_07_s4a_repository_integration.py": {
#23 0.751       "image_files": [
#23 0.751         {
#23 0.751           "path": "/app/migrations/versions/20260829_07_s4a_repository_integration.py",
#23 0.751           "sha256": "3ecc3109a8db87da36ab99ff907b991c617f7eb2a40475d7c28e4f6c09466999"
#23 0.751         },
#23 0.751         {
#23 0.751           "path": "/qualification/migrations/versions/20260829_07_s4a_repository_integration.py",
#23 0.751           "sha256": "3ecc3109a8db87da36ab99ff907b991c617f7eb2a40475d7c28e4f6c09466999"
#23 0.751         }
#23 0.751       ],
#23 0.751       "sha256": "3ecc3109a8db87da36ab99ff907b991c617f7eb2a40475d7c28e4f6c09466999"
#23 0.751     },
#23 0.751     "watt/migrations/versions/20260829_08_s4b_runtime_commit.py": {
#23 0.751       "image_files": [
#23 0.751         {
#23 0.751           "path": "/app/migrations/versions/20260829_08_s4b_runtime_commit.py",
#23 0.751           "sha256": "203499d48d84635aea5f9d5197187ec40725b4a15403f882c0906400361a5282"
#23 0.751         },
#23 0.751         {
#23 0.751           "path": "/qualification/migrations/versions/20260829_08_s4b_runtime_commit.py",
#23 0.751           "sha256": "203499d48d84635aea5f9d5197187ec40725b4a15403f882c0906400361a5282"
#23 0.751         }
#23 0.751       ],
#23 0.751       "sha256": "203499d48d84635aea5f9d5197187ec40725b4a15403f882c0906400361a5282"
#23 0.751     },
#23 0.751     "watt/migrations/versions/20260829_09_s5a_recovery_assessment.py": {
#23 0.751       "image_files": [
#23 0.751         {
#23 0.751           "path": "/app/migrations/versions/20260829_09_s5a_recovery_assessment.py",
#23 0.751           "sha256": "76b7f8bee043872eccde9782dd0b21d2fe65032b2a2408e03103f40a71137914"
#23 0.751         },
#23 0.751         {
#23 0.751           "path": "/qualification/migrations/versions/20260829_09_s5a_recovery_assessment.py",
#23 0.751           "sha256": "76b7f8bee043872eccde9782dd0b21d2fe65032b2a2408e03103f40a71137914"
#23 0.751         }
#23 0.751       ],
#23 0.751       "sha256": "76b7f8bee043872eccde9782dd0b21d2fe65032b2a2408e03103f40a71137914"
#23 0.751     },
#23 0.751     "watt/migrations/versions/20260829_10_s5b_recovery_reconciliation.py": {
#23 0.751       "image_files": [
#23 0.751         {
#23 0.751           "path": "/app/migrations/versions/20260829_10_s5b_recovery_reconciliation.py",
#23 0.751           "sha256": "89cd0ce003787bcc6a8a5fa1f3d1fca34619a3b179d277b07192d9b86ac91ec1"
#23 0.751         },
#23 0.751         {
#23 0.751           "path": "/qualification/migrations/versions/20260829_10_s5b_recovery_reconciliation.py",
#23 0.751           "sha256": "89cd0ce003787bcc6a8a5fa1f3d1fca34619a3b179d277b07192d9b86ac91ec1"
#23 0.751         }
#23 0.751       ],
#23 0.751       "sha256": "89cd0ce003787bcc6a8a5fa1f3d1fca34619a3b179d277b07192d9b86ac91ec1"
#23 0.751     },
#23 0.751     "watt/migrations/versions/20260829_11_s5c_attempt_recovery.py": {
#23 0.751       "image_files": [
#23 0.751         {
#23 0.751           "path": "/app/migrations/versions/20260829_11_s5c_attempt_recovery.py",
#23 0.751           "sha256": "0a21f0c72a84dd262f6eb76f57eb962e2186d6f3003ebf7d73a4321730dffe31"
#23 0.751         },
#23 0.751         {
#23 0.751           "path": "/qualification/migrations/versions/20260829_11_s5c_attempt_recovery.py",
#23 0.751           "sha256": "0a21f0c72a84dd262f6eb76f57eb962e2186d6f3003ebf7d73a4321730dffe31"
#23 0.751         }
#23 0.751       ],
#23 0.751       "sha256": "0a21f0c72a84dd262f6eb76f57eb962e2186d6f3003ebf7d73a4321730dffe31"
#23 0.751     },
#23 0.751     "watt/migrations/versions/20260829_12_s6b1_materialized_execution_input.py": {
#23 0.751       "image_files": [
#23 0.751         {
#23 0.751           "path": "/app/migrations/versions/20260829_12_s6b1_materialized_execution_input.py",
#23 0.751           "sha256": "19350b5420f74ae565e90621ea6b5ae3b1ccec1e71ef2f7691600318747f1bc4"
#23 0.751         },
#23 0.751         {
#23 0.751           "path": "/qualification/migrations/versions/20260829_12_s6b1_materialized_execution_input.py",
#23 0.751           "sha256": "19350b5420f74ae565e90621ea6b5ae3b1ccec1e71ef2f7691600318747f1bc4"
#23 0.751         }
#23 0.751       ],
#23 0.751       "sha256": "19350b5420f74ae565e90621ea6b5ae3b1ccec1e71ef2f7691600318747f1bc4"
#23 0.751     },
#23 0.751     "watt/migrations/versions/20260902_13_s6c2_r4b_maintenance_recovery.py": {
#23 0.751       "image_files": [
#23 0.751         {
#23 0.751           "path": "/app/migrations/versions/20260902_13_s6c2_r4b_maintenance_recovery.py",
#23 0.751           "sha256": "31e6198ea635f4f5db4d2684d6553f838f56d5d51b7b8043a6f147cacdf2855b"
#23 0.751         },
#23 0.751         {
#23 0.751           "path": "/qualification/migrations/versions/20260902_13_s6c2_r4b_maintenance_recovery.py",
#23 0.751           "sha256": "31e6198ea635f4f5db4d2684d6553f838f56d5d51b7b8043a6f147cacdf2855b"
#23 0.751         }
#23 0.751       ],
#23 0.751       "sha256": "31e6198ea635f4f5db4d2684d6553f838f56d5d51b7b8043a6f147cacdf2855b"
#23 0.751     },
#23 0.751     "watt/migrations/versions/20260902_14_mvp_app_work_flow.py": {
#23 0.751       "image_files": [
#23 0.751         {
#23 0.751           "path": "/app/migrations/versions/20260902_14_mvp_app_work_flow.py",
#23 0.751           "sha256": "176994dc6fea48b409a2b71366eeb1793c892a78f66e3504b56e1aa1d1ae17c6"
#23 0.751         },
#23 0.751         {
#23 0.751           "path": "/qualification/migrations/versions/20260902_14_mvp_app_work_flow.py",
#23 0.751           "sha256": "176994dc6fea48b409a2b71366eeb1793c892a78f66e3504b56e1aa1d1ae17c6"
#23 0.751         }
#23 0.751       ],
#23 0.751       "sha256": "176994dc6fea48b409a2b71366eeb1793c892a78f66e3504b56e1aa1d1ae17c6"
#23 0.751     },
#23 0.751     "watt/migrations/versions/20260903_15_mvp_intake_artifact_target.py": {
#23 0.751       "image_files": [
#23 0.751         {
#23 0.751           "path": "/app/migrations/versions/20260903_15_mvp_intake_artifact_target.py",
#23 0.751           "sha256": "c950d74c5aacb8f468a5d83cc10023739ce8321c719439dcda18a27935aa07dc"
#23 0.751         },
#23 0.751         {
#23 0.751           "path": "/qualification/migrations/versions/20260903_15_mvp_intake_artifact_target.py",
#23 0.751           "sha256": "c950d74c5aacb8f468a5d83cc10023739ce8321c719439dcda18a27935aa07dc"
#23 0.751         }
#23 0.751       ],
#23 0.751       "sha256": "c950d74c5aacb8f468a5d83cc10023739ce8321c719439dcda18a27935aa07dc"
#23 0.751     },
#23 0.751     "watt/migrations/versions/20260904_16_mvp_single_pwu_planning.py": {
#23 0.751       "image_files": [
#23 0.751         {
#23 0.751           "path": "/app/migrations/versions/20260904_16_mvp_single_pwu_planning.py",
#23 0.751           "sha256": "3a2bfb242e4817df63d43706a32af1598c3951c23ada1d9e32567e1b5f3fb9ae"
#23 0.751         },
#23 0.751         {
#23 0.751           "path": "/qualification/migrations/versions/20260904_16_mvp_single_pwu_planning.py",
#23 0.751           "sha256": "3a2bfb242e4817df63d43706a32af1598c3951c23ada1d9e32567e1b5f3fb9ae"
#23 0.751         }
#23 0.751       ],
#23 0.751       "sha256": "3a2bfb242e4817df63d43706a32af1598c3951c23ada1d9e32567e1b5f3fb9ae"
#23 0.751     },
#23 0.751     "watt/migrations/versions/20260904_17_mvp_repository_change_proposal.py": {
#23 0.751       "image_files": [
#23 0.751         {
#23 0.751           "path": "/app/migrations/versions/20260904_17_mvp_repository_change_proposal.py",
#23 0.751           "sha256": "149f351bc707eabf72774715dcbdbeb37fd2c671ca188a684e823f0f56f322d2"
#23 0.751         },
#23 0.751         {
#23 0.751           "path": "/qualification/migrations/versions/20260904_17_mvp_repository_change_proposal.py",
#23 0.751           "sha256": "149f351bc707eabf72774715dcbdbeb37fd2c671ca188a684e823f0f56f322d2"
#23 0.751         }
#23 0.751       ],
#23 0.751       "sha256": "149f351bc707eabf72774715dcbdbeb37fd2c671ca188a684e823f0f56f322d2"
#23 0.751     },
#23 0.751     "watt/migrations/versions/20260905_18_mvp_steering_truth_spine.py": {
#23 0.751       "image_files": [
#23 0.751         {
#23 0.751           "path": "/app/migrations/versions/20260905_18_mvp_steering_truth_spine.py",
#23 0.751           "sha256": "28fc1d940c8e704e43a3999da4c061f4e359e1c598e781fa6de6a31befc3ebda"
#23 0.751         },
#23 0.751         {
#23 0.751           "path": "/qualification/migrations/versions/20260905_18_mvp_steering_truth_spine.py",
#23 0.751           "sha256": "28fc1d940c8e704e43a3999da4c061f4e359e1c598e781fa6de6a31befc3ebda"
#23 0.751         }
#23 0.751       ],
#23 0.751       "sha256": "28fc1d940c8e704e43a3999da4c061f4e359e1c598e781fa6de6a31befc3ebda"
#23 0.751     },
#23 0.751     "watt/migrations/versions/20260905_19_mvp_steering_decision_frame.py": {
#23 0.751       "image_files": [
#23 0.751         {
#23 0.751           "path": "/app/migrations/versions/20260905_19_mvp_steering_decision_frame.py",
#23 0.751           "sha256": "b695affe9aaf08681f019217f9ebece13e5fe2ab52476ff9d3294946d82cab19"
#23 0.751         },
#23 0.751         {
#23 0.751           "path": "/qualification/migrations/versions/20260905_19_mvp_steering_decision_frame.py",
#23 0.751           "sha256": "b695affe9aaf08681f019217f9ebece13e5fe2ab52476ff9d3294946d82cab19"
#23 0.751         }
#23 0.751       ],
#23 0.751       "sha256": "b695affe9aaf08681f019217f9ebece13e5fe2ab52476ff9d3294946d82cab19"
#23 0.751     },
#23 0.751     "watt/migrations/versions/20260905_20_mvp_steering_production_cycles.py": {
#23 0.751       "image_files": [
#23 0.751         {
#23 0.751           "path": "/app/migrations/versions/20260905_20_mvp_steering_production_cycles.py",
#23 0.751           "sha256": "1200746190c1fd928189640e7bd8a43c68ba6648739fafd2eb3dbbaa88ae3382"
#23 0.751         },
#23 0.751         {
#23 0.751           "path": "/qualification/migrations/versions/20260905_20_mvp_steering_production_cycles.py",
#23 0.751           "sha256": "1200746190c1fd928189640e7bd8a43c68ba6648739fafd2eb3dbbaa88ae3382"
#23 0.751         }
#23 0.751       ],
#23 0.751       "sha256": "1200746190c1fd928189640e7bd8a43c68ba6648739fafd2eb3dbbaa88ae3382"
#23 0.751     },
#23 0.751     "watt/migrations/versions/20260905_21_mvp_long_lived_work_admission.py": {
#23 0.751       "image_files": [
#23 0.751         {
#23 0.751           "path": "/app/migrations/versions/20260905_21_mvp_long_lived_work_admission.py",
#23 0.751           "sha256": "f872579fcf51d7723a722552791dbecf8972b19c5aed5729b00326b9d30af644"
#23 0.751         },
#23 0.751         {
#23 0.751           "path": "/qualification/migrations/versions/20260905_21_mvp_long_lived_work_admission.py",
#23 0.751           "sha256": "f872579fcf51d7723a722552791dbecf8972b19c5aed5729b00326b9d30af644"
#23 0.751         }
#23 0.751       ],
#23 0.751       "sha256": "f872579fcf51d7723a722552791dbecf8972b19c5aed5729b00326b9d30af644"
#23 0.751     },
#23 0.751     "watt/migrations/versions/20260905_22_mvp_semantic_step_results.py": {
#23 0.751       "image_files": [
#23 0.751         {
#23 0.751           "path": "/app/migrations/versions/20260905_22_mvp_semantic_step_results.py",
#23 0.751           "sha256": "5c67aa5be878f01d1b83f258a6f586a9391d59fb58753da1f88c5edf773fe8d9"
#23 0.751         },
#23 0.751         {
#23 0.751           "path": "/qualification/migrations/versions/20260905_22_mvp_semantic_step_results.py",
#23 0.751           "sha256": "5c67aa5be878f01d1b83f258a6f586a9391d59fb58753da1f88c5edf773fe8d9"
#23 0.751         }
#23 0.751       ],
#23 0.751       "sha256": "5c67aa5be878f01d1b83f258a6f586a9391d59fb58753da1f88c5edf773fe8d9"
#23 0.751     },
#23 0.751     "watt/migrations/versions/20260907_23_wic_interaction_truth_spine.py": {
#23 0.751       "image_files": [
#23 0.751         {
#23 0.751           "path": "/app/migrations/versions/20260907_23_wic_interaction_truth_spine.py",
#23 0.751           "sha256": "58447a0163ff35cb7721efcf7a12aa11d1e1f4e1709a48032e93adbce36fdf52"
#23 0.751         },
#23 0.751         {
#23 0.751           "path": "/qualification/migrations/versions/20260907_23_wic_interaction_truth_spine.py",
#23 0.751           "sha256": "58447a0163ff35cb7721efcf7a12aa11d1e1f4e1709a48032e93adbce36fdf52"
#23 0.751         }
#23 0.751       ],
#23 0.751       "sha256": "58447a0163ff35cb7721efcf7a12aa11d1e1f4e1709a48032e93adbce36fdf52"
#23 0.751     },
#23 0.751     "watt/migrations/versions/20260907_24_wic_governed_work_admission.py": {
#23 0.751       "image_files": [
#23 0.751         {
#23 0.751           "path": "/app/migrations/versions/20260907_24_wic_governed_work_admission.py",
#23 0.751           "sha256": "bf0f273afc818a1577479e0626c566f424488e4c7c1c14da9f5f7c99a2deb9da"
#23 0.751         },
#23 0.751         {
#23 0.751           "path": "/qualification/migrations/versions/20260907_24_wic_governed_work_admission.py",
#23 0.751           "sha256": "bf0f273afc818a1577479e0626c566f424488e4c7c1c14da9f5f7c99a2deb9da"
#23 0.751         }
#23 0.751       ],
#23 0.751       "sha256": "bf0f273afc818a1577479e0626c566f424488e4c7c1c14da9f5f7c99a2deb9da"
#23 0.751     },
#23 0.751     "watt/migrations/versions/20260907_25_wic_active_work_evolution.py": {
#23 0.751       "image_files": [
#23 0.751         {
#23 0.751           "path": "/app/migrations/versions/20260907_25_wic_active_work_evolution.py",
#23 0.751           "sha256": "4917cf111d7c608fd9411638cd98f51b28c343929f006f8932b9c578bb73b537"
#23 0.751         },
#23 0.751         {
#23 0.751           "path": "/qualification/migrations/versions/20260907_25_wic_active_work_evolution.py",
#23 0.751           "sha256": "4917cf111d7c608fd9411638cd98f51b28c343929f006f8932b9c578bb73b537"
#23 0.751         }
#23 0.751       ],
#23 0.751       "sha256": "4917cf111d7c608fd9411638cd98f51b28c343929f006f8932b9c578bb73b537"
#23 0.751     },
#23 0.751     "watt/migrations/versions/20260907_26_wic_work_lifecycle.py": {
#23 0.751       "image_files": [
#23 0.751         {
#23 0.751           "path": "/app/migrations/versions/20260907_26_wic_work_lifecycle.py",
#23 0.751           "sha256": "84c01b88c07c3e25a8f2cad9b1ec2ce7e009dd7c16735ccd38a69264273ec74b"
#23 0.751         },
#23 0.751         {
#23 0.751           "path": "/qualification/migrations/versions/20260907_26_wic_work_lifecycle.py",
#23 0.751           "sha256": "84c01b88c07c3e25a8f2cad9b1ec2ce7e009dd7c16735ccd38a69264273ec74b"
#23 0.751         }
#23 0.751       ],
#23 0.751       "sha256": "84c01b88c07c3e25a8f2cad9b1ec2ce7e009dd7c16735ccd38a69264273ec74b"
#23 0.751     },
#23 0.751     "watt/migrations/versions/20260908_27_guided_design_core.py": {
#23 0.751       "image_files": [
#23 0.751         {
#23 0.751           "path": "/app/migrations/versions/20260908_27_guided_design_core.py",
#23 0.751           "sha256": "320d1f909fb0b722dec82e08288cbc62fb912c70c1249c836de1a26853c20d7a"
#23 0.751         },
#23 0.751         {
#23 0.751           "path": "/qualification/migrations/versions/20260908_27_guided_design_core.py",
#23 0.751           "sha256": "320d1f909fb0b722dec82e08288cbc62fb912c70c1249c836de1a26853c20d7a"
#23 0.751         }
#23 0.751       ],
#23 0.751       "sha256": "320d1f909fb0b722dec82e08288cbc62fb912c70c1249c836de1a26853c20d7a"
#23 0.751     },
#23 0.751     "watt/migrations/versions/20260908_28_human_watt_collaboration.py": {
#23 0.751       "image_files": [
#23 0.751         {
#23 0.751           "path": "/app/migrations/versions/20260908_28_human_watt_collaboration.py",
#23 0.751           "sha256": "30bad30a74c762c51f68b9b70e567bb51792b7cfbe74277be8c5b9e503458bbe"
#23 0.751         },
#23 0.751         {
#23 0.751           "path": "/qualification/migrations/versions/20260908_28_human_watt_collaboration.py",
#23 0.751           "sha256": "30bad30a74c762c51f68b9b70e567bb51792b7cfbe74277be8c5b9e503458bbe"
#23 0.751         }
#23 0.751       ],
#23 0.751       "sha256": "30bad30a74c762c51f68b9b70e567bb51792b7cfbe74277be8c5b9e503458bbe"
#23 0.751     },
#23 0.751     "watt/migrations/versions/20260909_29_design_intent_framing.py": {
#23 0.751       "image_files": [
#23 0.751         {
#23 0.751           "path": "/app/migrations/versions/20260909_29_design_intent_framing.py",
#23 0.751           "sha256": "ed2d6879ee1352e2ec9881b7fdf3c57ae51ad4049e63dce59792bcc36bc5c61d"
#23 0.751         },
#23 0.751         {
#23 0.751           "path": "/qualification/migrations/versions/20260909_29_design_intent_framing.py",
#23 0.751           "sha256": "ed2d6879ee1352e2ec9881b7fdf3c57ae51ad4049e63dce59792bcc36bc5c61d"
#23 0.751         }
#23 0.751       ],
#23 0.751       "sha256": "ed2d6879ee1352e2ec9881b7fdf3c57ae51ad4049e63dce59792bcc36bc5c61d"
#23 0.751     },
#23 0.751     "watt/migrations/versions/20260910_30_repository_namespaces.py": {
#23 0.751       "image_files": [
#23 0.751         {
#23 0.751           "path": "/app/migrations/versions/20260910_30_repository_namespaces.py",
#23 0.751           "sha256": "d18791c6417fc33918fde01267f449387e818006c1af7aaa04dfb567a02497c1"
#23 0.751         },
#23 0.751         {
#23 0.751           "path": "/qualification/migrations/versions/20260910_30_repository_namespaces.py",
#23 0.751           "sha256": "d18791c6417fc33918fde01267f449387e818006c1af7aaa04dfb567a02497c1"
#23 0.751         }
#23 0.751       ],
#23 0.751       "sha256": "d18791c6417fc33918fde01267f449387e818006c1af7aaa04dfb567a02497c1"
#23 0.751     },
#23 0.751     "watt/migrations/versions/20260910_31_work_asset_admission.py": {
#23 0.751       "image_files": [
#23 0.751         {
#23 0.751           "path": "/app/migrations/versions/20260910_31_work_asset_admission.py",
#23 0.751           "sha256": "a0814fdb000277392dac06bc4a7f5e88e903401ef79aafc8018c508bfe964240"
#23 0.751         },
#23 0.751         {
#23 0.751           "path": "/qualification/migrations/versions/20260910_31_work_asset_admission.py",
#23 0.751           "sha256": "a0814fdb000277392dac06bc4a7f5e88e903401ef79aafc8018c508bfe964240"
#23 0.751         }
#23 0.751       ],
#23 0.751       "sha256": "a0814fdb000277392dac06bc4a7f5e88e903401ef79aafc8018c508bfe964240"
#23 0.751     },
#23 0.751     "watt/migrations/versions/20260910_32_work_delivery.py": {
#23 0.751       "image_files": [
#23 0.751         {
#23 0.751           "path": "/app/migrations/versions/20260910_32_work_delivery.py",
#23 0.751           "sha256": "6e5deab48a74d98a6cdf91225d67e754086a47fd70499cb9ffd6b828dfffdb1b"
#23 0.751         },
#23 0.751         {
#23 0.751           "path": "/qualification/migrations/versions/20260910_32_work_delivery.py",
#23 0.751           "sha256": "6e5deab48a74d98a6cdf91225d67e754086a47fd70499cb9ffd6b828dfffdb1b"
#23 0.751         }
#23 0.751       ],
#23 0.751       "sha256": "6e5deab48a74d98a6cdf91225d67e754086a47fd70499cb9ffd6b828dfffdb1b"
#23 0.751     },
#23 0.751     "watt/migrations/versions/20260910_33_software_delivery_runtime.py": {
#23 0.751       "image_files": [
#23 0.751         {
#23 0.751           "path": "/app/migrations/versions/20260910_33_software_delivery_runtime.py",
#23 0.751           "sha256": "d3995ce79bff6f1679019e0715b694a20b3630c9f7fa73ea8460517da3fb988c"
#23 0.751         },
#23 0.751         {
#23 0.751           "path": "/qualification/migrations/versions/20260910_33_software_delivery_runtime.py",
#23 0.751           "sha256": "d3995ce79bff6f1679019e0715b694a20b3630c9f7fa73ea8460517da3fb988c"
#23 0.751         }
#23 0.751       ],
#23 0.751       "sha256": "d3995ce79bff6f1679019e0715b694a20b3630c9f7fa73ea8460517da3fb988c"
#23 0.751     },
#23 0.751     "watt/migrations/versions/20260911_34_watt_native_executor_runtime.py": {
#23 0.751       "image_files": [
#23 0.751         {
#23 0.751           "path": "/app/migrations/versions/20260911_34_watt_native_executor_runtime.py",
#23 0.751           "sha256": "c3a59d2ed07f66d2ecf36e15d96aa0eefeb9279584756502430744852184094a"
#23 0.751         },
#23 0.751         {
#23 0.751           "path": "/qualification/migrations/versions/20260911_34_watt_native_executor_runtime.py",
#23 0.751           "sha256": "c3a59d2ed07f66d2ecf36e15d96aa0eefeb9279584756502430744852184094a"
#23 0.751         }
#23 0.751       ],
#23 0.751       "sha256": "c3a59d2ed07f66d2ecf36e15d96aa0eefeb9279584756502430744852184094a"
#23 0.751     },
#23 0.751     "watt/migrations/versions/20260912_35_native_candidate_vectors.py": {
#23 0.751       "image_files": [
#23 0.751         {
#23 0.751           "path": "/app/migrations/versions/20260912_35_native_candidate_vectors.py",
#23 0.751           "sha256": "9cc74cfb6309dedf3b6c1b23451284c1bbdbc8d6e529e4656a356464f04b9aa1"
#23 0.751         },
#23 0.751         {
#23 0.751           "path": "/qualification/migrations/versions/20260912_35_native_candidate_vectors.py",
#23 0.751           "sha256": "9cc74cfb6309dedf3b6c1b23451284c1bbdbc8d6e529e4656a356464f04b9aa1"
#23 0.751         }
#23 0.751       ],
#23 0.751       "sha256": "9cc74cfb6309dedf3b6c1b23451284c1bbdbc8d6e529e4656a356464f04b9aa1"
#23 0.751     },
#23 0.751     "watt/migrations/versions/20260912_36_native_retention.py": {
#23 0.751       "image_files": [
#23 0.751         {
#23 0.751           "path": "/app/migrations/versions/20260912_36_native_retention.py",
#23 0.751           "sha256": "6ed7127446809e7a8861a03e8f929baaf25d847371416bac329dea655023e50b"
#23 0.751         },
#23 0.751         {
#23 0.751           "path": "/qualification/migrations/versions/20260912_36_native_retention.py",
#23 0.751           "sha256": "6ed7127446809e7a8861a03e8f929baaf25d847371416bac329dea655023e50b"
#23 0.751         }
#23 0.751       ],
#23 0.751       "sha256": "6ed7127446809e7a8861a03e8f929baaf25d847371416bac329dea655023e50b"
#23 0.751     },
#23 0.751     "watt/migrations/versions/20260912_37_native_vector_verification.py": {
#23 0.751       "image_files": [
#23 0.751         {
#23 0.751           "path": "/app/migrations/versions/20260912_37_native_vector_verification.py",
#23 0.751           "sha256": "4d2e8faa109e29128a0b2280902fc88e4dda1b68d5b7c9b4266acf139fff5407"
#23 0.751         },
#23 0.751         {
#23 0.751           "path": "/qualification/migrations/versions/20260912_37_native_vector_verification.py",
#23 0.751           "sha256": "4d2e8faa109e29128a0b2280902fc88e4dda1b68d5b7c9b4266acf139fff5407"
#23 0.751         }
#23 0.751       ],
#23 0.751       "sha256": "4d2e8faa109e29128a0b2280902fc88e4dda1b68d5b7c9b4266acf139fff5407"
#23 0.751     },
#23 0.751     "watt/migrations/versions/20260912_38_exact_provider_profiles.py": {
#23 0.751       "image_files": [
#23 0.751         {
#23 0.751           "path": "/app/migrations/versions/20260912_38_exact_provider_profiles.py",
#23 0.751           "sha256": "b9d93de6fbd1c53176331dddc904a588aaa3f677cacd8ad77a9f77ea9f345fae"
#23 0.751         },
#23 0.751         {
#23 0.751           "path": "/qualification/migrations/versions/20260912_38_exact_provider_profiles.py",
#23 0.751           "sha256": "b9d93de6fbd1c53176331dddc904a588aaa3f677cacd8ad77a9f77ea9f345fae"
#23 0.751         }
#23 0.751       ],
#23 0.751       "sha256": "b9d93de6fbd1c53176331dddc904a588aaa3f677cacd8ad77a9f77ea9f345fae"
#23 0.751     },
#23 0.751     "watt/migrations/versions/20260912_39_checkpoint_schema_version.py": {
#23 0.751       "image_files": [
#23 0.751         {
#23 0.751           "path": "/app/migrations/versions/20260912_39_checkpoint_schema_version.py",
#23 0.751           "sha256": "d667700a6d00e45ba3a408233ccf7017923f233d1a99ee027a594becee949611"
#23 0.751         },
#23 0.751         {
#23 0.751           "path": "/qualification/migrations/versions/20260912_39_checkpoint_schema_version.py",
#23 0.751           "sha256": "d667700a6d00e45ba3a408233ccf7017923f233d1a99ee027a594becee949611"
#23 0.751         }
#23 0.751       ],
#23 0.751       "sha256": "d667700a6d00e45ba3a408233ccf7017923f233d1a99ee027a594becee949611"
#23 0.751     },
#23 0.751     "watt/migrations/versions/20260915_40_wic_progressive_semantics.py": {
#23 0.751       "image_files": [
#23 0.751         {
#23 0.751           "path": "/app/migrations/versions/20260915_40_wic_progressive_semantics.py",
#23 0.751           "sha256": "b3c8761c761af3c3d324a8d84b072568d67a0d2c988e9e5e7db4f818de0daac1"
#23 0.751         },
#23 0.751         {
#23 0.751           "path": "/qualification/migrations/versions/20260915_40_wic_progressive_semantics.py",
#23 0.751           "sha256": "b3c8761c761af3c3d324a8d84b072568d67a0d2c988e9e5e7db4f818de0daac1"
#23 0.751         }
#23 0.751       ],
#23 0.751       "sha256": "b3c8761c761af3c3d324a8d8
#23 0.751 [output clipped, log limit 200KiB/s reached]
#23 1.100 Resolved 65 packages in 3ms
#23 1.107    Building spg-runtime @ file:///app
#23 4.958       Built spg-runtime @ file:///app
#23 5.004 Prepared 1 package in 3.89s
#23 5.019 Uninstalled 1 package in 14ms
#23 5.062 Installed 1 package in 43ms
#23 6.246 Bytecode compiled 3195 files in 1.18s
#23 6.246  ~ spg-runtime==0.1.0 (from file:///app)
#23 8.036 {"actual_package_counts": {"ecf": 5, "guardian": 5, "pytest": null, "spg": 278}, "build_input_count": 1098, "receipt_path": "/opt/c3-build/build-attestation.json", "scope": "actual-installed-imports", "status": "PASS"}
#23 DONE 8.3s

#24 exporting to image
#24 exporting layers
#24 exporting layers 7.3s done
#24 writing image sha256:e42fcb7dfe18254f1396f2faaaadd95b0d24efe445db6ce19beedfdebac32726 done
#24 naming to docker.io/library/watt-c3-wire-feedback:e7afb5a done
#24 DONE 7.3s
