#0 building with "default" instance using docker driver

#1 [internal] load build definition from Dockerfile.c3
#1 transferring dockerfile: 4.00kB done
#1 DONE 0.0s

#2 [internal] load metadata for docker.io/library/watt-c3-dependency-base:6c1f48e-20261009
#2 DONE 0.0s

#3 [internal] load .dockerignore
#3 transferring context: 2B done
#3 DONE 0.0s

#4 [ 1/19] FROM docker.io/library/watt-c3-dependency-base:6c1f48e-20261009
#4 DONE 0.0s

#5 [ 2/19] WORKDIR /app
#5 CACHED

#6 [internal] load build context
#6 transferring context: 16.46MB 0.5s done
#6 DONE 0.5s

#7 [ 3/19] RUN test "sha256:6c1f48e35ec485de278e8638f51d6aed75679b02a24d45355959bc8ddd7c0d14" = "sha256:6c1f48e35ec485de278e8638f51d6aed75679b02a24d45355959bc8ddd7c0d14"     && printf '%s  /app/uv.lock\n' '279fba19bb5a40457739e49408137190d3d6f8e2e7171a273b3e742bae12a038' | sha256sum --check --status
#7 DONE 0.5s

#8 [ 4/19] RUN rm -rf /app/src /app/migrations /app/docker /qualification     /opt/c2-owners /opt/c2-test-deps /opt/c2-build /opt/c3-owners /opt/c3-test-deps /opt/c3-build
#8 DONE 0.2s

#9 [ 5/19] COPY watt/pyproject.toml watt/uv.lock watt/alembic.ini watt/README.md /app/
#9 DONE 0.1s

#10 [ 6/19] COPY watt/src/ /app/src/
#10 DONE 0.1s

#11 [ 7/19] COPY watt/migrations/ /app/migrations/
#11 DONE 0.1s

#12 [ 8/19] COPY watt/docker/ /app/docker/
#12 DONE 0.0s

#13 [ 9/19] COPY watt/tests/ /qualification/tests/
#13 DONE 0.1s

#14 [10/19] COPY watt/migrations/ /qualification/migrations/
#14 DONE 0.1s

#15 [11/19] COPY watt/pyproject.toml watt/alembic.ini /qualification/
#15 DONE 0.1s

#16 [12/19] COPY guardian/src/ /opt/c3-owners/guardian/src/
#16 DONE 0.0s

#17 [13/19] COPY ecf/src/ /opt/c3-owners/ecf/src/
#17 DONE 0.0s

#18 [14/19] COPY ecf-unsupported/src/ /qualification/ecf-current/src/
#18 DONE 0.0s

#19 [15/19] COPY test-deps/ /opt/c3-test-deps/
#19 DONE 0.2s

#20 [16/19] COPY watt/docs/evidence/core-production-semantic-convergence-c3-20261009/Dockerfile.c3 /opt/c3-build/Dockerfile.c3
#20 DONE 0.0s

#21 [17/19] COPY watt/docs/evidence/core-production-semantic-convergence-c3-20261009/attest_c3_image.py /opt/c3-build/attest_c3_image.py
#21 DONE 0.1s

#22 [18/19] COPY c3-source-identity.json /opt/c3-build/c3-source-identity.json
#22 DONE 0.0s

#23 [19/19] RUN python /opt/c3-build/attest_c3_image.py --build-inputs-only     && uv sync --locked --no-dev --no-editable --reinstall-package spg-runtime --offline     && python /opt/c3-build/attest_c3_image.py --output /opt/c3-build/build-attestation.json
#23 1.119 {
#23 1.119   "actual_imports": {},
#23 1.119   "archive_sha256_declared": {
#23 1.119     "c2-retained-test-deps.tar": "beefa9671df14d21f2763a4e85841962f10af824a37caf6c679555166b13b9a6",
#23 1.119     "ecf-5aa4f88-frozen.tar": "e36db9b07b1e47327554a04604b7c6a9e75a337effff86ec40dab2c384fe3aed",
#23 1.119     "ecf-unsupported-c6b568d-frozen.tar": "62b9a3536b899774cd72cc30c12516dc51e48efd82915204e8dfd78165281ba7",
#23 1.119     "guardian-657ee84-frozen.tar": "d2e6698664b87c69a87ec730c6289a11e5bbea00eb73c72bdcc3f67f4b75b196",
#23 1.119     "watt-390fa22-frozen.tar": "13679bc1778e60a71320a2ded2397e6796988d8d3ab3aab76ec9a87f7e3d0f05"
#23 1.119   },
#23 1.119   "base_image_declared": {
#23 1.119     "image_id": "sha256:6c1f48e35ec485de278e8638f51d6aed75679b02a24d45355959bc8ddd7c0d14",
#23 1.119     "reference": "watt-c3-dependency-base:6c1f48e-20261009"
#23 1.119   },
#23 1.119   "base_image_requires_separate_host_inspect": true,
#23 1.119   "build_input_sha256_verified": {
#23 1.119     "ecf-unsupported/src/README.md": {
#23 1.119       "image_files": [
#23 1.119         {
#23 1.119           "path": "/qualification/ecf-current/src/README.md",
#23 1.119           "sha256": "0e6a1186022808b50215cc8a9a704121b5d038e8f1beabc62fb9133d25101618"
#23 1.119         }
#23 1.119       ],
#23 1.119       "sha256": "0e6a1186022808b50215cc8a9a704121b5d038e8f1beabc62fb9133d25101618"
#23 1.119     },
#23 1.119     "ecf-unsupported/src/ecf/__init__.py": {
#23 1.119       "image_files": [
#23 1.119         {
#23 1.119           "path": "/qualification/ecf-current/src/ecf/__init__.py",
#23 1.119           "sha256": "1af1de8ebb4c35e820c9a58bb9bfc7d4ba901de5255bd7d7cf598f8e6336c882"
#23 1.119         }
#23 1.119       ],
#23 1.119       "sha256": "1af1de8ebb4c35e820c9a58bb9bfc7d4ba901de5255bd7d7cf598f8e6336c882"
#23 1.119     },
#23 1.119     "ecf-unsupported/src/ecf/contracts/__init__.py": {
#23 1.119       "image_files": [
#23 1.119         {
#23 1.119           "path": "/qualification/ecf-current/src/ecf/contracts/__init__.py",
#23 1.119           "sha256": "24e31633d0483911f0fb4612d3a098d32f3e18d8922fd61c6f69dbd83db5eec5"
#23 1.119         }
#23 1.119       ],
#23 1.119       "sha256": "24e31633d0483911f0fb4612d3a098d32f3e18d8922fd61c6f69dbd83db5eec5"
#23 1.119     },
#23 1.119     "ecf-unsupported/src/ecf/contracts/production_environment.py": {
#23 1.119       "image_files": [
#23 1.119         {
#23 1.119           "path": "/qualification/ecf-current/src/ecf/contracts/production_environment.py",
#23 1.119           "sha256": "3578fffa965609d676c061bd9849f0600ac6b7aa3e92bf02df7fd28b21b31a4c"
#23 1.119         }
#23 1.119       ],
#23 1.119       "sha256": "3578fffa965609d676c061bd9849f0600ac6b7aa3e92bf02df7fd28b21b31a4c"
#23 1.119     },
#23 1.119     "ecf-unsupported/src/ecf/decision_context.py": {
#23 1.119       "image_files": [
#23 1.119         {
#23 1.119           "path": "/qualification/ecf-current/src/ecf/decision_context.py",
#23 1.119           "sha256": "19b84dfa1d2974095a713ec361811017d382aeee8cf068f05adb74a5e24c7d01"
#23 1.119         }
#23 1.119       ],
#23 1.119       "sha256": "19b84dfa1d2974095a713ec361811017d382aeee8cf068f05adb74a5e24c7d01"
#23 1.119     },
#23 1.119     "ecf-unsupported/src/ecf/runtime.py": {
#23 1.119       "image_files": [
#23 1.119         {
#23 1.119           "path": "/qualification/ecf-current/src/ecf/runtime.py",
#23 1.119           "sha256": "9876f9f457091c41743298973d03f63252add19a2efdab8f5b1fa0b5dc7edf8a"
#23 1.119         }
#23 1.119       ],
#23 1.119       "sha256": "9876f9f457091c41743298973d03f63252add19a2efdab8f5b1fa0b5dc7edf8a"
#23 1.119     },
#23 1.119     "ecf/src/README.md": {
#23 1.119       "image_files": [
#23 1.119         {
#23 1.119           "path": "/opt/c3-owners/ecf/src/README.md",
#23 1.119           "sha256": "0e6a1186022808b50215cc8a9a704121b5d038e8f1beabc62fb9133d25101618"
#23 1.119         }
#23 1.119       ],
#23 1.119       "sha256": "0e6a1186022808b50215cc8a9a704121b5d038e8f1beabc62fb9133d25101618"
#23 1.119     },
#23 1.119     "ecf/src/ecf/__init__.py": {
#23 1.119       "image_files": [
#23 1.119         {
#23 1.119           "path": "/opt/c3-owners/ecf/src/ecf/__init__.py",
#23 1.119           "sha256": "1af1de8ebb4c35e820c9a58bb9bfc7d4ba901de5255bd7d7cf598f8e6336c882"
#23 1.119         }
#23 1.119       ],
#23 1.119       "sha256": "1af1de8ebb4c35e820c9a58bb9bfc7d4ba901de5255bd7d7cf598f8e6336c882"
#23 1.119     },
#23 1.119     "ecf/src/ecf/contracts/__init__.py": {
#23 1.119       "image_files": [
#23 1.119         {
#23 1.119           "path": "/opt/c3-owners/ecf/src/ecf/contracts/__init__.py",
#23 1.119           "sha256": "24e31633d0483911f0fb4612d3a098d32f3e18d8922fd61c6f69dbd83db5eec5"
#23 1.119         }
#23 1.119       ],
#23 1.119       "sha256": "24e31633d0483911f0fb4612d3a098d32f3e18d8922fd61c6f69dbd83db5eec5"
#23 1.119     },
#23 1.119     "ecf/src/ecf/contracts/production_environment.py": {
#23 1.119       "image_files": [
#23 1.119         {
#23 1.119           "path": "/opt/c3-owners/ecf/src/ecf/contracts/production_environment.py",
#23 1.119           "sha256": "3578fffa965609d676c061bd9849f0600ac6b7aa3e92bf02df7fd28b21b31a4c"
#23 1.119         }
#23 1.119       ],
#23 1.119       "sha256": "3578fffa965609d676c061bd9849f0600ac6b7aa3e92bf02df7fd28b21b31a4c"
#23 1.119     },
#23 1.119     "ecf/src/ecf/decision_context.py": {
#23 1.119       "image_files": [
#23 1.119         {
#23 1.119           "path": "/opt/c3-owners/ecf/src/ecf/decision_context.py",
#23 1.119           "sha256": "ffe4bce50c36afd0e546e335a36aa0f1ab6e2408d072531292a886d2af7d428f"
#23 1.119         }
#23 1.119       ],
#23 1.119       "sha256": "ffe4bce50c36afd0e546e335a36aa0f1ab6e2408d072531292a886d2af7d428f"
#23 1.119     },
#23 1.119     "ecf/src/ecf/runtime.py": {
#23 1.119       "image_files": [
#23 1.119         {
#23 1.119           "path": "/opt/c3-owners/ecf/src/ecf/runtime.py",
#23 1.119           "sha256": "9876f9f457091c41743298973d03f63252add19a2efdab8f5b1fa0b5dc7edf8a"
#23 1.119         }
#23 1.119       ],
#23 1.119       "sha256": "9876f9f457091c41743298973d03f63252add19a2efdab8f5b1fa0b5dc7edf8a"
#23 1.119     },
#23 1.119     "guardian/src/guardian/__init__.py": {
#23 1.119       "image_files": [
#23 1.119         {
#23 1.119           "path": "/opt/c3-owners/guardian/src/guardian/__init__.py",
#23 1.119           "sha256": "3601c601f8de84808b16cf32b2e662c1b4dc6bbcee1fb1ee14876380bf83db26"
#23 1.119         }
#23 1.119       ],
#23 1.119       "sha256": "3601c601f8de84808b16cf32b2e662c1b4dc6bbcee1fb1ee14876380bf83db26"
#23 1.119     },
#23 1.119     "guardian/src/guardian/contracts/__init__.py": {
#23 1.119       "image_files": [
#23 1.119         {
#23 1.119           "path": "/opt/c3-owners/guardian/src/guardian/contracts/__init__.py",
#23 1.119           "sha256": "b05ea8ea82f57fd87f6745ac8ea82e73867a4e0706f9414c563530e1eaddebc9"
#23 1.119         }
#23 1.119       ],
#23 1.119       "sha256": "b05ea8ea82f57fd87f6745ac8ea82e73867a4e0706f9414c563530e1eaddebc9"
#23 1.119     },
#23 1.119     "guardian/src/guardian/contracts/production_environment.py": {
#23 1.119       "image_files": [
#23 1.119         {
#23 1.119           "path": "/opt/c3-owners/guardian/src/guardian/contracts/production_environment.py",
#23 1.119           "sha256": "67451eeed4be11dbf9e8086c7a0c0b1616fe8dbf97eab1850a9a84e9af96a76e"
#23 1.119         }
#23 1.119       ],
#23 1.119       "sha256": "67451eeed4be11dbf9e8086c7a0c0b1616fe8dbf97eab1850a9a84e9af96a76e"
#23 1.119     },
#23 1.119     "guardian/src/guardian/contracts/software_assurance.py": {
#23 1.119       "image_files": [
#23 1.119         {
#23 1.119           "path": "/opt/c3-owners/guardian/src/guardian/contracts/software_assurance.py",
#23 1.119           "sha256": "2469000fa220f3bd3f0fdf2a89515ba565c76ff34ed47e59d9436978a49756d3"
#23 1.119         }
#23 1.119       ],
#23 1.119       "sha256": "2469000fa220f3bd3f0fdf2a89515ba565c76ff34ed47e59d9436978a49756d3"
#23 1.119     },
#23 1.119     "guardian/src/guardian/runtime.py": {
#23 1.119       "image_files": [
#23 1.119         {
#23 1.119           "path": "/opt/c3-owners/guardian/src/guardian/runtime.py",
#23 1.119           "sha256": "e8731c65a51270291f4ddfe3421677b061172fc6a77327c9015f02ac02fb05ac"
#23 1.119         }
#23 1.119       ],
#23 1.119       "sha256": "e8731c65a51270291f4ddfe3421677b061172fc6a77327c9015f02ac02fb05ac"
#23 1.119     },
#23 1.119     "test-deps/_pytest/__init__.py": {
#23 1.119       "image_files": [
#23 1.119         {
#23 1.119           "path": "/opt/c3-test-deps/_pytest/__init__.py",
#23 1.119           "sha256": "e087512619d6e571b62a568990ec67e7f4c2f56790e6d5c3485eed6dbe2f12ca"
#23 1.119         }
#23 1.119       ],
#23 1.119       "sha256": "e087512619d6e571b62a568990ec67e7f4c2f56790e6d5c3485eed6dbe2f12ca"
#23 1.119     },
#23 1.119     "test-deps/_pytest/_argcomplete.py": {
#23 1.119       "image_files": [
#23 1.119         {
#23 1.119           "path": "/opt/c3-test-deps/_pytest/_argcomplete.py",
#23 1.119           "sha256": "821d299daebaa782d56f60fc493e39ebc586c6f7489c64f8de6eac95886a36a5"
#23 1.119         }
#23 1.119       ],
#23 1.119       "sha256": "821d299daebaa782d56f60fc493e39ebc586c6f7489c64f8de6eac95886a36a5"
#23 1.119     },
#23 1.119     "test-deps/_pytest/_code/__init__.py": {
#23 1.119       "image_files": [
#23 1.119         {
#23 1.119           "path": "/opt/c3-test-deps/_pytest/_code/__init__.py",
#23 1.119           "sha256": "04a6e8c286100032a300999359d43c49240b6c106c874f9d663dd31a3b67eb23"
#23 1.119         }
#23 1.119       ],
#23 1.119       "sha256": "04a6e8c286100032a300999359d43c49240b6c106c874f9d663dd31a3b67eb23"
#23 1.119     },
#23 1.119     "test-deps/_pytest/_code/code.py": {
#23 1.119       "image_files": [
#23 1.119         {
#23 1.119           "path": "/opt/c3-test-deps/_pytest/_code/code.py",
#23 1.119           "sha256": "63ec03d20e61d3ac2a0e9954be71a619dd742d009c2409b1e3168e2a6fad9096"
#23 1.119         }
#23 1.119       ],
#23 1.119       "sha256": "63ec03d20e61d3ac2a0e9954be71a619dd742d009c2409b1e3168e2a6fad9096"
#23 1.119     },
#23 1.119     "test-deps/_pytest/_code/source.py": {
#23 1.119       "image_files": [
#23 1.119         {
#23 1.119           "path": "/opt/c3-test-deps/_pytest/_code/source.py",
#23 1.119           "sha256": "46f3d07f3144e3e05da5aa6c51cb1d2f89ac81e1e737e5a7a863e4032acf6c01"
#23 1.119         }
#23 1.119       ],
#23 1.119       "sha256": "46f3d07f3144e3e05da5aa6c51cb1d2f89ac81e1e737e5a7a863e4032acf6c01"
#23 1.119     },
#23 1.119     "test-deps/_pytest/_io/__init__.py": {
#23 1.119       "image_files": [
#23 1.119         {
#23 1.119           "path": "/opt/c3-test-deps/_pytest/_io/__init__.py",
#23 1.119           "sha256": "a642c5dbd54416be8396bdde3ad24bf2c7f8ed12c5b7525fe17d436413e56267"
#23 1.119         }
#23 1.119       ],
#23 1.119       "sha256": "a642c5dbd54416be8396bdde3ad24bf2c7f8ed12c5b7525fe17d436413e56267"
#23 1.119     },
#23 1.119     "test-deps/_pytest/_io/pprint.py": {
#23 1.119       "image_files": [
#23 1.119         {
#23 1.119           "path": "/opt/c3-test-deps/_pytest/_io/pprint.py",
#23 1.119           "sha256": "87fcb9cd098dda72f3d5458f868242bea60d53f1c8d88e2ab499827da80bf4e4"
#23 1.119         }
#23 1.119       ],
#23 1.119       "sha256": "87fcb9cd098dda72f3d5458f868242bea60d53f1c8d88e2ab499827da80bf4e4"
#23 1.119     },
#23 1.119     "test-deps/_pytest/_io/saferepr.py": {
#23 1.119       "image_files": [
#23 1.119         {
#23 1.119           "path": "/opt/c3-test-deps/_pytest/_io/saferepr.py",
#23 1.119           "sha256": "c4634e463e01eb613fc52d909f6f44e4aa682e0c3ad2ad3d6fe0286d6f1c7aa8"
#23 1.119         }
#23 1.119       ],
#23 1.119       "sha256": "c4634e463e01eb613fc52d909f6f44e4aa682e0c3ad2ad3d6fe0286d6f1c7aa8"
#23 1.119     },
#23 1.119     "test-deps/_pytest/_io/terminalwriter.py": {
#23 1.119       "image_files": [
#23 1.119         {
#23 1.119           "path": "/opt/c3-test-deps/_pytest/_io/terminalwriter.py",
#23 1.119           "sha256": "2b4a41d697c0beb281585011292a1b438c168b4a5d9a205a19bddafeffc00234"
#23 1.119         }
#23 1.119       ],
#23 1.119       "sha256": "2b4a41d697c0beb281585011292a1b438c168b4a5d9a205a19bddafeffc00234"
#23 1.119     },
#23 1.119     "test-deps/_pytest/_io/wcwidth.py": {
#23 1.119       "image_files": [
#23 1.119         {
#23 1.119           "path": "/opt/c3-test-deps/_pytest/_io/wcwidth.py",
#23 1.119           "sha256": "714109ef8521c1e202c1b2af536aba9e865c3600f442504407d09f6a41986aa0"
#23 1.119         }
#23 1.119       ],
#23 1.119       "sha256": "714109ef8521c1e202c1b2af536aba9e865c3600f442504407d09f6a41986aa0"
#23 1.119     },
#23 1.119     "test-deps/_pytest/_py/__init__.py": {
#23 1.119       "image_files": [
#23 1.119         {
#23 1.119           "path": "/opt/c3-test-deps/_pytest/_py/__init__.py",
#23 1.119           "sha256": "e3b0c44298fc1c149afbf4c8996fb92427ae41e4649b934ca495991b7852b855"
#23 1.119         }
#23 1.119       ],
#23 1.119       "sha256": "e3b0c44298fc1c149afbf4c8996fb92427ae41e4649b934ca495991b7852b855"
#23 1.119     },
#23 1.119     "test-deps/_pytest/_py/error.py": {
#23 1.119       "image_files": [
#23 1.119         {
#23 1.119           "path": "/opt/c3-test-deps/_pytest/_py/error.py",
#23 1.119           "sha256": "90643b17cfdf67a615061031faef669134014f1d2a231c6754c0b40a088e77bd"
#23 1.119         }
#23 1.119       ],
#23 1.119       "sha256": "90643b17cfdf67a615061031faef669134014f1d2a231c6754c0b40a088e77bd"
#23 1.119     },
#23 1.119     "test-deps/_pytest/_py/path.py": {
#23 1.119       "image_files": [
#23 1.119         {
#23 1.119           "path": "/opt/c3-test-deps/_pytest/_py/path.py",
#23 1.119           "sha256": "72a0a7d1a9b32a1a92aa25b55b3b782aabc52369dc281cc69f011152c5a90bfd"
#23 1.119         }
#23 1.119       ],
#23 1.119       "sha256": "72a0a7d1a9b32a1a92aa25b55b3b782aabc52369dc281cc69f011152c5a90bfd"
#23 1.119     },
#23 1.119     "test-deps/_pytest/_version.py": {
#23 1.119       "image_files": [
#23 1.119         {
#23 1.119           "path": "/opt/c3-test-deps/_pytest/_version.py",
#23 1.119           "sha256": "a92165fd7b0e147d0e1b873f42ebe87f108f1f3d56b1b53fe4ad352a27adec4a"
#23 1.119         }
#23 1.119       ],
#23 1.119       "sha256": "a92165fd7b0e147d0e1b873f42ebe87f108f1f3d56b1b53fe4ad352a27adec4a"
#23 1.119     },
#23 1.119     "test-deps/_pytest/assertion/__init__.py": {
#23 1.119       "image_files": [
#23 1.119         {
#23 1.119           "path": "/opt/c3-test-deps/_pytest/assertion/__init__.py",
#23 1.119           "sha256": "2a69087174fab92dd88352b60b546d879fb93411a6c0996384a0f84a07071ac7"
#23 1.119         }
#23 1.119       ],
#23 1.119       "sha256": "2a69087174fab92dd88352b60b546d879fb93411a6c0996384a0f84a07071ac7"
#23 1.119     },
#23 1.119     "test-deps/_pytest/assertion/_compare_any.py": {
#23 1.119       "image_files": [
#23 1.119         {
#23 1.119           "path": "/opt/c3-test-deps/_pytest/assertion/_compare_any.py",
#23 1.119           "sha256": "96db744e2023ecb555cf3f03d7e9a6eafc8cfe250f28eff55cd8239793d894c2"
#23 1.119         }
#23 1.119       ],
#23 1.119       "sha256": "96db744e2023ecb555cf3f03d7e9a6eafc8cfe250f28eff55cd8239793d894c2"
#23 1.119     },
#23 1.119     "test-deps/_pytest/assertion/_compare_mapping.py": {
#23 1.119       "image_files": [
#23 1.119         {
#23 1.119           "path": "/opt/c3-test-deps/_pytest/assertion/_compare_mapping.py",
#23 1.119           "sha256": "74a33986faa3645f96334887c04ee51e3ea689568b4edeeed1e429ae9d86f690"
#23 1.119         }
#23 1.119       ],
#23 1.119       "sha256": "74a33986faa3645f96334887c04ee51e3ea689568b4edeeed1e429ae9d86f690"
#23 1.119     },
#23 1.119     "test-deps/_pytest/assertion/_compare_sequence.py": {
#23 1.119       "image_files": [
#23 1.119         {
#23 1.119           "path": "/opt/c3-test-deps/_pytest/assertion/_compare_sequence.py",
#23 1.119           "sha256": "6a7c68748e05632a8c9a784a4a099cfc0b4afe86eb1d4a0e0c16c13723a58681"
#23 1.119         }
#23 1.119       ],
#23 1.119       "sha256": "6a7c68748e05632a8c9a784a4a099cfc0b4afe86eb1d4a0e0c16c13723a58681"
#23 1.119     },
#23 1.119     "test-deps/_pytest/assertion/_compare_set.py": {
#23 1.119       "image_files": [
#23 1.119         {
#23 1.119           "path": "/opt/c3-test-deps/_pytest/assertion/_compare_set.py",
#23 1.119           "sha256": "251a73d7d113fdb8ba784f59fee5b14bf073ac423222d1b68725d096ce889c94"
#23 1.119         }
#23 1.119       ],
#23 1.119       "sha256": "251a73d7d113fdb8ba784f59fee5b14bf073ac423222d1b68725d096ce889c94"
#23 1.119     },
#23 1.119     "test-deps/_pytest/assertion/_guards.py": {
#23 1.119       "image_files": [
#23 1.119         {
#23 1.119           "path": "/opt/c3-test-deps/_pytest/assertion/_guards.py",
#23 1.119           "sha256": "1fa6a11bfe490b06614e0e65224f03eaf82151074a7e8399194c2c4f7390085e"
#23 1.119         }
#23 1.119       ],
#23 1.119       "sha256": "1fa6a11bfe490b06614e0e65224f03eaf82151074a7e8399194c2c4f7390085e"
#23 1.119     },
#23 1.119     "test-deps/_pytest/assertion/_typing.py": {
#23 1.119       "image_files": [
#23 1.119         {
#23 1.119           "path": "/opt/c3-test-deps/_pytest/assertion/_typing.py",
#23 1.119           "sha256": "f62ce7a05b0aa7ce3b818d62aad74bfd3848519ad80403daf0def63b774da568"
#23 1.119         }
#23 1.119       ],
#23 1.119       "sha256": "f62ce7a05b0aa7ce3b818d62aad74bfd3848519ad80403daf0def63b774da568"
#23 1.119     },
#23 1.119     "test-deps/_pytest/assertion/compare_text.py": {
#23 1.119       "image_files": [
#23 1.119         {
#23 1.119           "path": "/opt/c3-test-deps/_pytest/assertion/compare_text.py",
#23 1.119           "sha256": "e10edb296d8df5dd2eee4480e68bda9ae1ba2ccbc55faf22c4cc8e453a4808c7"
#23 1.119         }
#23 1.119       ],
#23 1.119       "sha256": "e10edb296d8df5dd2eee4480e68bda9ae1ba2ccbc55faf22c4cc8e453a4808c7"
#23 1.119     },
#23 1.119     "test-deps/_pytest/assertion/highlight.py": {
#23 1.119       "image_files": [
#23 1.119         {
#23 1.119           "path": "/opt/c3-test-deps/_pytest/assertion/highlight.py",
#23 1.119           "sha256": "015a92e17eb83e0d5a7a45e73984687898a02000d6c0075b76d1bff5b93fdfe7"
#23 1.119         }
#23 1.119       ],
#23 1.119       "sha256": "015a92e17eb83e0d5a7a45e73984687898a02000d6c0075b76d1bff5b93fdfe7"
#23 1.119     },
#23 1.119     "test-deps/_pytest/assertion/rewrite.py": {
#23 1.119       "image_files": [
#23 1.119         {
#23 1.119           "path": "/opt/c3-test-deps/_pytest/assertion/rewrite.py",
#23 1.119           "sha256": "17f1eefbd1c2fe5326cb7592ff3af92a773582cf9d01727b09d3ab864906ee50"
#23 1.119         }
#23 1.119       ],
#23 1.119       "sha256": "17f1eefbd1c2fe5326cb7592ff3af92a773582cf9d01727b09d3ab864906ee50"
#23 1.119     },
#23 1.119     "test-deps/_pytest/assertion/truncate.py": {
#23 1.119       "image_files": [
#23 1.119         {
#23 1.119           "path": "/opt/c3-test-deps/_pytest/assertion/truncate.py",
#23 1.119           "sha256": "ee48bcb41d2bc23ed9efe6020000d046e077468d7d3bcdf2ed75777938de2f5c"
#23 1.119         }
#23 1.119       ],
#23 1.119       "sha256": "ee48bcb41d2bc23ed9efe6020000d046e077468d7d3bcdf2ed75777938de2f5c"
#23 1.119     },
#23 1.119     "test-deps/_pytest/assertion/util.py": {
#23 1.119       "image_files": [
#23 1.119         {
#23 1.119           "path": "/opt/c3-test-deps/_pytest/assertion/util.py",
#23 1.119           "sha256": "f2ede44368c40674cc9943833a56342539747e9242094191cfe24b7eeaf13d33"
#23 1.119         }
#23 1.119       ],
#23 1.119       "sha256": "f2ede44368c40674cc9943833a56342539747e9242094191cfe24b7eeaf13d33"
#23 1.119     },
#23 1.119     "test-deps/_pytest/cacheprovider.py": {
#23 1.119       "image_files": [
#23 1.119         {
#23 1.119           "path": "/opt/c3-test-deps/_pytest/cacheprovider.py",
#23 1.119           "sha256": "bd9bfb0437645da5d042792f30ba379d28ff4c1fffac6806f5543305a3073579"
#23 1.119         }
#23 1.119       ],
#23 1.119       "sha256": "bd9bfb0437645da5d042792f30ba379d28ff4c1fffac6806f5543305a3073579"
#23 1.119     },
#23 1.119     "test-deps/_pytest/capture.py": {
#23 1.119       "image_files": [
#23 1.119         {
#23 1.119           "path": "/opt/c3-test-deps/_pytest/capture.py",
#23 1.119           "sha256": "12004dbff0ab7b34141ff53e33e616db2e857c695f64e640631f5abe30619145"
#23 1.119         }
#23 1.119       ],
#23 1.119       "sha256": "12004dbff0ab7b34141ff53e33e616db2e857c695f64e640631f5abe30619145"
#23 1.119     },
#23 1.119     "test-deps/_pytest/compat.py": {
#23 1.119       "image_files": [
#23 1.119         {
#23 1.119           "path": "/opt/c3-test-deps/_pytest/compat.py",
#23 1.119           "sha256": "41f703ee4606232e1fc6eaa2136f360700c90824503491221a435861c3f2161e"
#23 1.119         }
#23 1.119       ],
#23 1.119       "sha256": "41f703ee4606232e1fc6eaa2136f360700c90824503491221a435861c3f2161e"
#23 1.119     },
#23 1.119     "test-deps/_pytest/config/__init__.py": {
#23 1.119       "image_files": [
#23 1.119         {
#23 1.119           "path": "/opt/c3-test-deps/_pytest/config/__init__.py",
#23 1.119           "sha256": "98b05c2c37d09e1d5c05975efc2d9af98d4aff6ea47de410a8e93956420873c1"
#23 1.119         }
#23 1.119       ],
#23 1.119       "sha256": "98b05c2c37d09e1d5c05975efc2d9af98d4aff6ea47de410a8e93956420873c1"
#23 1.119     },
#23 1.119     "test-deps/_pytest/config/argparsing.py": {
#23 1.119       "image_files": [
#23 1.119         {
#23 1.119           "path": "/opt/c3-test-deps/_pytest/config/argparsing.py",
#23 1.119           "sha256": "a30373a110ac568e752b5cc5c4eb66cfa8595f2c1eaa1bf950b1fc5070a0d098"
#23 1.119         }
#23 1.119       ],
#23 1.119       "sha256": "a30373a110ac568e752b5cc5c4eb66cfa8595f2c1eaa1bf950b1fc5070a0d098"
#23 1.119     },
#23 1.119     "test-deps/_pytest/config/exceptions.py": {
#23 1.119       "image_files": [
#23 1.119         {
#23 1.119           "path": "/opt/c3-test-deps/_pytest/config/exceptions.py",
#23 1.119           "sha256": "e959bdcb3c143b12469b5ed93066f0ebdbff8b4ee64f52a607010d336b1c2a19"
#23 1.119         }
#23 1.119       ],
#23 1.119       "sha256": "e959bdcb3c143b12469b5ed93066f0ebdbff8b4ee64f52a607010d336b1c2a19"
#23 1.119     },
#23 1.119     "test-deps/_pytest/config/findpaths.py": {
#23 1.119       "image_files": [
#23 1.119         {
#23 1.119           "path": "/opt/c3-test-deps/_pytest/config/findpaths.py",
#23 1.119           "sha256": "535d149e6f3962e44260b6645bb354976e19531f5dd248e14ee7d7fff61c8848"
#23 1.119         }
#23 1.119       ],
#23 1.119       "sha256": "535d149e6f3962e44260b6645bb354976e19531f5dd248e14ee7d7fff61c8848"
#23 1.119     },
#23 1.119     "test-deps/_pytest/debugging.py": {
#23 1.119       "image_files": [
#23 1.119         {
#23 1.119           "path": "/opt/c3-test-deps/_pytest/debugging.py",
#23 1.119           "sha256": "fde26a89f0ca1311423afe098601610680d7627b30b301c6d5d7192026538e0f"
#23 1.119         }
#23 1.119       ],
#23 1.119       "sha256": "fde26a89f0ca1311423afe098601610680d7627b30b301c6d5d7192026538e0f"
#23 1.119     },
#23 1.119     "test-deps/_pytest/deprecated.py": {
#23 1.119       "image_files": [
#23 1.119         {
#23 1.119           "path": "/opt/c3-test-deps/_pytest/deprecated.py",
#23 1.119           "sha256": "7f24f0a94f9fb68a09f0fbbc8b2db84cba965d5894a59415d6a4ab2490ea4e2a"
#23 1.119         }
#23 1.119       ],
#23 1.119       "sha256": "7f24f0a94f9fb68a09f0fbbc8b2db84cba965d5894a59415d6a4ab2490ea4e2a"
#23 1.119     },
#23 1.119     "test-deps/_pytest/doctest.py": {
#23 1.119       "image_files": [
#23 1.119         {
#23 1.119           "path": "/opt/c3-test-deps/_pytest/doctest.py",
#23 1.119           "sha256": "04261f5b3ddce0c36584f2be42e2938d5a0dbe914414502533a93e8c142dacf9"
#23 1.119         }
#23 1.119       ],
#23 1.119       "sha256": "04261f5b3ddce0c36584f2be42e2938d5a0dbe914414502533a93e8c142dacf9"
#23 1.119     },
#23 1.119     "test-deps/_pytest/faulthandler.py": {
#23 1.119       "image_files": [
#23 1.119         {
#23 1.119           "path": "/opt/c3-test-deps/_pytest/faulthandler.py",
#23 1.119           "sha256": "d5cec3a51b4fd3f0b7ce91544b0d41391a401bc1ac883b49f730ae59d1222dcd"
#23 1.119         }
#23 1.119       ],
#23 1.119       "sha256": "d5cec3a51b4fd3f0b7ce91544b0d41391a401bc1ac883b49f730ae59d1222dcd"
#23 1.119     },
#23 1.119     "test-deps/_pytest/fixtures.py": {
#23 1.119       "image_files": [
#23 1.119         {
#23 1.119           "path": "/opt/c3-test-deps/_pytest/fixtures.py",
#23 1.119           "sha256": "f5d4d3f848d97411e456d50400d3aaecc19a9b0c90def9151e395ee8952042b7"
#23 1.119         }
#23 1.119       ],
#23 1.119       "sha256": "f5d4d3f848d97411e456d50400d3aaecc19a9b0c90def9151e395ee8952042b7"
#23 1.119     },
#23 1.119     "test-deps/_pytest/freeze_support.py": {
#23 1.119       "image_files": [
#23 1.119         {
#23 1.119           "path": "/opt/c3-test-deps/_pytest/freeze_support.py",
#23 1.119           "sha256": "5fde08c62a6a79b780fc7833261f1d6e3a869ebb44405b8c202e612bb486597c"
#23 1.119         }
#23 1.119       ],
#23 1.119       "sha256": "5fde08c62a6a79b780fc7833261f1d6e3a869ebb44405b8c202e612bb486597c"
#23 1.119     },
#23 1.119     "test-deps/_pytest/helpconfig.py": {
#23 1.119       "image_files": [
#23 1.119         {
#23 1.119           "path": "/opt/c3-test-deps/_pytest/helpconfig.py",
#23 1.119           "sha256": "64a4ccef9da2e8f1af28afc42f605aa1d9c4c1255089adc6e4a136fbc81a5074"
#23 1.119         }
#23 1.119       ],
#23 1.119       "sha256": "64a4ccef9da2e8f1af28afc42f605aa1d9c4c1255089adc6e4a136fbc81a5074"
#23 1.119     },
#23 1.119     "test-deps/_pytest/hookspec.py": {
#23 1.119       "image_files": [
#23 1.119         {
#23 1.119           "path": "/opt/c3-test-deps/_pytest/hookspec.py",
#23 1.119           "sha256": "12098571044671c24ed0011e2bb7d94976380265e5734c30f856479482e6f88d"
#23 1.119         }
#23 1.119       ],
#23 1.119       "sha256": "12098571044671c24ed0011e2bb7d94976380265e5734c30f856479482e6f88d"
#23 1.119     },
#23 1.119     "test-deps/_pytest/junitxml.py": {
#23 1.119       "image_files": [
#23 1.119         {
#23 1.119           "path": "/opt/c3-test-deps/_pytest/junitxml.py",
#23 1.119           "sha256": "557b8978c66b8010fafc50ada4bf56333f9927f31b2b5909fe4c1a9df1a3c0f0"
#23 1.119         }
#23 1.119       ],
#23 1.119       "sha256": "557b8978c66b8010fafc50ada4bf56333f9927f31b2b5909fe4c1a9df1a3c0f0"
#23 1.119     },
#23 1.119     "test-deps/_pytest/legacypath.py": {
#23 1.119       "image_files": [
#23 1.119         {
#23 1.119           "path": "/opt/c3-test-deps/_pytest/legacypath.py",
#23 1.119           "sha256": "fe5eaff1a90d31f4dce53023bdb73a33efedd79ee9f5013afb5d7c58cd0346df"
#23 1.119         }
#23 1.119       ],
#23 1.119       "sha256": "fe5eaff1a90d31f4dce53023bdb73a33efedd79ee9f5013afb5d7c58cd0346df"
#23 1.119     },
#23 1.119     "test-deps/_pytest/logging.py": {
#23 1.119       "image_files": [
#23 1.119         {
#23 1.119           "path": "/opt/c3-test-deps/_pytest/logging.py",
#23 1.119           "sha256": "9ad4c3e583c205a97c37264bf479503e74e027cf68ba818996e923062380cac2"
#23 1.119         }
#23 1.119       ],
#23 1.119       "sha256": "9ad4c3e583c205a97c37264bf479503e74e027cf68ba818996e923062380cac2"
#23 1.119     },
#23 1.119     "test-deps/_pytest/main.py": {
#23 1.119       "image_files": [
#23 1.119         {
#23 1.119           "path": "/opt/c3-test-deps/_pytest/main.py",
#23 1.119           "sha256": "8ee2725057ff1811e2ae9ebdf1befb7518195f8f333f9f8ca024d76a4b80780e"
#23 1.119         }
#23 1.119       ],
#23 1.119       "sha256": "8ee2725057ff1811e2ae9ebdf1befb7518195f8f333f9f8ca024d76a4b80780e"
#23 1.119     },
#23 1.119     "test-deps/_pytest/mark/__init__.py": {
#23 1.119       "image_files": [
#23 1.119         {
#23 1.119           "path": "/opt/c3-test-deps/_pytest/mark/__init__.py",
#23 1.119           "sha256": "1a649c9ecb24f1e7092d62c86b6d5b38648dc4bf43dac992f061f6876acde051"
#23 1.119         }
#23 1.119       ],
#23 1.119       "sha256": "1a649c9ecb24f1e7092d62c86b6d5b38648dc4bf43dac992f061f6876acde051"
#23 1.119     },
#23 1.119     "test-deps/_pytest/mark/expression.py": {
#23 1.119       "image_files": [
#23 1.119         {
#23 1.119           "path": "/opt/c3-test-deps/_pytest/mark/expression.py",
#23 1.119           "sha256": "edae43a0bfb44f6ae09747551f6c139cdbd985b8a66e2af33352c4c57ac1f27d"
#23 1.119         }
#23 1.119       ],
#23 1.119       "sha256": "edae43a0bfb44f6ae09747551f6c139cdbd985b8a66e2af33352c4c57ac1f27d"
#23 1.119     },
#23 1.119     "test-deps/_pytest/mark/structures.py": {
#23 1.119       "image_files": [
#23 1.119         {
#23 1.119           "path": "/opt/c3-test-deps/_pytest/mark/structures.py",
#23 1.119           "sha256": "598ff2b44193f1e98868257ff55f4fff39276fc5d5ae8427fe4de7176ea1bc96"
#23 1.119         }
#23 1.119       ],
#23 1.119       "sha256": "598ff2b44193f1e98868257ff55f4fff39276fc5d5ae8427fe4de7176ea1bc96"
#23 1.119     },
#23 1.119     "test-deps/_pytest/monkeypatch.py": {
#23 1.119       "image_files": [
#23 1.119         {
#23 1.119           "path": "/opt/c3-test-deps/_pytest/monkeypatch.py",
#23 1.119           "sha256": "b5c405ed57dbd58adfb7f0fae44f84d62402993c50058e07f03387285c03df33"
#23 1.119         }
#23 1.119       ],
#23 1.119       "sha256": "b5c405ed57dbd58adfb7f0fae44f84d62402993c50058e07f03387285c03df33"
#23 1.119     },
#23 1.119     "test-deps/_pytest/nodes.py": {
#23 1.119       "image_files": [
#23 1.119         {
#23 1.119           "path": "/opt/c3-test-deps/_pytest/nodes.py",
#23 1.119           "sha256": "4701f2fa74e292b2551ae790d26fe421bb25e5e459022026107bd024177cd129"
#23 1.119         }
#23 1.119       ],
#23 1.119       "sha256": "4701f2fa74e292b2551ae790d26fe421bb25e5e459022026107bd024177cd129"
#23 1.119     },
#23 1.119     "test-deps/_pytest/outcomes.py": {
#23 1.119       "image_files": [
#23 1.119         {
#23 1.119           "path": "/opt/c3-test-deps/_pytest/outcomes.py",
#23 1.119           "sha256": "aa02dbf351cd1101a795e3fef683ab2fd7a2c04eb96188689663f51ece80c081"
#23 1.119         }
#23 1.119       ],
#23 1.119       "sha256": "aa02dbf351cd1101a795e3fef683ab2fd7a2c04eb96188689663f51ece80c081"
#23 1.119     },
#23 1.119     "test-deps/_pytest/pastebin.py": {
#23 1.119       "image_files": [
#23 1.119         {
#23 1.119           "path": "/opt/c3-test-deps/_pytest/pastebin.py",
#23 1.119           "sha256": "26d0f943451bdc4a48290144ca8ab6ed2535f0a09348c4cee9a2ad11c7f467d4"
#23 1.119         }
#23 1.119       ],
#23 1.119       "sha256": "26d0f943451bdc4a48290144ca8ab6ed2535f0a09348c4cee9a2ad11c7f467d4"
#23 1.119     },
#23 1.119     "test-deps/_pytest/pathlib.py": {
#23 1.119       "image_files": [
#23 1.119         {
#23 1.119           "path": "/opt/c3-test-deps/_pytest/pathlib.py",
#23 1.119           "sha256": "c9fe77dccbf52afa1196ff92870ed919e09f254c082710a86ed417fd3ca90329"
#23 1.119         }
#23 1.119       ],
#23 1.119       "sha256": "c9fe77dccbf52afa1196ff92870ed919e09f254c082710a86ed417fd3ca90329"
#23 1.119     },
#23 1.119     "test-deps/_pytest/py.typed": {
#23 1.119       "image_files": [
#23 1.119         {
#23 1.119           "path": "/opt/c3-test-deps/_pytest/py.typed",
#23 1.119           "sha256": "e3b0c44298fc1c149afbf4c8996fb92427ae41e4649b934ca495991b7852b855"
#23 1.119         }
#23 1.119       ],
#23 1.119       "sha256": "e3b0c44298fc1c149afbf4c8996fb92427ae41e4649b934ca495991b7852b855"
#23 1.119     },
#23 1.119     "test-deps/_pytest/pytester.py": {
#23 1.119       "image_files": [
#23 1.119         {
#23 1.119           "path": "/opt/c3-test-deps/_pytest/pytester.py",
#23 1.119           "sha256": "9e791d0a3446b04324e70bb939712f8d490005ad13eb46ab3249592baa08ff17"
#23 1.119         }
#23 1.119       ],
#23 1.119       "sha256": "9e791d0a3446b04324e70bb939712f8d490005ad13eb46ab3249592baa08ff17"
#23 1.119     },
#23 1.119     "test-deps/_pytest/pytester_assertions.py": {
#23 1.119       "image_files": [
#23 1.119         {
#23 1.119           "path": "/opt/c3-test-deps/_pytest/pytester_assertions.py",
#23 1.119           "sha256": "d484f5e97acb6d4a227c5784b4e9cf4ad88766e2288340e5dc40a4a709b3a364"
#23 1.119         }
#23 1.119       ],
#23 1.119       "sha256": "d484f5e97acb6d4a227c5784b4e9cf4ad88766e2288340e5dc40a4a709b3a364"
#23 1.119     },
#23 1.119     "test-deps/_pytest/python.py": {
#23 1.119       "image_files": [
#23 1.119         {
#23 1.119           "path": "/opt/c3-test-deps/_pytest/python.py",
#23 1.119           "sha256": "b04488f5e46bf1ffe2e8344f81756e10b970dbfaf2f7f2f4d312becd6404df76"
#23 1.119         }
#23 1.119       ],
#23 1.119       "sha256": "b04488f5e46bf1ffe2e8344f81756e10b970dbfaf2f7f2f4d312becd6404df76"
#23 1.119     },
#23 1.119     "test-deps/_pytest/python_api.py": {
#23 1.119       "image_files": [
#23 1.119         {
#23 1.119           "path": "/opt/c3-test-deps/_pytest/python_api.py",
#23 1.119           "sha256": "cba22d17b5dedccb39be71ca946b765b998c4c3055ae1adad453fefbd843497d"
#23 1.119         }
#23 1.119       ],
#23 1.119       "sha256": "cba22d17b5dedccb39be71ca946b765b998c4c3055ae1adad453fefbd843497d"
#23 1.119     },
#23 1.119     "test-deps/_pytest/raises.py": {
#23 1.119       "image_files": [
#23 1.119         {
#23 1.119           "path": "/opt/c3-test-deps/_pytest/raises.py",
#23 1.119           "sha256": "dc28805f1e1c2db835f1a5290218efee5d510d190ad333d61663d59bd6d1362c"
#23 1.119         }
#23 1.119       ],
#23 1.119       "sha256": "dc28805f1e1c2db835f1a5290218efee5d510d190ad333d61663d59bd6d1362c"
#23 1.119     },
#23 1.119     "test-deps/_pytest/recwarn.py": {
#23 1.119       "image_files": [
#23 1.119         {
#23 1.119           "path": "/opt/c3-test-deps/_pytest/recwarn.py",
#23 1.119           "sha256": "0e3ab27f6b7313d89eff1136c4cd60913e591fe5b32961c87e7711778f2dc906"
#23 1.119         }
#23 1.119       ],
#23 1.119       "sha256": "0e3ab27f6b7313d89eff1136c4cd60913e591fe5b32961c87e7711778f2dc906"
#23 1.119     },
#23 1.119     "test-deps/_pytest/reports.py": {
#23 1.119       "image_files": [
#23 1.119         {
#23 1.119           "path": "/opt/c3-test-deps/_pytest/reports.py",
#23 1.119           "sha256": "2e9272a67cde38b925eba24a288b2ef77f741c0daa22da6fbce53ee6e58fa41d"
#23 1.119         }
#23 1.119       ],
#23 1.119       "sha256": "2e9272a67cde38b925eba24a288b2ef77f741c0daa22da6fbce53ee6e58fa41d"
#23 1.119     },
#23 1.119     "test-deps/_pytest/runner.py": {
#23 1.119       "image_files": [
#23 1.119         {
#23 1.119           "path": "/opt/c3-test-deps/_pytest/runner.py",
#23 1.119           "sha256": "c8d7fd553c0516f7884502ee0e7954eb5a5b1542f21fcb5c4357500ed2fe1570"
#23 1.119         }
#23 1.119       ],
#23 1.119       "sha256": "c8d7fd553c0516f7884502ee0e7954eb5a5b1542f21fcb5c4357500ed2fe1570"
#23 1.119     },
#23 1.119     "test-deps/_pytest/scope.py": {
#23 1.119       "image_files": [
#23 1.119         {
#23 1.119           "path": "/opt/c3-test-deps/_pytest/scope.py",
#23 1.119           "sha256": "78499126f474ba3787fd1ca9524dcf8583b2b505f5632af491ea1c458a72ae2a"
#23 1.119         }
#23 1.119       ],
#23 1.119       "sha256": "78499126f474ba3787fd1ca9524dcf8583b2b505f5632af491ea1c458a72ae2a"
#23 1.119     },
#23 1.119     "test-deps/_pytest/setuponly.py": {
#23 1.119       "image_files": [
#23 1.119         {
#23 1.119           "path": "/opt/c3-test-deps/_pytest/setuponly.py",
#23 1.119           "sha256": "06c46b0b81110d5af8dbed86fcbd00c61354e175706ccb32e52d253af2abf300"
#23 1.119         }
#23 1.119       ],
#23 1.119       "sha256": "06c46b0b81110d5af8dbed86fcbd00c61354e175706ccb32e52d253af2abf300"
#23 1.119     },
#23 1.119     "test-deps/_pytest/setupplan.py": {
#23 1.119       "image_files": [
#23 1.119         {
#23 1.119           "path": "/opt/c3-test-deps/_pytest/setupplan.py",
#23 1.119           "sha256": "97ec9c14dc4364fc98e76c21e1fef26aa87367b496d628d22a740b9aacc36560"
#23 1.119         }
#23 1.119       ],
#23 1.119       "sha256": "97ec9c14dc4364fc98e76c21e1fef26aa87367b496d628d22a740b9aacc36560"
#23 1.119     },
#23 1.119     "test-deps/_pytest/skipping.py": {
#23 1.119       "image_files": [
#23 1.119         {
#23 1.119           "path": "/opt/c3-test-deps/_pytest/skipping.py",
#23 1.119           "sha256": "cc2102f5f8d19478f91ce77117c109348b8766ae04ebc4b8c33e5f9923e50aee"
#23 1.119         }
#23 1.119       ],
#23 1.119       "sha256": "cc2102f5f8d19478f91ce77117c109348b8766ae04ebc4b8c33e5f9923e50aee"
#23 1.119     },
#23 1.119     "test-deps/_pytest/stash.py": {
#23 1.119       "image_files": [
#23 1.119         {
#23 1.119           "path": "/opt/c3-test-deps/_pytest/stash.py",
#23 1.119           "sha256": "e69137903c78abce794d6f5a56f61376b9242a530353afb1897e25b8aa491202"
#23 1.119         }
#23 1.119       ],
#23 1.119       "sha256": "e69137903c78abce794d6f5a56f61376b9242a530353afb1897e25b8aa491202"
#23 1.119     },
#23 1.119     "test-deps/_pytest/stepwise.py": {
#23 1.119       "image_files": [
#23 1.119         {
#23 1.119           "path": "/opt/c3-test-deps/_pytest/stepwise.py",
#23 1.119           "sha256": "903f350eb9e19dc94a06631f6aec1099b78c6d852fbb0d3bc395a73649887444"
#23 1.119         }
#23 1.119       ],
#23 1.119       "sha256": "903f350eb9e19dc94a06631f6aec1099b78c6d852fbb0d3bc395a73649887444"
#23 1.119     },
#23 1.119     "test-deps/_pytest/subtests.py": {
#23 1.119       "image_files": [
#23 1.119         {
#23 1.119           "path": "/opt/c3-test-deps/_pytest/subtests.py",
#23 1.119           "sha256": "f514883bad06a84cec0d7ddc1dd8ce8c16e5680597f9fc5a9bd8836b878f92a4"
#23 1.119         }
#23 1.119       ],
#23 1.119       "sha256": "f514883bad06a84cec0d7ddc1dd8ce8c16e5680597f9fc5a9bd8836b878f92a4"
#23 1.119     },
#23 1.119     "test-deps/_pytest/terminal.py": {
#23 1.119       "image_files": [
#23 1.119         {
#23 1.119           "path": "/opt/c3-test-deps/_pytest/terminal.py",
#23 1.119           "sha256": "28c4a9ebca0243385b154f47ecb83b18a1df415e0b912ebd97079c5ea0036459"
#23 1.119         }
#23 1.119       ],
#23 1.119       "sha256": "28c4a9ebca0243385b154f47ecb83b18a1df415e0b912ebd97079c5ea0036459"
#23 1.119     },
#23 1.119     "test-deps/_pytest/terminalprogress.py": {
#23 1.119       "image_files": [
#23 1.119         {
#23 1.119           "path": "/opt/c3-test-deps/_pytest/terminalprogress.py",
#23 1.119           "sha256": "fc83b7bd1195013cf746491a72a200682502e3e46ada94c400d50063ae9d1304"
#23 1.119         }
#23 1.119       ],
#23 1.119       "sha256": "fc83b7bd1195013cf746491a72a200682502e3e46ada94c400d50063ae9d1304"
#23 1.119     },
#23 1.119     "test-deps/_pytest/threadexception.py": {
#23 1.119       "image_files": [
#23 1.119         {
#23 1.119           "path": "/opt/c3-test-deps/_pytest/threadexception.py",
#23 1.119           "sha256": "85371ca73654aeb4240d1395140a87817c00538f3571ae0cab8080e1807b9b2e"
#23 1.119         }
#23 1.119       ],
#23 1.119       "sha256": "85371ca73654aeb4240d1395140a87817c00538f3571ae0cab8080e1807b9b2e"
#23 1.119     },
#23 1.119     "test-deps/_pytest/timing.py": {
#23 1.119       "image_files": [
#23 1.119         {
#23 1.119           "path": "/opt/c3-test-deps/_pytest/timing.py",
#23 1.119           "sha256": "62de28571e5296350624bc18fe2096f2feb064a55f33e1cc8d1e223c047db9d4"
#23 1.119         }
#23 1.119       ],
#23 1.119       "sha256": "62de28571e5296350624bc18fe2096f2feb064a55f33e1cc8d1e223c047db9d4"
#23 1.119     },
#23 1.119     "test-deps/_pytest/tmpdir.py": {
#23 1.119       "image_files": [
#23 1.119         {
#23 1.119           "path": "/opt/c3-test-deps/_pytest/tmpdir.py",
#23 1.119           "sha256": "5099f71d89413191c9e7515c9d4fe9fc7083bb73306f2cf1f73a9f89c862ed90"
#23 1.119         }
#23 1.119       ],
#23 1.119       "sha256": "5099f71d89413191c9e7515c9d4fe9fc7083bb73306f2cf1f73a9f89c862ed90"
#23 1.119     },
#23 1.119     "test-deps/_pytest/tracemalloc.py": {
#23 1.119       "image_files": [
#23 1.119         {
#23 1.119           "path": "/opt/c3-test-deps/_pytest/tracemalloc.py",
#23 1.119           "sha256": "942501fd85006fa475beaabf6fe2d26125f2f9389d6e7da6eed7f3996014ae39"
#23 1.119         }
#23 1.119       ],
#23 1.119       "sha256": "942501fd85006fa475beaabf6fe2d26125f2f9389d6e7da6eed7f3996014ae39"
#23 1.119     },
#23 1.119     "test-deps/_pytest/unittest.py": {
#23 1.119       "image_files": [
#23 1.119         {
#23 1.119           "path": "/opt/c3-test-deps/_pytest/unittest.py",
#23 1.119           "sha256": "24657b6c497eacbf50a978713598b3baed4c05c29f1c01891563cfefed119224"
#23 1.119         }
#23 1.119       ],
#23 1.119       "sha256": "24657b6c497eacbf50a978713598b3baed4c05c29f1c01891563cfefed119224"
#23 1.119     },
#23 1.119     "test-deps/_pytest/unraisableexception.py": {
#23 1.119       "image_files": [
#23 1.119         {
#23 1.119           "path": "/opt/c3-test-deps/_pytest/unraisableexception.py",
#23 1.119           "sha256": "e89f17e58cb4d1c9ec4c32dcadb4e3377166b9aafd7f8f0c5d19410a27987b32"
#23 1.119         }
#23 1.119       ],
#23 1.119       "sha256": "e89f17e58cb4d1c9ec4c32dcadb4e3377166b9aafd7f8f0c5d19410a27987b32"
#23 1.119     },
#23 1.119     "test-deps/_pytest/warning_types.py": {
#23 1.119       "image_files": [
#23 1.119         {
#23 1.119           "path": "/opt/c3-test-deps/_pytest/warning_types.py",
#23 1.119           "sha256": "8e27be526f030b2798164fd8511132a2f447b6f5ef6958363228bf978998edb5"
#23 1.119         }
#23 1.119       ],
#23 1.119       "sha256": "8e27be526f030b2798164fd8511132a2f447b6f5ef6958363228bf978998edb5"
#23 1.119     },
#23 1.119     "test-deps/_pytest/warnings.py": {
#23 1.119       "image_files": [
#23 1.119         {
#23 1.119           "path": "/opt/c3-test-deps/_pytest/warnings.py",
#23 1.119           "sha256": "824a6f9f0f4233c5e4741bc37ef36660c63bb4ef207aa91064c080b69a4dae9f"
#23 1.119         }
#23 1.119       ],
#23 1.119       "sha256": "824a6f9f0f4233c5e4741bc37ef36660c63bb4ef207aa91064c080b69a4dae9f"
#23 1.119     },
#23 1.119     "test-deps/iniconfig-2.3.0.dist-info/INSTALLER": {
#23 1.119       "image_files": [
#23 1.119         {
#23 1.119           "path": "/opt/c3-test-deps/iniconfig-2.3.0.dist-info/INSTALLER",
#23 1.119           "sha256": "e6184ce10e266134fdcfa401e8f1a95005bcd4f18d16b62b757323e2833fe9a9"
#23 1.119         }
#23 1.119       ],
#23 1.119       "sha256": "e6184ce10e266134fdcfa401e8f1a95005bcd4f18d16b62b757323e2833fe9a9"
#23 1.119     },
#23 1.119     "test-deps/iniconfig-2.3.0.dist-info/METADATA": {
#23 1.119       "image_files": [
#23 1.119         {
#23 1.119           "path": "/opt/c3-test-deps/iniconfig-2.3.0.dist-info/METADATA",
#23 1.119           "sha256": "40d773f84e4e112f495bbf4f1be9cbd2d456c0aeb6ef5311f75d1bf322f2165b"
#23 1.119         }
#23 1.119       ],
#23 1.119       "sha256": "40d773f84e4e112f495bbf4f1be9cbd2d456c0aeb6ef5311f75d1bf322f2165b"
#23 1.119     },
#23 1.119     "test-deps/iniconfig-2.3.0.dist-info/RECORD": {
#23 1.119       "image_files": [
#23 1.119         {
#23 1.119           "path": "/opt/c3-test-deps/iniconfig-2.3.0.dist-info/RECORD",
#23 1.119           "sha256": "4b560f65489a4dc0f32d8403da676d2e6338c371fe844160934b3fe469785185"
#23 1.119         }
#23 1.119       ],
#23 1.119       "sha256": "4b560f65489a4dc0f32d8403da676d2e6338c371fe844160934b3fe469785185"
#23 1.119     },
#23 1.119     "test-deps/iniconfig-2.3.0.dist-info/REQUESTED": {
#23 1.119       "image_files": [
#23 1.119         {
#23 1.119           "path": "/opt/c3-test-deps/iniconfig-2.3.0.dist-info/REQUESTED",
#23 1.119           "sha256": "e3b0c44298fc1c149afbf4c8996fb92427ae41e4649b934ca495991b7852b855"
#23 1.119         }
#23 1.119       ],
#23 1.119       "sha256": "e3b0c44298fc1c149afbf4c8996fb92427ae41e4649b934ca495991b7852b855"
#23 1.119     },
#23 1.119     "test-deps/iniconfig-2.3.0.dist-info/WHEEL": {
#23 1.119       "image_files": [
#23 1.119         {
#23 1.119           "path": "/opt/c3-test-deps/iniconfig-2.3.0.dist-info/WHEEL",
#23 1.119           "sha256": "ff309ddcdd65ebd02bc724dbf2bcc4a0ff53a5b61792a44548d383e4ebb19d3b"
#23 1.119         }
#23 1.119       ],
#23 1.119       "sha256": "ff309ddcdd65ebd02bc724dbf2bcc4a0ff53a5b61792a44548d383e4ebb19d3b"
#23 1.119     },
#23 1.119     "test-deps/iniconfig-2.3.0.dist-info/licenses/LICENSE": {
#23 1.119       "image_files": [
#23 1.119         {
#23 1.119           "path": "/opt/c3-test-deps/iniconfig-2.3.0.dist-info/licenses/LICENSE",
#23 1.119           "sha256": "3409fa91f7ace557894632676656e32264fe5ef7581535725dc9a23774551bd4"
#23 1.119         }
#23 1.119       ],
#23 1.119       "sha256": "3409fa91f7ace557894632676656e32264fe5ef7581535725dc9a23774551bd4"
#23 1.119     },
#23 1.119     "test-deps/iniconfig-2.3.0.dist-info/top_level.txt": {
#23 1.119       "image_files": [
#23 1.119         {
#23 1.119           "path": "/opt/c3-test-deps/iniconfig-2.3.0.dist-info/top_level.txt",
#23 1.119           "sha256": "eca7ccd1fba07654e88fd516ede9ca5e4d876002d00fca878b22ad8e14b380df"
#23 1.119         }
#23 1.119       ],
#23 1.119       "sha256": "eca7ccd1fba07654e88fd516ede9ca5e4d876002d00fca878b22ad8e14b380df"
#23 1.119     },
#23 1.119     "test-deps/iniconfig/__init__.py": {
#23 1.119       "image_files": [
#23 1.119         {
#23 1.119           "path": "/opt/c3-test-deps/iniconfig/__init__.py",
#23 1.119           "sha256": "5cbe5ea94623e26b2400ea2b6798df4408a726f2734c8f9f271a4fe317d7b5ac"
#23 1.119         }
#23 1.119       ],
#23 1.119       "sha256": "5cbe5ea94623e26b2400ea2b6798df4408a726f2734c8f9f271a4fe317d7b5ac"
#23 1.119     },
#23 1.119     "test-deps/iniconfig/_parse.py": {
#23 1.119       "image_files": [
#23 1.119         {
#23 1.119           "path": "/opt/c3-test-deps/iniconfig/_parse.py",
#23 1.119           "sha256": "e6770197b30042268f367a51aecf45478b7a1ba0e480e52ce39f0e63fd42476f"
#23 1.119         }
#23 1.119       ],
#23 1.119       "sha256": "e6770197b30042268f367a51aecf45478b7a1ba0e480e52ce39f0e63fd42476f"
#23 1.119     },
#23 1.119     "test-deps/iniconfig/_version.py": {
#23 1.119       "image_files": [
#23 1.119         {
#23 1.119           "path": "/opt/c3-test-deps/iniconfig/_version.py",
#23 1.119           "sha256": "28d1587be56d76ded9fa81f297c8e60c043da97a0234c0045e2823e814754142"
#23 1.119         }
#23 1.119       ],
#23 1.119       "sha256": "28d1587be56d76ded9fa81f297c8e60c043da97a0234c0045e2823e814754142"
#23 1.119     },
#23 1.119     "test-deps/iniconfig/exceptions.py": {
#23 1.119       "image_files": [
#23 1.119         {
#23 1.119           "path": "/opt/c3-test-deps/iniconfig/exceptions.py",
#23 1.119           "sha256": "9a2a50fda3310fd0af4af156375a135d8e10b919ca00c6757f7b027668c34d4d"
#23 1.119         }
#23 1.119       ],
#23 1.119       "sha256": "9a2a50fda3310fd0af4af156375a135d8e10b919ca00c6757f7b027668c34d4d"
#23 1.119     },
#23 1.119     "test-deps/iniconfig/py.typed": {
#23 1.119       "image_files": [
#23 1.119         {
#23 1.119           "path": "/opt/c3-test-deps/iniconfig/py.typed",
#23 1.119           "sha256": "e3b0c44298fc1c149afbf4c8996fb92427ae41e4649b934ca495991b7852b855"
#23 1.119         }
#23 1.119       ],
#23 1.119       "sha256": "e3b0c44298fc1c149afbf4c8996fb92427ae41e4649b934ca495991b7852b855"
#23 1.119     },
#23 1.119     "test-deps/packaging-26.3.dist-info/INSTALLER": {
#23 1.119       "image_files": [
#23 1.119         {
#23 1.119           "path": "/opt/c3-test-deps/packaging-26.3.dist-info/INSTALLER",
#23 1.119           "sha256": "e6184ce10e266134fdcfa401e8f1a95005bcd4f18d16b62b757323e2833fe9a9"
#23 1.119         }
#23 1.119       ],
#23 1.119       "sha256": "e6184ce10e266134fdcfa401e8f1a95005bcd4f18d16b62b757323e2833fe9a9"
#23 1.119     },
#23 1.119     "test-deps/packaging-26.3.dist-info/METADATA": {
#23 1.119       "image_files": [
#23 1.119         {
#23 1.119           "path": "/opt/c3-test-deps/packaging-26.3.dist-info/METADATA",
#23 1.119           "sha256": "70fdb89fc4d4a9a043bf7372b8972bcc883fddff34ab55e9cf80d73875384763"
#23 1.119         }
#23 1.119       ],
#23 1.119       "sha256": "70fdb89fc4d4a9a043bf7372b8972bcc883fddff34ab55e9cf80d73875384763"
#23 1.119     },
#23 1.119     "test-deps/packaging-26.3.dist-info/RECORD": {
#23 1.119       "image_files": [
#23 1.119         {
#23 1.119           "path": "/opt/c3-test-deps/packaging-26.3.dist-info/RECORD",
#23 1.119           "sha256": "1b8655965b0d83e9a067fd7f84b977bd1e117e0fb9f2874b2572781bdc9e2147"
#23 1.119         }
#23 1.119       ],
#23 1.119       "sha256": "1b8655965b0d83e9a067fd7f84b977bd1e117e0fb9f2874b2572781bdc9e2147"
#23 1.119     },
#23 1.119     "test-deps/packaging-26.3.dist-info/REQUESTED": {
#23 1.119       "image_files": [
#23 1.119         {
#23 1.119           "path": "/opt/c3-test-deps/packaging-26.3.dist-info/REQUESTED",
#23 1.119           "sha256": "e3b0c44298fc1c149afbf4c8996fb92427ae41e4649b934ca495991b7852b855"
#23 1.119         }
#23 1.119       ],
#23 1.119       "sha256": "e3b0c44298fc1c149afbf4c8996fb92427ae41e4649b934ca495991b7852b855"
#23 1.119     },
#23 1.119     "test-deps/packaging-26.3.dist-info/WHEEL": {
#23 1.119       "image_files": [
#23 1.119         {
#23 1.119           "path": "/opt/c3-test-deps/packaging-26.3.dist-info/WHEEL",
#23 1.119           "sha256": "1b68144734c4b66791f27add5d425f3620775585718a03d0f9b110ba3a4d88db"
#23 1.119         }
#23 1.119       ],
#23 1.119       "sha256": "1b68144734c4b66791f27add5d425f3620775585718a03d0f9b110ba3a4d88db"
#23 1.119     },
#23 1.119     "test-deps/packaging-26.3.dist-info/licenses/LICENSE": {
#23 1.119       "image_files": [
#23 1.119         {
#23 1.119           "path": "/opt/c3-test-deps/packaging-26.3.dist-info/licenses/LICENSE",
#23 1.119           "sha256": "cad1ef5bd340d73e074ba614d26f7deaca5c7940c3d8c34852e65c4909686c48"
#23 1.119         }
#23 1.119       ],
#23 1.119       "sha256": "cad1ef5bd340d73e074ba614d26f7deaca5c7940c3d8c34852e65c4909686c48"
#23 1.119     },
#23 1.119     "test-deps/packaging-26.3.dist-info/licenses/LICENSE.APACHE": {
#23 1.119       "image_files": [
#23 1.119         {
#23 1.119           "path": "/opt/c3-test-deps/packaging-26.3.dist-info/licenses/LICENSE.APACHE",
#23 1.119           "sha256": "0d542e0c8804e39aa7f37eb00da5a762149dc682d7829451287e11b938e94594"
#23 1.119         }
#23 1.119       ],
#23 1.119       "sha256": "0d542e0c8804e39aa7f37eb00da5a762149dc682d7829451287e11b938e94594"
#23 1.119     },
#23 1.119     "test-deps/packaging-26.3.dist-info/licenses/LICENSE.BSD": {
#23 1.119       "image_files": [
#23 1.119         {
#23 1.119           "path": "/opt/c3-test-deps/packaging-26.3.dist-info/licenses/LICENSE.BSD",
#23 1.119           "sha256": "b70e7e9b742f1cc6f948b34c16aa39ffece94196364bc88ff0d2180f0028fac5"
#23 1.119         }
#23 1.119       ],
#23 1.119       "sha256": "b70e7e9b742f1cc6f948b34c16aa39ffece94196364bc88ff0d2180f0028fac5"
#23 1.119     },
#23 1.119     "test-deps/packaging/__init__.py": {
#23 1.119       "image_files": [
#23 1.119         {
#23 1.119           "path": "/opt/c3-test-deps/packaging/__init__.py",
#23 1.119           "sha256": "6e758cdd0028b2cad74c739b9adc9c9f06f054932306280b878bfe59d39219b5"
#23 1.119         }
#23 1.119       ],
#23 1.119       "sha256": "6e758cdd0028b2cad74c739b9adc9c9f06f054932306280b878bfe59d39219b5"
#23 1.119     },
#23 1.119     "test-deps/packaging/_elffile.py": {
#23 1.119       "image_files": [
#23 1.119         {
#23 1.119           "path": "/opt/c3-test-deps/packaging/_elffile.py",
#23 1.119           "sha256": "1f025f54c573f1a85740c4fbd908cc1d1fb0c177c14377ebf5f09d6cd5368780"
#23 1.119         }
#23 1.119       ],
#23 1.119       "sha256": "1f025f54c573f1a85740c4fbd908cc1d1fb0c177c14377ebf5f09d6cd5368780"
#23 1.119     },
#23 1.119     "test-deps/packaging/_manylinux.py": {
#23 1.119       "image_files": [
#23 1.119         {
#23 1.119           "path": "/opt/c3-test-deps/packaging/_manylinux.py",
#23 1.119           "sha256": "5b6e84324c42538ab4cdb148e2430fdba36f04427b0efda55bea083a35fa6136"
#23 1.119         }
#23 1.119       ],
#23 1.119       "sha256": "5b6e84324c42538ab4cdb148e2430fdba36f04427b0efda55bea083a35fa6136"
#23 1.119     },
#23 1.119     "test-deps/packaging/_musllinux.py": {
#23 1.119       "image_files": [
#23 1.119         {
#23 1.119           "path": "/opt/c3-test-deps/packaging/_musllinux.py",
#23 1.119           "sha256": "0328fb827b1170c77df4c107d49be8df8d37262103490a61e8acad8a2f9cadff"
#23 1.119         }
#23 1.119       ],
#23 1.119       "sha256": "0328fb827b1170c77df4c107d49be8df8d37262103490a61e8acad8a2f9cadff"
#23 1.119     },
#23 1.119     "test-deps/packaging/_parser.py": {
#23 1.119       "image_files": [
#23 1.119         {
#23 1.119           "path": "/opt/c3-test-deps/packaging/_parser.py",
#23 1.119           "sha256": "88a348115209327497e453b635e5db099fd592f9335d710c7313b29cdb30c50c"
#23 1.119         }
#23 1.119       ],
#23 1.119       "sha256": "88a348115209327497e453b635e5db099fd592f9335d710c7313b29cdb30c50c"
#23 1.119     },
#23 1.119     "test-deps/packaging/_ranges.py": {
#23 1.119       "image_files": [
#23 1.119         {
#23 1.119           "path": "/opt/c3-test-deps/packaging/_ranges.py",
#23 1.119           "sha256": "b7b595f2e692aeb3697c545b85c24cbbcb4552f2adc6d9059aa82d0877e816b7"
#23 1.119         }
#23 1.119       ],
#23 1.119       "sha256": "b7b595f2e692aeb3697c545b85c24cbbcb4552f2adc6d9059aa82d0877e816b7"
#23 1.119     },
#23 1.119     "test-deps/packaging/_structures.py": {
#23 1.119       "image_files": [
#23 1.119         {
#23 1.119           "path": "/opt/c3-test-deps/packaging/_structures.py",
#23 1.119           "sha256": "eb48d16c5efca7ccf930a9cd77a700a6b80e69d0891d5d03966526441a8565cb"
#23 1.119         }
#23 1.119       ],
#23 1.119       "sha256": "eb48d16c5efca7ccf930a9cd77a700a6b80e69d0891d5d03966526441a8565cb"
#23 1.119     },
#23 1.119     "test-deps/packaging/_tokenizer.py": {
#23 1.119       "image_files": [
#23 1.119         {
#23 1.119           "path": "/opt/c3-test-deps/packaging/_tokenizer.py",
#23 1.119           "sha256": "cc25e57c0d564c89e15073471d6e1c264299ca946fb17c0e1e4af54ef7713ee6"
#23 1.119         }
#23 1.119       ],
#23 1.119       "sha256": "cc25e57c0d564c89e15073471d6e1c264299ca946fb17c0e1e4af54ef7713ee6"
#23 1.119     },
#23 1.119     "test-deps/packaging/dependency_groups.py": {
#23 1.119       "image_files": [
#23 1.119         {
#23 1.119           "path": "/opt/c3-test-deps/packaging/dependency_groups.py",
#23 1.119           "sha256": "5309cc564ca3022dfb594816e9d593bb09cdf34208c1fb8c5ec9afb6c670278c"
#23 1.119         }
#23 1.119       ],
#23 1.119       "sha256": "5309cc564ca3022dfb594816e9d593bb09cdf34208c1fb8c5ec9afb6c670278c"
#23 1.119     },
#23 1.119     "test-deps/packaging/direct_url.py": {
#23 1.119       "image_files": [
#23 1.119         {
#23 1.119           "path": "/opt/c3-test-deps/packaging/direct_url.py",
#23 1.119           "sha256": "843baa95d04cbb49288de9d9fd77ee946e862cb603123e7e46a69e171fa7d06b"
#23 1.119         }
#23 1.119       ],
#23 1.119       "sha256": "843baa95d04cbb49288de9d9fd77ee946e862cb603123e7e46a69e171fa7d06b"
#23 1.119     },
#23 1.119     "test-deps/packaging/errors.py": {
#23 1.119       "image_files": [
#23 1.119         {
#23 1.119           "path": "/opt/c3-test-deps/packaging/errors.py",
#23 1.119           "sha256": "ea17c461701ff2ffc817ae7e94569d24e30889e04fdb120ab721178c6d67188b"
#23 1.119         }
#23 1.119       ],
#23 1.119       "sha256": "ea17c461701ff2ffc817ae7e94569d24e30889e04fdb120ab721178c6d67188b"
#23 1.119     },
#23 1.119     "test-deps/packaging/licenses/__init__.py": {
#23 1.119       "image_files": [
#23 1.119         {
#23 1.119           "path": "/opt/c3-test-deps/packaging/licenses/__init__.py",
#23 1.119           "sha256": "590d12eee73ddbec53b4e9ee5bfc64d9cb3aacb4940e8ebcba260757ce56740b"
#23 1.119         }
#23 1.119       ],
#23 1.119       "sha256": "590d12eee73ddbec53b4e9ee5bfc64d9cb3aacb4940e8ebcba260757ce56740b"
#23 1.119     },
#23 1.119     "test-deps/packaging/licenses/_spdx.py": {
#23 1.119       "image_files": [
#23 1.119         {
#23 1.119           "path": "/opt/c3-test-deps/packaging/licenses/_spdx.py",
#23 1.119           "sha256": "596ec35e2ca0ebcba9fd8343ff0a51625af548786257815f24b41f7e08613314"
#23 1.119         }
#23 1.119       ],
#23 1.119       "sha256": "596ec35e2ca0ebcba9fd8343ff0a51625af548786257815f24b41f7e08613314"
#23 1.119     },
#23 1.119     "test-deps/packaging/markers.py": {
#23 1.119       "image_files": [
#23 1.119         {
#23 1.119           "path": "/opt/c3-test-deps/packaging/markers.py",
#23 1.119           "sha256": "6cbe860d35d98d2b599e7f0ec73feab124e015711b30be9045e678c92940d9cc"
#23 1.119         }
#23 1.119       ],
#23 1.119       "sha256": "6cbe860d35d98d2b599e7f0ec73feab124e015711b30be9045e678c92940d9cc"
#23 1.119     },
#23 1.119     "test-deps/packaging/metadata.py": {
#23 1.119       "image_files": [
#23 1.119         {
#23 1.119           "path": "/opt/c3-test-deps/packaging/metadata.py",
#23 1.119           "sha256": "934149f420a5449e6f376aa61d6f26a0823eb82cc7c6a1c8cde5aa7be43d0f63"
#23 1.119         }
#23 1.119       ],
#23 1.119       "sha256": "934149f420a5449e6f376aa61d6f26a0823eb82cc7c6a1c8cde5aa7be43d0f63"
#23 1.119     },
#23 1.119     "test-deps/packaging/py.typed": {
#23 1.119       "image_files": [
#23 1.119         {
#23 1.119           "path": "/opt/c3-test-deps/packaging/py.typed",
#23 1.119           "sha256": "e3b0c44298fc1c149afbf4c8996fb92427ae41e4649b934ca495991b7852b855"
#23 1.119         }
#23 1.119       ],
#23 1.119       "sha256": "e3b0c44298fc1c149afbf4c8996fb92427ae41e4649b934ca495991b7852b855"
#23 1.119     },
#23 1.119     "test-deps/packaging/pylock.py": {
#23 1.119       "image_files": [
#23 1.119         {
#23 1.119           "path": "/opt/c3-test-deps/packaging/pylock.py",
#23 1.119           "sha256": "1bce0a9fe63e42b87e8ced05da272baf16a68aa704b3718405e2735a6112467c"
#23 1.119         }
#23 1.119       ],
#23 1.119       "sha256": "1bce0a9fe63e42b87e8ced05da272baf16a68aa704b3718405e2735a6112467c"
#23 1.119     },
#23 1.119     "test-deps/packaging/ranges.py": {
#23 1.119       "image_files": [
#23 1.119         {
#23 1.119           "path": "/opt/c3-test-deps/packaging/ranges.py",
#23 1.119           "sha256": "b4781ce913e5dff9e07906f20585c54c3028e1f7ff56341828e79d522ddbfab6"
#23 1.119         }
#23 1.119       ],
#23 1.119       "sha256": "b4781ce913e5dff9e07906f20585c54c3028e1f7ff56341828e79d522ddbfab6"
#23 1.119     },
#23 1.119     "test-deps/packaging/requirements.py": {
#23 1.119       "image_files": [
#23 1.119         {
#23 1.119           "path": "/opt/c3-test-deps/packaging/requirements.py",
#23 1.119           "sha256": "459476eb2107fe30e6b1310051a5bdb44c7d3b7f78e0e87bada268282cba62f5"
#23 1.119         }
#23 1.119       ],
#23 1.119       "sha256": "459476eb2107fe30e6b1310051a5bdb44c7d3b7f78e0e87bada268282cba62f5"
#23 1.119     },
#23 1.119     "test-deps/packaging/specifiers.py": {
#23 1.119       "image_files": [
#23 1.119         {
#23 1.119           "path": "/opt/c3-test-deps/packaging/specifiers.py",
#23 1.119           "sha256": "661ad31ddf45ffb861d2626734f4e3d66966029b8fdb79586bb105825d8d9d59"
#23 1.119         }
#23 1.119       ],
#23 1.119       "sha256": "661ad31ddf45ffb861d2626734f4e3d66966029b8fdb79586bb105825d8d9d59"
#23 1.119     },
#23 1.119     "test-deps/packaging/tags.py": {
#23 1.119       "image_files": [
#23 1.119         {
#23 1.119           "path": "/opt/c3-test-deps/packaging/tags.py",
#23 1.119           "sha256": "0e717a082a79620d79cf0321b420df15593c4916fcda03c27cb9d82e07ef5d6e"
#23 1.119         }
#23 1.119       ],
#23 1.119       "sha256": "0e717a082a79620d79cf0321b420df15593c4916fcda03c27cb9d82e07ef5d6e"
#23 1.119     },
#23 1.119     "test-deps/packaging/utils.py": {
#23 1.119       "image_files": [
#23 1.119         {
#23 1.119           "path": "/opt/c3-test-deps/packaging/utils.py",
#23 1.119           "sha256": "a13742cd9994eeca5adfb0249d126408c478026eb1f48cb97afbf2fe9f28ecc6"
#23 1.119         }
#23 1.119       ],
#23 1.119       "sha256": "a13742cd9994eeca5adfb0249d126408c478026eb1f48cb97afbf2fe9f28ecc6"
#23 1.119     },
#23 1.119     "test-deps/packaging/version.py": {
#23 1.119       "image_files": [
#23 1.119         {
#23 1.119           "path": "/opt/c3-test-deps/packaging/version.py",
#23 1.119           "sha256": "558b2fb50fd198c660a4c082f96b8919c565911b6b4b6e07f34b6b60c074be97"
#23 1.119         }
#23 1.119       ],
#23 1.119       "sha256": "558b2fb50fd198c660a4c082f96b8919c565911b6b4b6e07f34b6b60c074be97"
#23 1.119     },
#23 1.119     "test-deps/pluggy-1.6.0.dist-info/INSTALLER": {
#23 1.119       "image_files": [
#23 1.119         {
#23 1.119           "path": "/opt/c3-test-deps/pluggy-1.6.0.dist-info/INSTALLER",
#23 1.119           "sha256": "e6184ce10e266134fdcfa401e8f1a95005bcd4f18d16b62b757323e2833fe9a9"
#23 1.119         }
#23 1.119       ],
#23 1.119       "sha256": "e6184ce10e266134fdcfa401e8f1a95005bcd4f18d16b62b757323e2833fe9a9"
#23 1.119     },
#23 1.119     "test-deps/pluggy-1.6.0.dist-info/METADATA": {
#23 1.119       "image_files": [
#23 1.119         {
#23 1.119           "path": "/opt/c3-test-deps/pluggy-1.6.0.dist-info/METADATA",
#23 1.119           "sha256": "7438c35ee25a095eb7416f84b461c2d74425c5e734ad54c3912453c65244e01c"
#23 1.119         }
#23 1.119       ],
#23 1.119       "sha256": "7438c35ee25a095eb7416f84b461c2d74425c5e734ad54c3912453c65244e01c"
#23 1.119     },
#23 1.119     "test-deps/pluggy-1.6.0.dist-info/RECORD": {
#23 1.119       "image_files": [
#23 1.119         {
#23 1.119           "path": "/opt/c3-test-deps/pluggy-1.6.0.dist-info/RECORD",
#23 1.119           "sha256": "a42a63bcba12ddb7e7db19158c8d05d8fc41d51f48686b411ad3a0213fbd7721"
#23 1.119         }
#23 1.119       ],
#23 1.119       "sha256": "a42a63bcba12ddb7e7db19158c8d05d8fc41d51f48686b411ad3a0213fbd7721"
#23 1.119     },
#23 1.119     "test-deps/pluggy-1.6.0.dist-info/REQUESTED": {
#23 1.119       "image_files": [
#23 1.119         {
#23 1.119           "path": "/opt/c3-test-deps/pluggy-1.6.0.dist-info/REQUESTED",
#23 1.119           "sha256": "e3b0c44298fc1c149afbf4c8996fb92427ae41e4649b934ca495991b7852b855"
#23 1.119         }
#23 1.119       ],
#23 1.119       "sha256": "e3b0c44298fc1c149afbf4c8996fb92427ae41e4649b934ca495991b7852b855"
#23 1.119     },
#23 1.119     "test-deps/pluggy-1.6.0.dist-info/WHEEL": {
#23 1.119       "image_files": [
#23 1.119         {
#23 1.119           "path": "/opt/c3-test-deps/pluggy-1.6.0.dist-info/WHEEL",
#23 1.119           "sha256": "370dfa0e3ba1ff9543ba42b41fbf10cce5fefc5404a3a577ee6de7926f7a82d5"
#23 1.119         }
#23 1.119       ],
#23 1.119       "sha256": "370dfa0e3ba1ff9543ba42b41fbf10cce5fefc5404a3a577ee6de7926f7a82d5"
#23 1.119     },
#23 1.119     "test-deps/pluggy-1.6.0.dist-info/licenses/LICENSE": {
#23 1.119       "image_files": [
#23 1.119         {
#23 1.119           "path": "/opt/c3-test-deps/pluggy-1.6.0.dist-info/licenses/LICENSE",
#23 1.119           "sha256": "d6b65e6c213a5d0b577911d34d6e5949b9f59d76c238c5071a2f3fc16cfb2606"
#23 1.119         }
#23 1.119       ],
#23 1.119       "sha256": "d6b65e6c213a5d0b577911d34d6e5949b9f59d76c238c5071a2f3fc16cfb2606"
#23 1.119     },
#23 1.119     "test-deps/pluggy-1.6.0.dist-info/top_level.txt": {
#23 1.119       "image_files": [
#23 1.119         {
#23 1.119           "path": "/opt/c3-test-deps/pluggy-1.6.0.dist-info/top_level.txt",
#23 1.119           "sha256": "c4a4824616a2faff4c724bccb96a8dcf5e9cd6d6ec98e820a0c4b04e07296071"
#23 1.119         }
#23 1.119       ],
#23 1.119       "sha256": "c4a4824616a2faff4c724bccb96a8dcf5e9cd6d6ec98e820a0c4b04e07296071"
#23 1.119     },
#23 1.119     "test-deps/pluggy/__init__.py": {
#23 1.119       "image_files": [
#23 1.119         {
#23 1.119           "path": "/opt/c3-test-deps/pluggy/__init__.py",
#23 1.119           "sha256": "0fa769d609840e3b43a7c840c1073eaab81aba59cbe2296daea90b0ddfa0f6d8"
#23 1.119         }
#23 1.119       ],
#23 1.119       "sha256": "0fa769d609840e3b43a7c840c1073eaab81aba59cbe2296daea90b0ddfa0f6d8"
#23 1.119     },
#23 1.119     "test-deps/pluggy/_callers.py": {
#23 1.119       "image_files": [
#23 1.119         {
#23 1.119           "path": "/opt/c3-test-deps/pluggy/_callers.py",
#23 1.119           "sha256": "804665946692615b2c676526a4d7e6602d1b755821da361b0057982afb913236"
#23 1.119         }
#23 1.119       ],
#23 1.119       "sha256": "804665946692615b2c676526a4d7e6602d1b755821da361b0057982afb913236"
#23 1.119     },
#23 1.119     "test-deps/pluggy/_hooks.py": {
#23 1.119       "image_files": [
#23 1.119         {
#23 1.119           "path": "/opt/c3-test-deps/pluggy/_hooks.py",
#23 1.119           "sha256": "13a7f79d8708e9d6c4b8ed069b2eb5a3380653fe7dfdeebd902d3c6b4e8406ea"
#23 1.119         }
#23 1.119       ],
#23 1.119       "sha256": "13a7f79d8708e9d6c4b8ed069b2eb5a3380653fe7dfdeebd902d3c6b4e8406ea"
#23 1.119     },
#23 1.119     "test-deps/pluggy/_manager.py": {
#23 1.119       "image_files": [
#23 1.119         {
#23 1.119           "path": "/opt/c3-test-deps/pluggy/_manager.py",
#23 1.119           "sha256": "2b8229fe99048ef4f6a0e21f40fa7c0b0016a1756710d81045ccbdb651a28b4a"
#23 1.119         }
#23 1.119       ],
#23 1.119       "sha256": "2b8229fe99048ef4f6a0e21f40fa7c0b0016a1756710d81045ccbdb651a28b4a"
#23 1.119     },
#23 1.119     "test-deps/pluggy/_result.py": {
#23 1.119       "image_files": [
#23 1.119         {
#23 1.119           "path": "/opt/c3-test-deps/pluggy/_result.py",
#23 1.119           "sha256": "dd77f2ec3ae35db61bee9b91aaec98d956e274858daba3e9ed09ee12531d8fc4"
#23 1.119         }
#23 1.119       ],
#23 1.119       "sha256": "dd77f2ec3ae35db61bee9b91aaec98d956e274858daba3e9ed09ee12531d8fc4"
#23 1.119     },
#23 1.119     "test-deps/pluggy/_tracing.py": {
#23 1.119       "image_files": [
#23 1.119         {
#23 1.119           "path": "/opt/c3-test-deps/pluggy/_tracing.py",
#23 1.119           "sha256": "9d777604298381ff2327157e1cedcfab147e595e777969c5f01e001759c91a0a"
#23 1.119         }
#23 1.119       ],
#23 1.119       "sha256": "9d777604298381ff2327157e1cedcfab147e595e777969c5f01e001759c91a0a"
#23 1.119     },
#23 1.119     "test-deps/pluggy/_version.py": {
#23 1.119       "image_files": [
#23 1.119         {
#23 1.119           "path": "/opt/c3-test-deps/pluggy/_version.py",
#23 1.119           "sha256": "e45189369f4b924f6e3b17828d7a68086045efd02be8b18f391efe6ad06a6ffe"
#23 1.119         }
#23 1.119       ],
#23 1.119       "sha256": "e45189369f4b924f6e3b17828d7a68086045efd02be8b18f391efe6ad06a6ffe"
#23 1.119     },
#23 1.119     "test-deps/pluggy/_warnings.py": {
#23 1.119       "image_files": [
#23 1.119         {
#23 1.119           "path": "/opt/c3-test-deps/pluggy/_warnings.py",
#23 1.119           "sha256": "b5dd00bd90697da9ab8820b73aab0bc31321f92cc03237e399ce7c4f9bcfde5c"
#23 1.119         }
#23 1.119       ],
#23 1.119       "sha256": "b5dd00bd90697da9ab8820b73aab0bc31321f92cc03237e399ce7c4f9bcfde5c"
#23 1.119     },
#23 1.119     "test-deps/pluggy/py.typed": {
#23 1.119       "image_files": [
#23 1.119         {
#23 1.119           "path": "/opt/c3-test-deps/pluggy/py.typed",
#23 1.119           "sha256": "e3b0c44298fc1c149afbf4c8996fb92427ae41e4649b934ca495991b7852b855"
#23 1.119         }
#23 1.119       ],
#23 1.119       "sha256": "e3b0c44298fc1c149afbf4c8996fb92427ae41e4649b934ca495991b7852b855"
#23 1.119     },
#23 1.119     "test-deps/py.py": {
#23 1.119       "image_files": [
#23 1.119         {
#23 1.119           "path": "/opt/c3-test-deps/py.py",
#23 1.119           "sha256": "b71675b5d9845ba0814e9e88767f88dac3b3cc0d3128da028bd45edbb523e871"
#23 1.119         }
#23 1.119       ],
#23 1.119       "sha256": "b71675b5d9845ba0814e9e88767f88dac3b3cc0d3128da028bd45edbb523e871"
#23 1.119     },
#23 1.119     "test-deps/pygments-2.21.0.dist-info/INSTALLER": {
#23 1.119       "image_files": [
#23 1.119         {
#23 1.119           "path": "/opt/c3-test-deps/pygments-2.21.0.dist-info/INSTALLER",
#23 1.119           "sha256": "e6184ce10e266134fdcfa401e8f1a95005bcd4f18d16b62b757323e2833fe9a9"
#23 1.119         }
#23 1.119       ],
#23 1.119       "sha256": "e6184ce10e266134fdcfa401e8f1a95005bcd4f18d16b62b757323e2833fe9a9"
#23 1.119     },
#23 1.119     "test-deps/pygments-2.21.0.dist-info/METADATA": {
#23 1.119       "image_files": [
#23 1.119         {
#23 1.119           "path": "/opt/c3-test-deps/pygments-2.21.0.dist-info/METADATA",
#23 1.119           "sha256": "1dde075570136774c706bf0009183a793fe0ee262e4a5590cc6eff8453eedd43"
#23 1.119         }
#23 1.119       ],
#23 1.119       "sha256": "1dde075570136774c706bf0009183a793fe0ee262e4a5590cc6eff8453eedd43"
#23 1.119     },
#23 1.119     "test-deps/pygments-2.21.0.dist-info/RECORD": {
#23 1.119       "image_files": [
#23 1.119         {
#23 1.119           "path": "/opt/c3-test-deps/pygments-2.21.0.dist-info/RECORD",
#23 1.119           "sha256": "c2a6aec27e6b0557fa46f89e4e3212a6a454374730387944e16e70d14fd168d2"
#23 1.119         }
#23 1.119       ],
#23 1.119       "sha256": "c2a6aec27e6b0557fa46f89e4e3212a6a454374730387944e16e70d14fd168d2"
#23 1.119     },
#23 1.119     "test-deps/pygments-2.21.0.dist-info/REQUESTED": {
#23 1.119       "image_files": [
#23 1.119         {
#23 1.119           "path": "/opt/c3-test-deps/pygments-2.21.0.dist-info/REQUESTED",
#23 1.119           "sha256": "e3b0c44298fc1c149afbf4c8996fb92427ae41e4649b934ca495991b7852b855"
#23 1.119         }
#23 1.119       ],
#23 1.119       "sha256": "e3b0c44298fc1c149afbf4c8996fb92427ae41e4649b934ca495991b7852b855"
#23 1.119     },
#23 1.119     "test-deps/pygments-2.21.0.dist-info/WHEEL": {
#23 1.119       "image_files": [
#23 1.119         {
#23 1.119           "path": "/opt/c3-test-deps/pygments-2.21.0.dist-info/WHEEL",
#23 1.119           "sha256": "ccec20e2307acd7da453dd7437e70c6b08e2bc3ead3bc3445af135da37b56d59"
#23 1.119         }
#23 1.119       ],
#23 1.119       "sha256": "ccec20e2307acd7da453dd7437e70c6b08e2bc3ead3bc3445af135da37b56d59"
#23 1.119     },
#23 1.119     "test-deps/pygments-2.21.0.dist-info/entry_points.txt": {
#23 1.119       "image_files": [
#23 1.119         {
#23 1.119           "path": "/opt/c3-test-deps/pygments-2.21.0.dist-info/entry_points.txt",
#23 1.119           "sha256": "b945f0f9784c281117e2959c0ada6e4d39cf84bde1ece104da35a2e75550b1af"
#23 1.119         }
#23 1.119       ],
#23 1.119       "sha256": "b945f0f9784c281117e2959c0ada6e4d39cf84bde1ece104da35a2e75550b1af"
#23 1.119     },
#23 1.119     "test-deps/pygments-2.21.0.dist-info/licenses/AUTHORS": {
#23 1.119       "image_files": [
#23 1.119         {
#23 1.119           "path": "/opt/c3-test-deps/pygments-2.21.0.dist-info/licenses/AUTHORS",
#23 1.119           "sha256": "71a83872ad82f57be692cf827e048e2cd51d45169cfa1ea3f28706d97a872c0f"
#23 1.119         }
#23 1.119       ],
#23 1.119       "sha256": "71a83872ad82f57be692cf827e048e2cd51d45169cfa1ea3f28706d97a872c0f"
#23 1.119     },
#23 1.119     "test-deps/pygments-2.21.0.dist-info/licenses/LICENSE": {
#23 1.119       "image_files": [
#23 1.119         {
#23 1.119           "path": "/opt/c3-test-deps/pygments-2.21.0.dist-info/licenses/LICENSE",
#23 1.119           "sha256": "a9d66f1d526df02e29dce73436d34e56e8632f46c275bbdffc70569e882f9f17"
#23 1.119         }
#23 1.119       ],
#23 1.119       "sha256": "a9d66f1d526df02e29dce73436d34e56e8632f46c275bbdffc70569e882f9f17"
#23 1.119     },
#23 1.119     "test-deps/pygments/__init__.py": {
#23 1.119       "image_files": [
#23 1.119         {
#23 1.119           "path": "/opt/c3-test-deps/pygments/__init__.py",
#23 1.119           "sha256": "83fe99688e06ed80d7d44d325f79027de83a434c60f249bceffd67fda3e7d2b1"
#23 1.119         }
#23 1.119       ],
#23 1.119       "sha256": "83fe99688e06ed80d7d44d325f79027de83a434c60f249bceffd67fda3e7d2b1"
#23 1.119     },
#23 1.119     "test-deps/pygments/__main__.py": {
#23 1.119       "image_files": [
#23 1.119         {
#23 1.119           "path": "/opt/c3-test-deps/pygments/__main__.py",
#23 1.119           "sha256": "4195a3d13e934d1b2aafec3ed18bd520ba350f202fcf3c9d18244e370744ceaa"
#23 1.119         }
#23 1.119       ],
#23 1.119       "sha256": "4195a3d13e934d1b2aafec3ed18bd520ba350f202fcf3c9d18244e370744ceaa"
#23 1.119     },
#23 1.119     "test-deps/pygments/cmdline.py": {
#23 1.119       "image_files": [
#23 1.119         {
#23 1.119           "path": "/opt/c3-test-deps/pygments/cmdline.py",
#23 1.119           "sha256": "93faf94133e61101476a726ac5ec7e93fd72ad4cacc30d86237565c9f8ac108a"
#23 1.119         }
#23 1.119       ],
#23 1.119       "sha256": "93faf94133e61101476a726ac5ec7e93fd72ad4cacc30d86237565c9f8ac108a"
#23 1.119     },
#23 1.119     "test-deps/pygments/console.py": {
#23 1.119       "image_files": [
#23 1.119         {
#23 1.119           "path": "/opt/c3-test-deps/pygments/console.py",
#23 1.119           "sha256": "0b5f3d240c210b5421d002a0b21cdbd70543cc5a819efd55678e644c40c83b7d"
#23 1.119         }
#23 1.119       ],
#23 1.119       "sha256": "0b5f3d240c210b5421d002a0b21cdbd70543cc5a819efd55678e644c40c83b7d"
#23 1.119     },
#23 1.119     "test-deps/pygments/filter.py": {
#23 1.119       "image_files": [
#23 1.119         {
#23 1.119           "path": "/opt/c3-test-deps/pygments/filter.py",
#23 1.119           "sha256": "d5d9db92ad80742dc0907b770da5f09ce91304b0a1975911ea76922f09ebfed7"
#23 1.119         }
#23 1.119       ],
#23 1.119       "sha256": "d5d9db92ad80742dc0907b770da5f09ce91304b0a1975911ea76922f09ebfed7"
#23 1.119     },
#23 1.119     "test-deps/pygments/filters/__init__.py": {
#23 1.119       "image_files": [
#23 1.119         {
#23 1.119           "path": "/opt/c3-test-deps/pygments/filters/__init__.py",
#23 1.119           "sha256": "d37658748626c6758287b80d5c3ee5110f3af437f89331e7386338e222716a7f"
#23 1.119         }
#23 1.119       ],
#23 1.119       "sha256": "d37658748626c6758287b80d5c3ee5110f3af437f89331e7386338e222716a7f"
#23 1.119     },
#23 1.119     "test-deps/pygments/formatter.py": {
#23 1.119       "image_files": [
#23 1.119         {
#23 1.119           "path": "/opt/c3-test-deps/pygments/formatter.py",
#23 1.119           "sha256": "3d30674d6d041e47b6bf39402aebc72648f7fbf08c8fc76e231fb7c955227bea"
#23 1.119         }
#23 1.119       ],
#23 1.119       "sha256": "3d30674d6d041e47b6bf39402aebc72648f7fbf08c8fc76e231fb7c955227bea"
#23 1.119     },
#23 1.119     "test-deps/pygments/formatters/__init__.py": {
#23 1.119       "image_files": [
#23 1.119         {
#23 1.119           "path": "/opt/c3-test-deps/pygments/formatters/__init__.py",
#23 1.119           "sha256": "a8f1b8ab972e69944606096610954b3f8483bf8dd0237b4052c923df433e98e6"
#23 1.119         }
#23 1.119       ],
#23 1.119       "sha256": "a8f1b8ab972e69944606096610954b3f8483bf8dd0237b4052c923df433e98e6"
#23 1.119     },
#23 1.119     "test-deps/pygments/formatters/_mapping.py": {
#23 1.119       "image_files": [
#23 1.119         {
#23 1.119           "path": "/opt/c3-test-deps/pygments/formatters/_mapping.py",
#23 1.119           "sha256": "d42c37ec5b9094d69c9f144a9ad94f5f89f22e85fdfedb64a39670b1c354659e"
#23 1.119         }
#23 1.119       ],
#23 1.119       "sha256": "d42c37ec5b9094d69c9f144a9ad94f5f89f22e85fdfedb64a39670b1c354659e"
#23 1.119     },
#23 1.119     "test-deps/pygments/formatters/bbcode.py": {
#23 1.119       "image_files": [
#23 1.119         {
#23 1.119           "path": "/opt/c3-test-deps/pygments/formatters/bbcode.py",
#23 1.119           "sha256": "96f1b5444649bf4a4ce9531ef90c0b4aea34625d516bf5f9d7087dddf5bc0369"
#23 1.119         }
#23 1.119       ],
#23 1.119       "sha256": "96f1b5444649bf4a4ce9531ef90c0b4aea34625d516bf5f9d7087dddf5bc0369"
#23 1.119     },
#23 1.119     "test-deps/pygments/formatters/groff.py": {
#23 1.119       "image_files": [
#23 1.119         {
#23 1.119           "path": "/opt/c3-test-deps/pygments/formatters/groff.py",
#23 1.119           "sha256": "141f3b388130e52e19d23c955572f672c7a08251dacddcaa3f6f1acb7ac38988"
#23 1.119         }
#23 1.119       ],
#23 1.119       "sha256": "141f3b388130e52e19d23c955572f672c7a08251dacddcaa3f6f1acb7ac38988"
#23 1.119     },
#23 1.119     "test-deps/pygments/formatters/html.py": {
#23 1.119       "image_files": [
#23 1.119         {
#23 1.119           "path": "/opt/c3-test-deps/pygments/formatters/html.py",
#23 1.119           "sha256": "dcdd5f976d788e0caa9025fa2f3de04bc9761104bbbf85a3ef189e60d9653628"
#23 1.119         }
#23 1.119       ],
#23 1.119       "sha256": "dcdd5f976d788e0caa9025fa2f3de04bc9761104bbbf85a3ef189e60d9653628"
#23 1.119     },
#23 1.119     "test-deps/pygments/formatters/img.py": {
#23 1.119       "image_files": [
#23 1.119         {
#23 1.119           "path": "/opt/c3-test-deps/pygments/formatters/img.py",
#23 1.119           "sha256": "e35b92634a4a83d56628962b1ee6af095820d33fa683cd69dbc404324b707f5a"
#23 1.119         }
#23 1.119       ],
#23 1.119       "sha256": "e35b92634a4a83d56628962b1ee6af095820d33fa683cd69dbc404324b707f5a"
#23 1.119     },
#23 1.119     "test-deps/pygments/formatters/irc.py": {
#23 1.119       "image_files": [
#23 1.119         {
#23 1.119           "path": "/opt/c3-test-deps/pygments/formatters/irc.py",
#23 1.119           "sha256": "85d3aa02f174d9b23c098f3fb6eb67529b4166958404bcd502a4b8fd8034b5ec"
#23 1.119         }
#23 1.119       ],
#23 1.119       "sha256": "85d3aa02f174d9b23c098f3fb6eb67529b4166958404bcd502a4b8fd8034b5ec"
#23 1.119     },
#23 1.119     "test-deps/pygments/formatters/latex.py": {
#23 1.119       "image_files": [
#23 1.119         {
#23 1.119           "path": "/opt/c3-test-deps/pygments/formatters/latex.py",
#23 1.119           "sha256": "2b29f300b230261df0e1df7a7c69ae52a8c679dfa41b307778bbf3b96135ebe2"
#23 1.119         }
#23 1.119       ],
#23 1.119       "sha256": "2b29f300b230261df0e1df7a7c69ae52a8c679dfa41b307778bbf3b96135ebe2"
#23 1.119     },
#23 1.119     "test-deps/pygments/formatters/other.py": {
#23 1.119       "image_files": [
#23 1.119         {
#23 1.119           "path": "/opt/c3-test-deps/pygments/formatters/other.py",
#23 1.119           "sha256": "948eba6f6e706b37926251c4df4c895618f744dbd6299a854bbb5480c32b1319"
#23 1.119         }
#23 1.119       ],
#23 1.119       "sha256": "948eba6f6e706b37926251c4df4c895618f744dbd6299a854bbb5480c32b1319"
#23 1.119     },
#23 1.119     "test-deps/pygments/formatters/pangomarkup.py": {
#23 1.119       "image_files": [
#23 1.119         {
#23 1.119           "path": "/opt/c3-test-deps/pygments/formatters/pangomarkup.py",
#23 1.119           "sha256": "2f88d4ea83b5f14a8432a5de3791643ed922b17ad7b97abdc1c79c832ffa773a"
#23 1.119         }
#23 1.119       ],
#23 1.119       "sha256": "2f88d4ea83b5f14a8432a5de3791643ed922b17ad7b97abdc1c79c832ffa773a"
#23 1.119     },
#23 1.119     "test-deps/pygments/formatters/rtf.py": {
#23 1.119       "image_files": [
#23 1.119         {
#23 1.119           "path": "/opt/c3-test-deps/pygments/formatters/rtf.py",
#23 1.119           "sha256": "610616f0d4eb0785df3a32db433badc83e23df94e2985359d13dfd7444fd0cea"
#23 1.119         }
#23 1.119       ],
#23 1.119       "sha256": "610616f0d4eb0785df3a32db433badc83e23df94e2985359d13dfd7444fd0cea"
#23 1.119     },
#23 1.119     "test-deps/pygments/formatters/svg.py": {
#23 1.119       "image_files": [
#23 1.119         {
#23 1.119           "path": "/opt/c3-test-deps/pygments/formatters/svg.py",
#23 1.119           "sha256": "990a298756a62a40fcb3e1ee3bb8d6c07cdda52118a5001798253b94e8601810"
#23 1.119         }
#23 1.119       ],
#23 1.119       "sha256": "990a298756a62a40fcb3e1ee3bb8d6c07cdda52118a5001798253b94e8601810"
#23 1.119     },
#23 1.119     "test-deps/pygments/formatters/terminal.py": {
#23 1.119       "image_files": [
#23 1.119         {
#23 1.119           "path": "/opt/c3-test-deps/pygments/formatters/terminal.py",
#23 1.119           "sha256": "abb8cb2da9e57b7dde099903af80a81c037e7470457f50c1862e0570143cff51"
#23 1.119         }
#23 1.119       ],
#23 1.119       "sha256": "abb8cb2da9e57b7dde099903af80a81c037e7470457f50c1862e0570143cff51"
#23 1.119     },
#23 1.119     "test-deps/pygments/formatters/terminal256.py": {
#23 1.119       "image_files": [
#23 1.119         {
#23 1.119           "path": "/opt/c3-test-deps/pygments/formatters/terminal256.py",
#23 1.119           "sha256": "95010cc07c0b4411695a264c3e72476ee9b0a0a1c14a80a5f0722fb85feb1811"
#23 1.119         }
#23 1.119       ],
#23 1.119       "sha256": "95010cc07c0b4411695a264c3e72476ee9b0a0a1c14a80a5f0722fb85feb1811"
#23 1.119     },
#23 1.119     "test-deps/pygments/lexer.py": {
#23 1.119       "image_files": [
#23 1.119         {
#23 1.119           "path": "/opt/c3-test-deps/pygments/lexer.py",
#23 1.119           "sha256": "2037632e5c3bbf18c6c12a14dc38815e0584b16b2e81e7b765c04af1b3e1b738"
#23 1.119         }
#23 1.119       ],
#23 1.119       "sha256": "2037632e5c3bbf18c6c12a14dc38815e0584b16b2e81e7b765c04af1b3e1b738"
#23 1.119     },
#23 1.119     "test-deps/pygments/lexers/__init__.py": {
#23 1.119       "image_files": [
#23 1.119         {
#23 1.119           "path": "/opt/c3-test-deps/pygments/lexers/__init__.py",
#23 1.119           "sha256": "1b876da84e5030402aa1a683d6bc126597aea8a84cc92e2eb65333d6cce4ad38"
#23 1.119         }
#23 1.119       ],
#23 1.119       "sha256": "1b876da84e5030402aa1a683d6bc126597aea8a84cc92e2eb65333d6cce4ad38"
#23 1.119     },
#23 1.119     "test-deps/pygments/lexers/_ada_builtins.py": {
#23 1.119       "image_files": [
#23 1.119         {
#23 1.119           "path": "/opt/c3-test-deps/pygments/lexers/_ada_builtins.py",
#23 1.119           "sha256": "7596fe96876c48ce8be5e98b9602e0fab0a59b61ee9af9c72bbd827ad9d245d0"
#23 1.119         }
#23 1.119       ],
#23 1.119       "sha256": "7596fe96876c48ce8be5e98b9602e0fab0a59b61ee9af9c72bbd827ad9d245d0"
#23 1.119     },
#23 1.119     "test-deps/pygments/lexers/_asy_builtins.py": {
#23 1.119       "image_files": [
#23 1.119         {
#23 1.119           "path": "/opt/c3-test-deps/pygments/lexers/_asy_builtins.py",
#23 1.119           "sha256": "ce0e787c6860cd65d0524ebea99e8e5b91932fd7783ab9c1f12250923ac3d31b"
#23 1.119         }
#23 1.119       ],
#23 1.119       "sha256": "ce0e787c6860cd65d0524ebea99e8e5b91932fd7783ab9c1f12250923ac3d31b"
#23 1.119     },
#23 1.119     "test-deps/pygments/lexers/_cl_builtins.py": {
#23 1.119       "image_files": [
#23 1.119         {
#23 1.119           "path": "/opt/c3-test-deps/pygments/lexers/_cl_builtins.py",
#23 1.119           "sha256": "a01174d19909c83d782e462e47ad371031483328ad9337b5d9a4fb5330d82d8b"
#23 1.119         }
#23 1.119       ],
#23 1.119       "sha256": "a01174d19909c83d782e462e47ad371031483328ad9337b5d9a4fb5330d82d8b"
#23 1.119     },
#23 1.119     "test-deps/pygments/lexers/_cocoa_builtins.py": {
#23 1.119       "image_files": [
#23 1.119         {
#23 1.119           "path": "/opt/c3-test-deps/pygments/lexers/_cocoa_builtins.py",
#23 1.137           "sha256": "69beacabe8b2e4b6a913570d63297c3c95cb83a108357c7e94c45bc0445d298b"
#23 1.137         }
#23 1.137       ],
#23 1.137       "sha256": "69beacabe8b2e4b6a913570d63297c3c95cb83a108357c7e94c45bc0445d298b"
#23 1.137     },
#23 1.137     "test-deps/pygments/lexers/_csound_builtins.py": {
#23 1.137       "image_files": [
#23 1.137         {
#23 1.137           "path": "/opt/c3-test-deps/pygments/lexers/_csound_builtins.py",
#23 1.137           "sha256": "c2e5a2423984321695bec57c6ff79fb1e6e053460a228302d040a939abd30883"
#23 1.137         }
#23 1.137       ],
#23 1.137       "sha256": "c2e5a2423984321695bec57c6ff79fb1e6e053460a228302d040a939abd30883"
#23 1.137     },
#23 1.137     "test-deps/pygments/lexers/_css_builtins.py": {
#23 1.137       "image_files": [
#23 1.137         {
#23 1.137           "path": "/opt/c3-test-deps/pygments/lexers/_css_builtins.py",
#23 1.137           "sha256": "aa1982e2d4461b9df3bf3310135aa7efde0bbdb54e0d1b5569cc5608fde42240"
#23 1.137         }
#23 1.137       ],
#23 1.137       "sha256": "aa1982e2d4461b9df3bf3310135aa7efde0bbdb54e0d1b5569cc5608fde42240"
#23 1.137     },
#23 1.137     "test-deps/pygments/lexers/_googlesql_builtins.py": {
#23 1.137       "image_files": [
#23 1.137         {
#23 1.137           "path": "/opt/c3-test-deps/pygments/lexers/_googlesql_builtins.py",
#23 1.137           "sha256": "9867ce1ae28a8d9a071c0019aba1e973af31d2a2b2731f925ffc060d27123982"
#23 1.137         }
#23 1.137       ],
#23 1.137       "sha256": "9867ce1ae28a8d9a071c0019aba1e973af31d2a2b2731f925ffc060d27123982"
#23 1.137     },
#23 1.137     "test-deps/pygments/lexers/_julia_builtins.py": {
#23 1.137       "image_files": [
#23 1.137         {
#23 1.137           "path": "/opt/c3-test-deps/pygments/lexers/_julia_builtins.py",
#23 1.137           "sha256": "bbabf4c80cd98ea504363888439a8c7dcb28d6bffa111a866e3dda1f0167caa0"
#23 1.137         }
#23 1.137       ],
#23 1.137       "sha256": "bbabf4c80cd98ea504363888439a8c7dcb28d6bffa111a866e3dda1f0167caa0"
#23 1.137     },
#23 1.137     "test-deps/pygments/lexers/_lasso_builtins.py": {
#23 1.137       "image_files": [
#23 1.137         {
#23 1.137           "path": "/opt/c3-test-deps/pygments/lexers/_lasso_builtins.py",
#23 1.137           "sha256": "60efdcfdfd39668c6ca47c42477a16402a5985b00953304906156ebb04e3af97"
#23 1.137         }
#23 1.137       ],
#23 1.137       "sha256": "60efdcfdfd39668c6ca47c42477a16402a5985b00953304906156ebb04e3af97"
#23 1.137     },
#23 1.137     "test-deps/pygments/lexers/_lilypond_builtins.py": {
#23 1.137       "image_files": [
#23 1.137         {
#23 1.137           "path": "/opt/c3-test-deps/pygments/lexers/_lilypond_builtins.py",
#23 1.137           "sha256": "fbfe22e20a600e07051ef6993092f6b35ac8f5d48d636642eaf3baba5ec79a5d"
#23 1.137         }
#23 1.137       ],
#23 1.137       "sha256": "fbfe22e20a600e07051ef6993092f6b35ac8f5d48d636642eaf3baba5ec79a5d"
#23 1.137     },
#23 1.137     "test-deps/pygments/lexers/_lua_builtins.py": {
#23 1.137       "image_files": [
#23 1.137         {
#23 1.137           "path": "/opt/c3-test-deps/pygments/lexers/_lua_builtins.py",
#23 1.137           "sha256": "f8e5ac47584eeb4b9611ef87c9616d3cda086cf3a9b16ce35cd7cac067325e44"
#23 1.137         }
#23 1.137       ],
#23 1.137       "sha256": "f8e5ac47584eeb4b9611ef87c9616d3cda086cf3a9b16ce35cd7cac067325e44"
#23 1.137     },
#23 1.137     "test-deps/pygments/lexers/_luau_builtins.py": {
#23 1.137       "image_files": [
#23 1.137         {
#23 1.137           "path": "/opt/c3-test-deps/pygments/lexers/_luau_builtins.py",
#23 1.137           "sha256": "60b523d9b719d026f448190894d5d61c518350592975d389c7eba4ad9c7570c7"
#23 1.137         }
#23 1.137       ],
#23 1.137       "sha256": "60b523d9b719d026f448190894d5d61c518350592975d389c7eba4ad9c7570c7"
#23 1.137     },
#23 1.137     "test-deps/pygments/lexers/_mapping.py": {
#23 1.137       "image_files": [
#23 1.137         {
#23 1.137           "path": "/opt/c3-test-deps/pygments/lexers/_mapping.py",
#23 1.137           "sha256": "fd7e1ac14a895e47591c7a911460ebbe2a47caed81159ea292776c08a122b4fa"
#23 1.137         }
#23 1.137       ],
#23 1.137       "sha256": "fd7e1ac14a895e47591c7a911460ebbe2a47caed81159ea292776c08a122b4fa"
#23 1.137     },
#23 1.137     "test-deps/pygments/lexers/_mql_builtins.py": {
#23 1.137       "image_files": [
#23 1.137         {
#23 1.137           "path": "/opt/c3-test-deps/pygments/lexers/_mql_builtins.py",
#23 1.137           "sha256": "0a472f3321d8878539ac6815e808128714674cebf4b66a846ce8957696852eab"
#23 1.137         }
#23 1.137       ],
#23 1.137       "sha256": "0a472f3321d8878539ac6815e808128714674cebf4b66a846ce8957696852eab"
#23 1.137     },
#23 1.137     "test-deps/pygments/lexers/_mysql_builtins.py": {
#23 1.137       "image_files": [
#23 1.137         {
#23 1.137           "path": "/opt/c3-test-deps/pygments/lexers/_mysql_builtins.py",
#23 1.137           "sha256": "4aa895615562aed9cde254a0b5f7913f1b55a5cba68d4bef52af67f0939bb90e"
#23 1.137         }
#23 1.137       ],
#23 1.137       "sha256": "4aa895615562aed9cde254a0b5f7913f1b55a5cba68d4bef52af67f0939bb90e"
#23 1.137     },
#23 1.137     "test-deps/pygments/lexers/_openedge_builtins.py": {
#23 1.137       "image_files": [
#23 1.137         {
#23 1.137           "path": "/opt/c3-test-deps/pygments/lexers/_openedge_builtins.py",
#23 1.137           "sha256": "033175a3a78090c73abe7be6795a8d9d46545628f36cd6248f3ad476d0907b73"
#23 1.137         }
#23 1.137       ],
#23 1.137       "sha256": "033175a3a78090c73abe7be6795a8d9d46545628f36cd6248f3ad476d0907b73"
#23 1.137     },
#23 1.137     "test-deps/pygments/lexers/_php_builtins.py": {
#23 1.137       "image_files": [
#23 1.137         {
#23 1.137           "path": "/opt/c3-test-deps/pygments/lexers/_php_builtins.py",
#23 1.137           "sha256": "f60f962d3dea6d21a8950241ff83d2e855bfafb1d55c15af239396c4ab5bc289"
#23 1.137         }
#23 1.137       ],
#23 1.137       "sha256": "f60f962d3dea6d21a8950241ff83d2e855bfafb1d55c15af239396c4ab5bc289"
#23 1.137     },
#23 1.137     "test-deps/pygments/lexers/_postgres_builtins.py": {
#23 1.137       "image_files": [
#23 1.137         {
#23 1.137           "path": "/opt/c3-test-deps/pygments/lexers/_postgres_builtins.py",
#23 1.137           "sha256": "4068369814d3860bf82dd5e3166e70aca68a9c253d0ee6e6262ea55c1ef2d8c8"
#23 1.137         }
#23 1.137       ],
#23 1.137       "sha256": "4068369814d3860bf82dd5e3166e70aca68a9c253d0ee6e6262ea55c1ef2d8c8"
#23 1.137     },
#23 1.137     "test-deps/pygments/lexers/_qlik_builtins.py": {
#23 1.137       "image_files": [
#23 1.137         {
#23 1.137           "path": "/opt/c3-test-deps/pygments/lexers/_qlik_builtins.py",
#23 1.137           "sha256": "dd99024838edc52c570c8f5eae28164cb49472dfdaa7f5b42ea7d98c578a4182"
#23 1.137         }
#23 1.137       ],
#23 1.137       "sha256": "dd99024838edc52c570c8f5eae28164cb49472dfdaa7f5b42ea7d98c578a4182"
#23 1.137     },
#23 1.137     "test-deps/pygments/lexers/_scheme_builtins.py": {
#23 1.137       "image_files": [
#23 1.137         {
#23 1.137           "path": "/opt/c3-test-deps/pygments/lexers/_scheme_builtins.py",
#23 1.137           "sha256": "3b7051b6de6cb931126d9fdb491790e83d2bd06fd2abf8b8c0271491d52b752d"
#23 1.137         }
#23 1.137       ],
#23 1.137       "sha256": "3b7051b6de6cb931126d9fdb491790e83d2bd06fd2abf8b8c0271491d52b752d"
#23 1.137     },
#23 1.137     "test-deps/pygments/lexers/_scilab_builtins.py": {
#23 1.137       "image_files": [
#23 1.137         {
#23 1.137           "path": "/opt/c3-test-deps/pygments/lexers/_scilab_builtins.py",
#23 1.137           "sha256": "137dd1d2692735cfb9799f5482eeeeec0bffbd4c40690a0c4ed771dcc71ecb15"
#23 1.137         }
#23 1.137       ],
#23 1.137       "sha256": "137dd1d2692735cfb9799f5482eeeeec0bffbd4c40690a0c4ed771dcc71ecb15"
#23 1.137     },
#23 1.137     "test-deps/pygments/lexers/_sourcemod_builtins.py": {
#23 1.137       "image_files": [
#23 1.137         {
#23 1.137           "path": "/opt/c3-test-deps/pygments/lexers/_sourcemod_builtins.py",
#23 1.137           "sha256": "f2ab292f108bb1f37d27b37449665136cd00faa24e20644100968d31e59a3814"
#23 1.137         }
#23 1.137       ],
#23 1.137       "sha256": "f2ab292f108bb1f37d27b37449665136cd00faa24e20644100968d31e59a3814"
#23 1.137     },
#23 1.137     "test-deps/pygments/lexers/_sql_builtins.py": {
#23 1.137       "image_files": [
#23 1.137         {
#23 1.137           "path": "/opt/c3-test-deps/pygments/lexers/_sql_builtins.py",
#23 1.137           "sha256": "7cba61a2707ac2fe8e8adf336a7262131811a0bbd9a055b897d94d1fe3d362fc"
#23 1.137         }
#23 1.137       ],
#23 1.137       "sha256": "7cba61a2707ac2fe8e8adf336a7262131811a0bbd9a055b897d94d1fe3d362fc"
#23 1.137     },
#23 1.137     "test-deps/pygments/lexers/_stan_builtins.py": {
#23 1.137       "image_files": [
#23 1.137         {
#23 1.137           "path": "/opt/c3-test-deps/pygments/lexers/_stan_builtins.py",
#23 1.137           "sha256": "b08a0e360e138cb90637b01bd2d641d4733bb50d3bd7f676738d67f655d9974e"
#23 1.137         }
#23 1.137       ],
#23 1.137       "sha256": "b08a0e360e138cb90637b01bd2d641d4733bb50d3bd7f676738d67f655d9974e"
#23 1.137     },
#23 1.137     "test-deps/pygments/lexers/_stata_builtins.py": {
#23 1.137       "image_files": [
#23 1.137         {
#23 1.137           "path": "/opt/c3-test-deps/pygments/lexers/_stata_builtins.py",
#23 1.137           "sha256": "ca687c1b111c6ba7920a01e7aac2eab22f4eadf46a627b793bcc817a29c9ec31"
#23 1.137         }
#23 1.137       ],
#23 1.137       "sha256": "ca687c1b111c6ba7920a01e7aac2eab22f4eadf46a627b793bcc817a29c9ec31"
#23 1.137     },
#23 1.137     "test-deps/pygments/lexers/_tsql_builtins.py": {
#23 1.137       "image_files": [
#23 1.137         {
#23 1.137           "path": "/opt/c3-test-deps/pygments/lexers/_tsql_builtins.py",
#23 1.137           "sha256": "330e949cc0728eed14f8e0604fc69fdc0e2eb5fad2d344e7e650e76b106d8fd7"
#23 1.137         }
#23 1.137       ],
#23 1.137       "sha256": "330e949cc0728eed14f8e0604fc69fdc0e2eb5fad2d344e7e650e76b106d8fd7"
#23 1.137     },
#23 1.137     "test-deps/pygments/lexers/_usd_builtins.py": {
#23 1.137       "image_files": [
#23 1.137         {
#23 1.137           "path": "/opt/c3-test-deps/pygments/lexers/_usd_builtins.py",
#23 1.137           "sha256": "486a7f78f7f656e92dac5579f6ae9d7f8993cb1655ec0658b344c91525a80402"
#23 1.137         }
#23 1.137       ],
#23 1.137       "sha256": "486a7f78f7f656e92dac5579f6ae9d7f8993cb1655ec0658b344c91525a80402"
#23 1.137     },
#23 1.137     "test-deps/pygments/lexers/_vbscript_builtins.py": {
#23 1.137       "image_files": [
#23 1.137         {
#23 1.137           "path": "/opt/c3-test-deps/pygments/lexers/_vbscript_builtins.py",
#23 1.137           "sha256": "4c5b72735d72be90ff3a536bac56dc08e26851891632adc47871c2a70ff324d7"
#23 1.137         }
#23 1.137       ],
#23 1.137       "sha256": "4c5b72735d72be90ff3a536bac56dc08e26851891632adc47871c2a70ff324d7"
#23 1.137     },
#23 1.137     "test-deps/pygments/lexers/_vim_builtins.py": {
#23 1.137       "image_files": [
#23 1.137         {
#23 1.137           "path": "/opt/c3-test-deps/pygments/lexers/_vim_builtins.py",
#23 1.137           "sha256": "fbfc065a71f61eee0d36d19ab32cdbc55e9c1b8fcb3b7fb2d0bae7eec7a20bb1"
#23 1.137         }
#23 1.137       ],
#23 1.137       "sha256": "fbfc065a71f61eee0d36d19ab32cdbc55e9c1b8fcb3b7fb2d0bae7eec7a20bb1"
#23 1.137     },
#23 1.137     "test-deps/pygments/lexers/actionscript.py": {
#23 1.137       "image_files": [
#23 1.137         {
#23 1.137           "path": "/opt/c3-test-deps/pygments/lexers/actionscript.py",
#23 1.137           "sha256": "2eb320bbbe7dec1e7e0b4832d169552e41e7db6b1105b93afe05170e120dc1c0"
#23 1.137         }
#23 1.137       ],
#23 1.137       "sha256": "2eb320bbbe7dec1e7e0b4832d169552e41e7db6b1105b93afe05170e120dc1c0"
#23 1.137     },
#23 1.137     "test-deps/pygments/lexers/ada.py": {
#23 1.137       "image_files": [
#23 1.137         {
#23 1.137           "path": "/opt/c3-test-deps/pygments/lexers/ada.py",
#23 1.137           "sha256": "056a10d82a56048e536f037e54609dd253ec2ee226617295b42535b4366b0336"
#23 1.137         }
#23 1.137       ],
#23 1.137       "sha256": "056a10d82a56048e536f037e54609dd253ec2ee226617295b42535b4366b0336"
#23 1.137     },
#23 1.137     "test-deps/pygments/lexers/agile.py": {
#23 1.137       "image_files": [
#23 1.137         {
#23 1.137           "path": "/opt/c3-test-deps/pygments/lexers/agile.py",
#23 1.137           "sha256": "0eefaf8e719910f1ee138d17c5330ef972ede7aa5870868a200c48c1c607147d"
#23 1.137         }
#23 1.137       ],
#23 1.137       "sha256": "0eefaf8e719910f1ee138d17c5330ef972ede7aa5870868a200c48c1c607147d"
#23 1.137     },
#23 1.137     "test-deps/pygments/lexers/algebra.py": {
#23 1.137       "image_files": [
#23 1.137         {
#23 1.137           "path": "/opt/c3-test-deps/pygments/lexers/algebra.py",
#23 1.137           "sha256": "0e95500a7ba271e4c6c9f5d136f59d97ee2ceb89fad12dbcfaaa3e7c8328a63b"
#23 1.137         }
#23 1.137       ],
#23 1.137       "sha256": "0e95500a7ba271e4c6c9f5d136f59d97ee2ceb89fad12dbcfaaa3e7c8328a63b"
#23 1.137     },
#23 1.137     "test-deps/pygments/lexers/ambient.py": {
#23 1.137       "image_files": [
#23 1.137         {
#23 1.137           "path": "/opt/c3-test-deps/pygments/lexers/ambient.py",
#23 1.137           "sha256": "f0d93c597e2aac877dce3ff3823241b854f8d324171b6397c45861177474d20f"
#23 1.137         }
#23 1.137       ],
#23 1.137       "sha256": "f0d93c597e2aac877dce3ff3823241b854f8d324171b6397c45861177474d20f"
#23 1.137     },
#23 1.137     "test-deps/pygments/lexers/amdgpu.py": {
#23 1.137       "image_files": [
#23 1.137         {
#23 1.137           "path": "/opt/c3-test-deps/pygments/lexers/amdgpu.py",
#23 1.137           "sha256": "1a4563c28e78003b60a7258ef442e7c38600a14ed467db2c47751c86743d82a5"
#23 1.137         }
#23 1.137       ],
#23 1.137       "sha256": "1a4563c28e78003b60a7258ef442e7c38600a14ed467db2c47751c86743d82a5"
#23 1.137     },
#23 1.137     "test-deps/pygments/lexers/ampl.py": {
#23 1.137       "image_files": [
#23 1.137         {
#23 1.137           "path": "/opt/c3-test-deps/pygments/lexers/ampl.py",
#23 1.137           "sha256": "4e4aa4695c887db350a50043cdd4dbab480e6efd201896191eee4852fc42e1e5"
#23 1.137         }
#23 1.137       ],
#23 1.137       "sha256": "4e4aa4695c887db350a50043cdd4dbab480e6efd201896191eee4852fc42e1e5"
#23 1.137     },
#23 1.137     "test-deps/pygments/lexers/apdlexer.py": {
#23 1.137       "image_files": [
#23 1.137         {
#23 1.137           "path": "/opt/c3-test-deps/pygments/lexers/apdlexer.py",
#23 1.137           "sha256": "a6e4a92c159ebdc89273c1b4c20d98ff2408a0682a3deb345019291489aabcee"
#23 1.137         }
#23 1.137       ],
#23 1.137       "sha256": "a6e4a92c159ebdc89273c1b4c20d98ff2408a0682a3deb345019291489aabcee"
#23 1.137     },
#23 1.137     "test-deps/pygments/lexers/apl.py": {
#23 1.137       "image_files": [
#23 1.137         {
#23 1.137           "path": "/opt/c3-test-deps/pygments/lexers/apl.py",
#23 1.137           "sha256": "fa384f62c0554f87242fb0999ae90864d8bab5f68925b064dafbad95ddfbdabb"
#23 1.137         }
#23 1.137       ],
#23 1.137       "sha256": "fa384f62c0554f87242fb0999ae90864d8bab5f68925b064dafbad95ddfbdabb"
#23 1.137     },
#23 1.137     "test-deps/pygments/lexers/archetype.py": {
#23 1.137       "image_files": [
#23 1.137         {
#23 1.137           "path": "/opt/c3-test-deps/pygments/lexers/archetype.py",
#23 1.137           "sha256": "6ee847d961edc41a30cbf283e523e6e6f807a662e828c755f6d80cb3f6c4e315"
#23 1.137         }
#23 1.137       ],
#23 1.137       "sha256": "6ee847d961edc41a30cbf283e523e6e6f807a662e828c755f6d80cb3f6c4e315"
#23 1.137     },
#23 1.137     "test-deps/pygments/lexers/arrow.py": {
#23 1.137       "image_files": [
#23 1.137         {
#23 1.137           "path": "/opt/c3-test-deps/pygments/lexers/arrow.py",
#23 1.137           "sha256": "7ba99bdc8c788cbed3306354a64f2245b272fd517b558d89d155249e5a3512f0"
#23 1.137         }
#23 1.137       ],
#23 1.137       "sha256": "7ba99bdc8c788cbed3306354a64f2245b272fd517b558d89d155249e5a3512f0"
#23 1.137     },
#23 1.137     "test-deps/pygments/lexers/arturo.py": {
#23 1.137       "image_files": [
#23 1.137         {
#23 1.137           "path": "/opt/c3-test-deps/pygments/lexers/arturo.py",
#23 1.137           "sha256": "1a492539a8842533b3f04d3377177f85dd735f0bfb958829f08265eee875de18"
#23 1.137         }
#23 1.137       ],
#23 1.137       "sha256": "1a492539a8842533b3f04d3377177f85dd735f0bfb958829f08265eee875de18"
#23 1.137     },
#23 1.137     "test-deps/pygments/lexers/asc.py": {
#23 1.137       "image_files": [
#23 1.137         {
#23 1.137           "path": "/opt/c3-test-deps/pygments/lexers/asc.py",
#23 1.137           "sha256": "0af1528bb1580d6e9ebbee6888a19cd0c377685d575590e8148e7ede61e90439"
#23 1.137         }
#23 1.137       ],
#23 1.137       "sha256": "0af1528bb1580d6e9ebbee6888a19cd0c377685d575590e8148e7ede61e90439"
#23 1.137     },
#23 1.137     "test-deps/pygments/lexers/asm.py": {
#23 1.137       "image_files": [
#23 1.137         {
#23 1.137           "path": "/opt/c3-test-deps/pygments/lexers/asm.py",
#23 1.137           "sha256": "712dde10cc8fe9a7df189feee9391b74530893ca9b547c088f402420dce2405f"
#23 1.137         }
#23 1.137       ],
#23 1.137       "sha256": "712dde10cc8fe9a7df189feee9391b74530893ca9b547c088f402420dce2405f"
#23 1.137     },
#23 1.137     "test-deps/pygments/lexers/asn1.py": {
#23 1.137       "image_files": [
#23 1.137         {
#23 1.137           "path": "/opt/c3-test-deps/pygments/lexers/asn1.py",
#23 1.137           "sha256": "30b6a439e04591d84a2abe36787173a27a46213109c51fc6a1df2faa358fbdae"
#23 1.137         }
#23 1.137       ],
#23 1.137       "sha256": "30b6a439e04591d84a2abe36787173a27a46213109c51fc6a1df2faa358fbdae"
#23 1.137     },
#23 1.137     "test-deps/pygments/lexers/automation.py": {
#23 1.137       "image_files": [
#23 1.137         {
#23 1.137           "path": "/opt/c3-test-deps/pygments/lexers/automation.py",
#23 1.137           "sha256": "a479d5df2510856d04fa271b7b13320d4288f2f68af32ed11c45b5821214d43c"
#23 1.137         }
#23 1.137       ],
#23 1.137       "sha256": "a479d5df2510856d04fa271b7b13320d4288f2f68af32ed11c45b5821214d43c"
#23 1.137     },
#23 1.137     "test-deps/pygments/lexers/bare.py": {
#23 1.137       "image_files": [
#23 1.137         {
#23 1.137           "path": "/opt/c3-test-deps/pygments/lexers/bare.py",
#23 1.137           "sha256": "01da8bf59db49ddd1b84d19689e94b8401de8fa57cffc9b539652408ead2071f"
#23 1.137         }
#23 1.137       ],
#23 1.137       "sha256": "01da8bf59db49ddd1b84d19689e94b8401de8fa57cffc9b539652408ead2071f"
#23 1.137     },
#23 1.137     "test-deps/pygments/lexers/basic.py": {
#23 1.137       "image_files": [
#23 1.137         {
#23 1.137           "path": "/opt/c3-test-deps/pygments/lexers/basic.py",
#23 1.137           "sha256": "528343c4815600eb4751bfdbf9b73c7ca457cbefbddf99af3b79e46e40ab600e"
#23 1.137         }
#23 1.137       ],
#23 1.137       "sha256": "528343c4815600eb4751bfdbf9b73c7ca457cbefbddf99af3b79e46e40ab600e"
#23 1.137     },
#23 1.137     "test-deps/pygments/lexers/bdd.py": {
#23 1.137       "image_files": [
#23 1.137         {
#23 1.137           "path": "/opt/c3-test-deps/pygments/lexers/bdd.py",
#23 1.137           "sha256": "29eb8ecd704b251c71336815eda32e62c755fda2451f206e17ca6d0695b10f93"
#23 1.137         }
#23 1.137       ],
#23 1.137       "sha256": "29eb8ecd704b251c71336815eda32e62c755fda2451f206e17ca6d0695b10f93"
#23 1.137     },
#23 1.137     "test-deps/pygments/lexers/berry.py": {
#23 1.137       "image_files": [
#23 1.137         {
#23 1.137           "path": "/opt/c3-test-deps/pygments/lexers/berry.py",
#23 1.137           "sha256": "4c70735b6d7a5b1c59fffe6bedadfa2efed4b8621e76534686c37da19ef46545"
#23 1.137         }
#23 1.137       ],
#23 1.137       "sha256": "4c70735b6d7a5b1c59fffe6bedadfa2efed4b8621e76534686c37da19ef46545"
#23 1.137     },
#23 1.137     "test-deps/pygments/lexers/bibtex.py": {
#23 1.137       "image_files": [
#23 1.137         {
#23 1.137           "path": "/opt/c3-test-deps/pygments/lexers/bibtex.py",
#23 1.137           "sha256": "b207c5a97c8dc82c5138721ef02d20adeebdaf36c00c02e7a43b536aa1df49ab"
#23 1.137         }
#23 1.137       ],
#23 1.137       "sha256": "b207c5a97c8dc82c5138721ef02d20adeebdaf36c00c02e7a43b536aa1df49ab"
#23 1.137     },
#23 1.137     "test-deps/pygments/lexers/bitbake.py": {
#23 1.137       "image_files": [
#23 1.137         {
#23 1.137           "path": "/opt/c3-test-deps/pygments/lexers/bitbake.py",
#23 1.137           "sha256": "cf0a8af5cb612678a8f23c6a9542543ede4ee5dfc8e01c9df5dc24f79d257dd7"
#23 1.137         }
#23 1.137       ],
#23 1.137       "sha256": "cf0a8af5cb612678a8f23c6a9542543ede4ee5dfc8e01c9df5dc24f79d257dd7"
#23 1.137     },
#23 1.137     "test-deps/pygments/lexers/blueprint.py": {
#23 1.137       "image_files": [
#23 1.137         {
#23 1.137           "path": "/opt/c3-test-deps/pygments/lexers/blueprint.py",
#23 1.137           "sha256": "756f8be5b148896c513c36ac85e7b610e6265c8447770b82675cb788df9aebfd"
#23 1.137         }
#23 1.137       ],
#23 1.137       "sha256": "756f8be5b148896c513c36ac85e7b610e6265c8447770b82675cb788df9aebfd"
#23 1.137     },
#23 1.137     "test-deps/pygments/lexers/boa.py": {
#23 1.137       "image_files": [
#23 1.137         {
#23 1.137           "path": "/opt/c3-test-deps/pygments/lexers/boa.py",
#23 1.137           "sha256": "56a605d5883f5dd0c0e6d2bf122ba8d6bafb79d881b0a513a41eb1cdafc1e5de"
#23 1.137         }
#23 1.137       ],
#23 1.137       "sha256": "56a605d5883f5dd0c0e6d2bf122ba8d6bafb79d881b0a513a41eb1cdafc1e5de"
#23 1.137     },
#23 1.137     "test-deps/pygments/lexers/bqn.py": {
#23 1.137       "image_files": [
#23 1.137         {
#23 1.137           "path": "/opt/c3-test-deps/pygments/lexers/bqn.py",
#23 1.137           "sha256": "b1ee16d973ec3624f7eb3d009bd5f9178c8d2eb42f308e57f26898e91f5210cf"
#23 1.137         }
#23 1.137       ],
#23 1.137       "sha256": "b1ee16d973ec3624f7eb3d009bd5f9178c8d2eb42f308e57f26898e91f5210cf"
#23 1.137     },
#23 1.137     "test-deps/pygments/lexers/business.py": {
#23 1.137       "image_files": [
#23 1.137         {
#23 1.137           "path": "/opt/c3-test-deps/pygments/lexers/business.py",
#23 1.137           "sha256": "62a3300d5ed2c05eba5bbba0d0eeac8dab5f524ec606344b17d996300ae8cc3f"
#23 1.137         }
#23 1.137       ],
#23 1.137       "sha256": "62a3300d5ed2c05eba5bbba0d0eeac8dab5f524ec606344b17d996300ae8cc3f"
#23 1.137     },
#23 1.137     "test-deps/pygments/lexers/c_cpp.py": {
#23 1.137       "image_files": [
#23 1.137         {
#23 1.137           "path": "/opt/c3-test-deps/pygments/lexers/c_cpp.py",
#23 1.137           "sha256": "1f0609a8b90202179dc8c2a7accf3134455961335aef207e9778dbb7daa9050d"
#23 1.137         }
#23 1.137       ],
#23 1.137       "sha256": "1f0609a8b90202179dc8c2a7accf3134455961335aef207e9778dbb7daa9050d"
#23 1.137     },
#23 1.137     "test-deps/pygments/lexers/c_like.py": {
#23 1.137       "image_files": [
#23 1.137         {
#23 1.137           "path": "/opt/c3-test-deps/pygments/lexers/c_like.py",
#23 1.137           "sha256": "b88d49ff14bbb32edb8c6a7f47957b6602c92255bb366f33489e06a5884d864b"
#23 1.137         }
#23 1.137       ],
#23 1.137       "sha256": "b88d49ff14bbb32edb8c6a7f47957b6602c92255bb366f33489e06a5884d864b"
#23 1.137     },
#23 1.137     "test-deps/pygments/lexers/capnproto.py": {
#23 1.137       "image_files": [
#23 1.137         {
#23 1.137           "path": "/opt/c3-test-deps/pygments/lexers/capnproto.py",
#23 1.137           "sha256": "91cdeb4fde4691e426ad6d4b78fe473156fb364f2ca97916e8e26491620761b0"
#23 1.137         }
#23 1.137       ],
#23 1.137       "sha256": "91cdeb4fde4691e426ad6d4b78fe473156fb364f2ca97916e8e26491620761b0"
#23 1.137     },
#23 1.137     "test-deps/pygments/lexers/carbon.py": {
#23 1.137       "image_files": [
#23 1.137         {
#23 1.137           "path": "/opt/c3-test-deps/pygments/lexers/carbon.py",
#23 1.137           "sha256": "fccfb461ba1f8d932b2486a25caa13eb0a64777ffa7c5abe39d499ed5f7ad48e"
#23 1.137         }
#23 1.137       ],
#23 1.137       "sha256": "fccfb461ba1f8d932b2486a25caa13eb0a64777ffa7c5abe39d499ed5f7ad48e"
#23 1.137     },
#23 1.137     "test-deps/pygments/lexers/cddl.py": {
#23 1.137       "image_files": [
#23 1.137         {
#23 1.137           "path": "/opt/c3-test-deps/pygments/lexers/cddl.py",
#23 1.137           "sha256": "ed6ae2daadb229ec56a34083eecd9cec0a0200c6ebc32104e9ffe0cf907ac756"
#23 1.137         }
#23 1.137       ],
#23 1.137       "sha256": "ed6ae2daadb229ec56a34083eecd9cec0a0200c6ebc32104e9ffe0cf907ac756"
#23 1.137     },
#23 1.137     "test-deps/pygments/lexers/cel.py": {
#23 1.137       "image_files": [
#23 1.137         {
#23 1.137           "path": "/opt/c3-test-deps/pygments/lexers/cel.py",
#23 1.137           "sha256": "89bb07acc93b69bba2e16a4c1086f6029c254ae81f8f401c35ca1435fadae253"
#23 1.137         }
#23 1.137       ],
#23 1.137       "sha256": "89bb07acc93b69bba2e16a4c1086f6029c254ae81f8f401c35ca1435fadae253"
#23 1.137     },
#23 1.137     "test-deps/pygments/lexers/chapel.py": {
#23 1.137       "image_files": [
#23 1.137         {
#23 1.137           "path": "/opt/c3-test-deps/pygments/lexers/chapel.py",
#23 1.137           "sha256": "857eb63bdd4f7177ba6fd7773a2ee55166029a224d774060428402da98af7c80"
#23 1.137         }
#23 1.137       ],
#23 1.137       "sha256": "857eb63bdd4f7177ba6fd7773a2ee55166029a224d774060428402da98af7c80"
#23 1.137     },
#23 1.137     "test-deps/pygments/lexers/clean.py": {
#23 1.137       "image_files": [
#23 1.137         {
#23 1.137           "path": "/opt/c3-test-deps/pygments/lexers/clean.py",
#23 1.137           "sha256": "fe85774db9aba65dd2d6984f312ea0c8c5b21991a3e96cb4abc69da5fe6fba76"
#23 1.137         }
#23 1.137       ],
#23 1.137       "sha256": "fe85774db9aba65dd2d6984f312ea0c8c5b21991a3e96cb4abc69da5fe6fba76"
#23 1.137     },
#23 1.137     "test-deps/pygments/lexers/codeql.py": {
#23 1.137       "image_files": [
#23 1.137         {
#23 1.137           "path": "/opt/c3-test-deps/pygments/lexers/codeql.py",
#23 1.137           "sha256": "8405f9d6e59e1b9664f498574a73b13cc6b39c53a9697e199d91d9da4aeb3c69"
#23 1.137         }
#23 1.137       ],
#23 1.137       "sha256": "8405f9d6e59e1b9664f498574a73b13cc6b39c53a9697e199d91d9da4aeb3c69"
#23 1.137     },
#23 1.137     "test-deps/pygments/lexers/comal.py": {
#23 1.137       "image_files": [
#23 1.137         {
#23 1.137           "path": "/opt/c3-test-deps/pygments/lexers/comal.py",
#23 1.137           "sha256": "d1f713c95e61dfaccf971a103d65867addb26988b91125e2169c7a11bb2a3f4d"
#23 1.137         }
#23 1.137       ],
#23 1.137       "sha256": "d1f713c95e61dfaccf971a103d65867addb26988b91125e2169c7a11bb2a3f4d"
#23 1.137     },
#23 1.137     "test-deps/pygments/lexers/compiled.py": {
#23 1.137       "image_files": [
#23 1.137         {
#23 1.137           "path": "/opt/c3-test-deps/pygments/lexers/compiled.py",
#23 1.137           "sha256": "3d18a6cbb79bdb078fed7e9b12e933d496922ee4001133b7e0aee66872c66f10"
#23 1.137         }
#23 1.137       ],
#23 1.137       "sha256": "3d18a6cbb79bdb078fed7e9b12e933d496922ee4001133b7e0aee66872c66f10"
#23 1.137     },
#23 1.137     "test-deps/pygments/lexers/configs.py": {
#23 1.137       "image_files": [
#23 1.137         {
#23 1.137           "path": "/opt/c3-test-deps/pygments/lexers/configs.py",
#23 1.137           "sha256": "f5ebf4c88cc7c0cf6b566c873dca88e5a022e4492594ffbcd2f4813904f7af64"
#23 1.137         }
#23 1.137       ],
#23 1.137       "sha256": "f5ebf4c88cc7c0cf6b566c873dca88e5a022e4492594ffbcd2f4813904f7af64"
#23 1.137     },
#23 1.137     "test-deps/pygments/lexers/console.py": {
#23 1.137       "image_files": [
#23 1.137         {
#23 1.137           "path": "/opt/c3-test-deps/pygments/lexers/console.py",
#23 1.137           "sha256": "516849db50690d68f7f75de5d8d7b9362eccfcdc1e52b2d34bc83207d68e9dbb"
#23 1.137         }
#23 1.137       ],
#23 1.137       "sha256": "516849db50690d68f7f75de5d8d7b9362eccfcdc1e52b2d34bc83207d68e9dbb"
#23 1.137     },
#23 1.137     "test-deps/pygments/lexers/cplint.py": {
#23 1.137       "image_files": [
#23 1.137         {
#23 1.137           "path": "/opt/c3-test-deps/pygments/lexers/cplint.py",
#23 1.137           "sha256": "98923fa1fec008f8bfb00d0ad431b3b001f6379e0c5bd845ade8023fdaeedbb3"
#23 1.137         }
#23 1.137       ],
#23 1.137       "sha256": "98923fa1fec008f8bfb00d0ad431b3b001f6379e0c5bd845ade8023fdaeedbb3"
#23 1.137     },
#23 1.137     "test-deps/pygments/lexers/crystal.py": {
#23 1.137       "image_files": [
#23 1.137         {
#23 1.137           "path": "/opt/c3-test-deps/pygments/lexers/crystal.py",
#23 1.137           "sha256": "93c5f2f13a5f18a4cfbec3f55a293120b49c20b0fc897679a9c78b668a6c2d81"
#23 1.137         }
#23 1.137       ],
#23 1.137       "sha256": "93c5f2f13a5f18a4cfbec3f55a293120b49c20b0fc897679a9c78b668a6c2d81"
#23 1.137     },
#23 1.137     "test-deps/pygments/lexers/csound.py": {
#23 1.137       "image_files": [
#23 1.137         {
#23 1.137           "path": "/opt/c3-test-deps/pygments/lexers/csound.py",
#23 1.137           "sha256": "ec5542c6d7065c7f27408a08ec4e6c91c4e8f61a848172de4849cbe6c419ff94"
#23 1.137         }
#23 1.137       ],
#23 1.137       "sha256": "ec5542c6d7065c7f27408a08ec4e6c91c4e8f61a848172de4849cbe6c419ff94"
#23 1.137     },
#23 1.137     "test-deps/pygments/lexers/css.py": {
#23 1.137       "image_files": [
#23 1.137         {
#23 1.137           "path": "/opt/c3-test-deps/pygments/lexers/css.py",
#23 1.137           "sha256": "e808d7f72600c7d919fc12baa8be28c7b6ea82aaa21e9d600b7e3347b874783e"
#23 1.137         }
#23 1.137       ],
#23 1.137       "sha256": "e808d7f72600c7d919fc12baa8be28c7b6ea82aaa21e9d600b7e3347b874783e"
#23 1.137     },
#23 1.137     "test-deps/pygments/lexers/d.py": {
#23 1.137       "image_files": [
#23 1.137         {
#23 1.137           "path": "/opt/c3-test-deps/pygments/lexers/d.py",
#23 1.137           "sha256": "621f3f74f4a527015fd5e15bf36cbe9243f52f3a984a86bc5f6005ce59f4c7ad"
#23 1.137         }
#23 1.137       ],
#23 1.137       "sha256": "621f3f74f4a527015fd5e15bf36cbe9243f52f3a984a86bc5f6005ce59f4c7ad"
#23 1.137     },
#23 1.137     "test-deps/pygments/lexers/dalvik.py": {
#23 1.137       "image_files": [
#23 1.137         {
#23 1.137           "path": "/opt/c3-test-deps/pygments/lexers/dalvik.py",
#23 1.137           "sha256": "d1fe66079cbc834975203da5889ff9a8cd8d8f247f481b3b724b880de35b6e3f"
#23 1.137         }
#23 1.137       ],
#23 1.137       "sha256": "d1fe66079cbc834975203da5889ff9a8cd8d8f247f481b3b724b880de35b6e3f"
#23 1.137     },
#23 1.137     "test-deps/pygments/lexers/data.py": {
#23 1.137       "image_files": [
#23 1.137         {
#23 1.137           "path": "/opt/c3-test-deps/pygments/lexers/data.py",
#23 1.137           "sha256": "70a3b62f0a8e789c630f7fc568c7748f1cb38f37ffb44f4828302511d51a9f72"
#23 1.137         }
#23 1.137       ],
#23 1.137       "sha256": "70a3b62f0a8e789c630f7fc568c7748f1cb38f37ffb44f4828302511d51a9f72"
#23 1.137     },
#23 1.137     "test-deps/pygments/lexers/dax.py": {
#23 1.137       "image_files": [
#23 1.137         {
#23 1.137           "path": "/opt/c3-test-deps/pygments/lexers/dax.py",
#23 1.137           "sha256": "37ee5fc6e9017c5b45093d8b268ca0d5526c7e57561f15ca2d8dd93cb9cfae28"
#23 1.137         }
#23 1.137       ],
#23 1.137       "sha256": "37ee5fc6e9017c5b45093d8b268ca0d5526c7e57561f15ca2d8dd93cb9cfae28"
#23 1.137     },
#23 1.137     "test-deps/pygments/lexers/devicetree.py": {
#23 1.137       "image_files": [
#23 1.137         {
#23 1.137           "path": "/opt/c3-test-deps/pygments/lexers/devicetree.py",
#23 1.137           "sha256": "4e283eb534aba661b36c6c4dda46b830c4e20b7e38ae86aff40e21a1cf68fe4c"
#23 1.137         }
#23 1.137       ],
#23 1.137       "sha256": "4e283eb534aba661b36c6c4dda46b830c4e20b7e38ae86aff40e21a1cf68fe4c"
#23 1.137     },
#23 1.137     "test-deps/pygments/lexers/diff.py": {
#23 1.137       "image_files": [
#23 1.137         {
#23 1.137           "path": "/opt/c3-test-deps/pygments/lexers/diff.py",
#23 1.137           "sha256": "fbadbb966b98a49dae51550cfe8ad51a05c91972011925476e696a7e508479a3"
#23 1.137         }
#23 1.137       ],
#23 1.137       "sha256": "fbadbb966b98a49dae51550cfe8ad51a05c91972011925476e696a7e508479a3"
#23 1.137     },
#23 1.137     "test-deps/pygments/lexers/dns.py": {
#23 1.137       "image_files": [
#23 1.137         {
#23 1.137           "path": "/opt/c3-test-deps/pygments/lexers/dns.py",
#23 1.137           "sha256": "125cd2377204a11b3583a896327cd5215f07d31f56484175c018e6d9ad01cb11"
#23 1.137         }
#23 1.137       ],
#23 1.137       "sha256": "125cd2377204a11b3583a896327cd5215f07d31f56484175c018e6d9ad01cb11"
#23 1.137     },
#23 1.137     "test-deps/pygments/lexers/dotnet.py": {
#23 1.137       "image_files": [
#23 1.137         {
#23 1.137           "path": "/opt/c3-test-deps/pygments/lexers/dotnet.py",
#23 1.137           "sha256": "6f88399cc847b4e53ee627fa7fe25096db492f1dfa5d6a3ed8020dd7a738cb60"
#23 1.137         }
#23 1.137       ],
#23 1.137       "sha256": "6f88399cc847b4e53ee627fa7fe25096db492f1dfa5d6a3ed8020dd7a738cb60"
#23 1.137     },
#23 1.137     "test-deps/pygments/lexers/dsls.py": {
#23 1.137       "image_files": [
#23 1.137         {
#23 1.137           "path": "/opt/c3-test-deps/pygments/lexers/dsls.py",
#23 1.137           "sha256": "b88d5525a61ff79535b309a9c7ab1e1576ee9431ad21a6a7b49e7223cf378888"
#23 1.137         }
#23 1.137       ],
#23 1.137       "sha256": "b88d5525a61ff79535b309a9c7ab1e1576ee9431ad21a6a7b49e7223cf378888"
#23 1.137     },
#23 1.137     "test-deps/pygments/lexers/dylan.py": {
#23 1.137       "image_files": [
#23 1.137         {
#23 1.137           "path": "/opt/c3-test-deps/pygments/lexers/dylan.py",
#23 1.137           "sha256": "7e2f264b29e2e1d9c63f9c7572b13a04a36a2d626ce1d0d676692eafe4db6cd7"
#23 1.137         }
#23 1.137       ],
#23 1.137       "sha256": "7e2f264b29e2e1d9c63f9c7572b13a04a36a2d626ce1d0d676692eafe4db6cd7"
#23 1.137     },
#23 1.137     "test-deps/pygments/lexers/ecl.py": {
#23 1.137       "image_files": [
#23 1.137         {
#23 1.137           "path": "/opt/c3-test-deps/pygments/lexers/ecl.py",
#23 1.137           "sha256": "913fe4533e9199e42690c01aa9ac92e10a1aef2577fdede7cffc44a1afa250a9"
#23 1.137         }
#23 1.137       ],
#23 1.137       "sha256": "913fe4533e9199e42690c01aa9ac92e10a1aef2577fdede7cffc44a1afa250a9"
#23 1.137     },
#23 1.137     "test-deps/pygments/lexers/eiffel.py": {
#23 1.137       "image_files": [
#23 1.137         {
#23 1.137           "path": "/opt/c3-test-deps/pygments/lexers/eiffel.py",
#23 1.137           "sha256": "6d9a3d39633cac897b94987ad1b78bf51bf3ab1a3d91720a29a27c79639c6dfc"
#23 1.137         }
#23 1.137       ],
#23 1.137       "sha256": "6d9a3d39633cac897b94987ad1b78bf51bf3ab1a3d91720a29a27c79639c6dfc"
#23 1.137     },
#23 1.137     "test-deps/pygments/lexers/elm.py": {
#23 1.137       "image_files": [
#23 1.137         {
#23 1.137           "path": "/opt/c3-test-deps/pygments/lexers/elm.py",
#23 1.137           "sha256": "5e3dc795b51312411417085e9b8342ba3c79e6d4364d2eb5fca71fe8108f1c02"
#23 1.137         }
#23 1.137       ],
#23 1.137       "sha256": "5e3dc795b51312411417085e9b8342ba3c79e6d4364d2eb5fca71fe8108f1c02"
#23 1.137     },
#23 1.137     "test-deps/pygments/lexers/elpi.py": {
#23 1.137       "image_files": [
#23 1.137         {
#23 1.137           "path": "/opt/c3-test-deps/pygments/lexers/elpi.py",
#23 1.137           "sha256": "459a805737717c0fc1a819ad3078fc013c397fd7b6e1228bf9078ed7842e2a4e"
#23 1.137         }
#23 1.137       ],
#23 1.137       "sha256": "459a805737717c0fc1a819ad3078fc013c397fd7b6e1228bf9078ed7842e2a4e"
#23 1.137     },
#23 1.137     "test-deps/pygments/lexers/email.py": {
#23 1.137       "image_files": [
#23 1.137         {
#23 1.137           "path": "/opt/c3-test-deps/pygments/lexers/email.py",
#23 1.137           "sha256": "4713ecb47cbd455a42621557eed6664ccc97886e3ddd63681191cce7987eb0d2"
#23 1.137         }
#23 1.137       ],
#23 1.137       "sha256": "4713ecb47cbd455a42621557eed6664ccc97886e3ddd63681191cce7987eb0d2"
#23 1.137     },
#23 1.137     "test-deps/pygments/lexers/erlang.py": {
#23 1.137       "image_files": [
#23 1.137         {
#23 1.137           "path": "/opt/c3-test-deps/pygments/lexers/erlang.py",
#23 1.137           "sha256": "d9a525541545b50751d90212b0378a4ce3e31ab57baf5724c972f5eca268b7d7"
#23 1.137         }
#23 1.137       ],
#23 1.137       "sha256": "d9a525541545b50751d90212b0378a4ce3e31ab57baf5724c972f5eca268b7d7"
#23 1.137     },
#23 1.137     "test-deps/pygments/lexers/esoteric.py": {
#23 1.137       "image_files": [
#23 1.137         {
#23 1.137           "path": "/opt/c3-test-deps/pygments/lexers/esoteric.py",
#23 1.137           "sha256": "b93611efba41a2d6f843d7a05a4dc8390df9fa067bb3e8a82ba9d5d1fade7c91"
#23 1.137         }
#23 1.137       ],
#23 1.137       "sha256": "b93611efba41a2d6f843d7a05a4dc8390df9fa067bb3e8a82ba9d5d1fade7c91"
#23 1.137     },
#23 1.137     "test-deps/pygments/lexers/ezhil.py": {
#23 1.137       "image_files": [
#23 1.137         {
#23 1.137           "path": "/opt/c3-test-deps/pygments/lexers/ezhil.py",
#23 1.137           "sha256": "b5b198b469ea64007c7df9f23dd78c3091ed29827b38072250546b47ff10a573"
#23 1.137         }
#23 1.137       ],
#23 1.137       "sha256": "b5b198b469ea64007c7df9f23dd78c3091ed29827b38072250546b47ff10a573"
#23 1.137     },
#23 1.137     "test-deps/pygments/lexers/factor.py": {
#23 1.137       "image_files": [
#23 1.137         {
#23 1.137           "path": "/opt/c3-test-deps/pygments/lexers/factor.py",
#23 1.137           "sha256": "94ab35b90cd3b4c3c4c7ceeb314ec1c3bf5044aaf3c415a706a4e925ab1936ed"
#23 1.137         }
#23 1.137       ],
#23 1.137       "sha256": "94ab35b90cd3b4c3c4c7ceeb314ec1c3bf5044aaf3c415a706a4e925ab1936ed"
#23 1.137     },
#23 1.137     "test-deps/pygments/lexers/fantom.py": {
#23 1.137       "image_files": [
#23 1.137         {
#23 1.137           "path": "/opt/c3-test-deps/pygments/lexers/fantom.py",
#23 1.137           "sha256": "a4ffc7fdfc5fbb742c8a5f3b1cd1eda79e4d7a253a329fcde0c992572aaee141"
#23 1.137         }
#23 1.137       ],
#23 1.137       "sha256": "a4ffc7fdfc5fbb742c8a5f3b1cd1eda79e4d7a253a329fcde0c992572aaee141"
#23 1.137     },
#23 1.137     "test-deps/pygments/lexers/felix.py": {
#23 1.137       "image_files": [
#23 1.137         {
#23 1.137           "path": "/opt/c3-test-deps/pygments/lexers/felix.py",
#23 1.137           "sha256": "0ef3ceb3f126e9f16d5014026995961d6827bc015e06b0def7b0b2f57c90f29b"
#23 1.137         }
#23 1.137       ],
#23 1.137       "sha256": "0ef3ceb3f126e9f16d5014026995961d6827bc015e06b0def7b0b2f57c90f29b"
#23 1.137     },
#23 1.137     "test-deps/pygments/lexers/fift.py": {
#23 1.137       "image_files": [
#23 1.137         {
#23 1.137           "path": "/opt/c3-test-deps/pygments/lexers/fift.py",
#23 1.137           "sha256": "43d38b262be9e2782a16ca3b00f0af5fce61fa085d6e9f59aa93fc18a1f0b353"
#23 1.137         }
#23 1.137       ],
#23 1.137       "sha256": "43d38b262be9e2782a16ca3b00f0af5fce61fa085d6e9f59aa93fc18a1f0b353"
#23 1.137     },
#23 1.137     "test-deps/pygments/lexers/floscript.py": {
#23 1.137       "image_files": [
#23 1.137         {
#23 1.137           "path": "/opt/c3-test-deps/pygments/lexers/floscript.py",
#23 1.137           "sha256": "68e04a028eb8fb7727be833a4385ef2e78368aecf8eb4f5f21179a6f8b4c132e"
#23 1.137         }
#23 1.137       ],
#23 1.137       "sha256": "68e04a028eb8fb7727be833a4385ef2e78368aecf8eb4f5f21179a6f8b4c132e"
#23 1.137     },
#23 1.137     "test-deps/pygments/lexers/forth.py": {
#23 1.137       "image_files": [
#23 1.137         {
#23 1.137           "path": "/opt/c3-test-deps/pygments/lexers/forth.py",
#23 1.137           "sha256": "e1ed0e09f24670496442b1c89e640cb9cbec23d7658ee3f1e05620dfc7728e7a"
#23 1.137         }
#23 1.137       ],
#23 1.137       "sha256": "e1ed0e09f24670496442b1c89e640cb9cbec23d7658ee3f1e05620dfc7728e7a"
#23 1.137     },
#23 1.137     "test-deps/pygments/lexers/fortran.py": {
#23 1.137       "image_files": [
#23 1.137         {
#23 1.137           "path": "/opt/c3-test-deps/pygments/lexers/fortran.py",
#23 1.137           "sha256": "a2ebce1dd31b8f9ea3e3436b8f6d560917f8acd2a9bb0a61c66b65515b27ce17"
#23 1.137         }
#23 1.137       ],
#23 1.137       "sha256": "a2ebce1dd31b8f9ea3e3436b8f6d560917f8acd2a9bb0a61c66b65515b27ce17"
#23 1.137     },
#23 1.137     "test-deps/pygments/lexers/foxpro.py": {
#23 1.137       "image_files": [
#23 1.137         {
#23 1.137           "path": "/opt/c3-test-deps/pygments/lexers/foxpro.py",
#23 1.137           "sha256": "9d5f32c844b7f50a0599336533cc65dccb5e3acbe6b7ac95d65eb1eb19d7a885"
#23 1.137         }
#23 1.137       ],
#23 1.137       "sha256": "9d5f32c844b7f50a0599336533cc65dccb5e3acbe6b7ac95d65eb1eb19d7a885"
#23 1.137     },
#23 1.137     "test-deps/pygments/lexers/freefem.py": {
#23 1.137       "image_files": [
#23 1.137         {
#23 1.137           "path": "/opt/c3-test-deps/pygments/lexers/freefem.py",
#23 1.137           "sha256": "66664b2182d7b422b6916a86cc19ab929ef27213b2eef81f6a8ada7d49149752"
#23 1.137         }
#23 1.137       ],
#23 1.137       "sha256": "66664b2182d7b422b6916a86cc19ab929ef27213b2eef81f6a8ada7d49149752"
#23 1.137     },
#23 1.137     "test-deps/pygments/lexers/func.py": {
#23 1.137       "image_files": [
#23 1.137         {
#23 1.137           "path": "/opt/c3-test-deps/pygments/lexers/func.py",
#23 1.137           "sha256": "66339eae3de78c971a1a71d673f9e95a3c5be03e4efae7710512bb44b1c489b5"
#23 1.137         }
#23 1.137       ],
#23 1.137       "sha256": "66339eae3de78c971a1a71d673f9e95a3c5be03e4efae7710512bb44b1c489b5"
#23 1.137     },
#23 1.137     "test-deps/pygments/lexers/functional.py": {
#23 1.137       "image_files": [
#23 1.137         {
#23 1.137           "path": "/opt/c3-test-deps/pygments/lexers/functional.py",
#23 1.137           "sha256": "e26f499409dfa57c52910408acd3a86f6553c229fa84f2c0a96ba1bfd6959008"
#23 1.137         }
#23 1.137       ],
#23 1.137       "sha256": "e26f499409dfa57c52910408acd3a86f6553c229fa84f2c0a96ba1bfd6959008"
#23 1.137     },
#23 1.137     "test-deps/pygments/lexers/futhark.py": {
#23 1.137       "image_files": [
#23 1.137         {
#23 1.137           "path": "/opt/c3-test-deps/pygments/lexers/futhark.py",
#23 1.137           "sha256": "fcc033f0f21d8652b4a4149a4f7f4ea8b86c39f837e844f46e8a00762ef49496"
#23 1.137         }
#23 1.137       ],
#23 1.137       "sha256": "fcc033f0f21d8652b4a4149a4f7f4ea8b86c39f837e844f46e8a00762ef49496"
#23 1.137     },
#23 1.137     "test-deps/pygments/lexers/gcodelexer.py": {
#23 1.137       "image_files": [
#23 1.137         {
#23 1.137           "path": "/opt/c3-test-deps/pygments/lexers/gcodelexer.py",
#23 1.137           "sha256": "b7c24c59a6838d66707468911b0ae9b18b5f8ca4e689bc2547238b0a2259f2ac"
#23 1.137         }
#23 1.137       ],
#23 1.137       "sha256": "b7c24c59a6838d66707468911b0ae9b18b5f8ca4e689bc2547238b0a2259f2ac"
#23 1.137     },
#23 1.137     "test-deps/pygments/lexers/gdscript.py": {
#23 1.137       "image_files": [
#23 1.137         {
#23 1.137           "path": "/opt/c3-test-deps/pygments/lexers/gdscript.py",
#23 1.137           "sha256": "d5a21ecddc6a802eb35a1abaa00f06d5bc67b6b3f8625c13ed8ff9945416ab03"
#23 1.137         }
#23 1.137       ],
#23 1.137       "sha256": "d5a21ecddc6a802eb35a1abaa00f06d5bc67b6b3f8625c13ed8ff9945416ab03"
#23 1.137     },
#23 1.137     "test-deps/pygments/lexers/gleam.py": {
#23 1.137       "image_files": [
#23 1.137         {
#23 1.137           "path": "/opt/c3-test-deps/pygments/lexers/gleam.py",
#23 1.137           "sha256": "271e8b9d4a5657da668dd4982d432dd7a73751a999fafe57e8272e1215b17fef"
#23 1.137         }
#23 1.137       ],
#23 1.137       "sha256": "271e8b9d4a5657da668dd4982d432dd7a73751a999fafe57e8272e1215b17fef"
#23 1.137     },
#23 1.137     "test-deps/pygments/lexers/go.py": {
#23 1.137       "image_files": [
#23 1.137         {
#23 1.137           "path": "/opt/c3-test-deps/pygments/lexers/go.py",
#23 1.137           "sha256": "467edf5298fa14b8d49056235baa8080315242193566b2aa00011daeb913dc09"
#23 1.137         }
#23 1.137       ],
#23 1.137       "sha256": "467edf5298fa14b8d49056235baa8080315242193566b2aa00011daeb913dc09"
#23 1.137     },
#23 1.137     "test-deps/pygments/lexers/grammar_notation.py": {
#23 1.137       "image_files": [
#23 1.137         {
#23 1.137           "path": "/opt/c3-test-deps/pygments/lexers/grammar_notation.py",
#23 1.137           "sha256": "64661cc214af3a8970d49edc03d3dcee1569708b1e95a0a0c70b2f01fe724607"
#23 1.137         }
#23 1.137       ],
#23 1.137       "sha256": "64661cc214af3a8970d49edc03d3dcee1569708b1e95a0a0c70b2f01fe724607"
#23 1.137     },
#23 1.137     "test-deps/pygments/lexers/graph.py": {
#23 1.137       "image_files": [
#23 1.137         {
#23 1.137           "path": "/opt/c3-test-deps/pygments/lexers/graph.py",
#23 1.137           "sha256": "5ff22c763c57667e69f43ab870b5f2ab0a380bc7a671803c34fe9567d65305a5"
#23 1.137         }
#23 1.137       ],
#23 1.137       "sha256": "5ff22c763c57667e69f43ab870b5f2ab0a380bc7a671803c34fe9567d65305a5"
#23 1.137     },
#23 1.137     "test-deps/pygments/lexers/graphics.py": {
#23 1.137       "image_files": [
#23 1.137         {
#23 1.137           "path": "/opt/c3-test-deps/pygments/lexers/graphics.py",
#23 1.137           "sha256": "29f0af855765ea2dcdede95bcde85df46c7a5ab538898c82f788ec4f055d2fa0"
#23 1.137         }
#23 1.137       ],
#23 1.137       "sha256": "29f0af855765ea2dcdede95bcde85df46c7a5ab538898c82f788ec4f055d2fa0"
#23 1.137     },
#23 1.137     "test-deps/pygments/lexers/graphql.py": {
#23 1.137       "image_files": [
#23 1.137         {
#23 1.137           "path": "/opt/c3-test-deps/pygments/lexers/graphql.py",
#23 1.137           "sha256": "45613f91f5540c4027bfff926323a2f4825492ceb536f39a92651f58e968af3a"
#23 1.137         }
#23 1.137       ],
#23 1.137       "sha256": "45613f91f5540c4027bfff926323a2f4825492ceb536f39a92651f58e968af3a"
#23 1.137     },
#23 1.137     "test-deps/pygments/lexers/graphviz.py": {
#23 1.137       "image_files": [
#23 1.137         {
#23 1.137           "path": "/opt/c3-test-deps/pygments/lexers/graphviz.py",
#23 1.137           "sha256": "ca1cc5776e77ece2a73e5462185f588848df0736919cc75a185db921be2fa8b9"
#23 1.137         }
#23 1.137       ],
#23 1.137       "sha256": "ca1cc5776e77ece2a73e5462185f588848df0736919cc75a185db921be2fa8b9"
#23 1.137     },
#23 1.137     "test-deps/pygments/lexers/gsql.py": {
#23 1.137       "image_files": [
#23 1.137         {
#23 1.137           "path": "/opt/c3-test-deps/pygments/lexers/gsql.py",
#23 1.137           "sha256": "fc5266b8a359b31e5f1505323c5a7cfb77104e99eb680edfc1c2273c8361f1bd"
#23 1.137         }
#23 1.137       ],
#23 1.137       "sha256": "fc5266b8a359b31e5f1505323c5a7cfb77104e99eb680edfc1c2273c8361f1bd"
#23 1.137     },
#23 1.137     "test-deps/pygments/lexers/hare.py": {
#23 1.137       "image_files": [
#23 1.137         {
#23 1.137           "path": "/opt/c3-test-deps/pygments/lexers/hare.py",
#23 1.137           "sha256": "782ad13f072cc172fe6474d6365844d40d391bdaf1cd2db4fc8a9275dbf633d6"
#23 1.137         }
#23 1.137       ],
#23 1.137       "sha256": "782ad13f072cc172fe6474d6365844d40d391bdaf1cd2db4fc8a9275dbf633d6"
#23 1.137     },
#23 1.137     "test-deps/pygments/lexers/haskell.py": {
#23 1.137       "image_files": [
#23 1.137         {
#23 1.137           "path": "/opt/c3-test-deps/pygments/lexers/haskell.py",
#23 1.137           "sha256": "b2be60ab753bc6dd03d818b8d71753b016a9a275faa2d3f5a8fc91302bb133b1"
#23 1.137         }
#23 1.137       ],
#23 1.137       "sha256": "b2be60ab753bc6dd03d818b8d71753b016a9a275faa2d3f5a8fc91302bb133b1"
#23 1.137     },
#23 1.137     "test-deps/pygments/lexers/haxe.py": {
#23 1.137       "image_files": [
#23 1.137         {
#23 1.137           "path": "/opt/c3-test-deps/pygments/lexers/haxe.py",
#23 1.137           "sha256": "fcccd02535b1d7c903f5b3ffb27881b2129bb4e643466e0e66789f68e830fda6"
#23 1.137         }
#23 1.137       ],
#23 1.137       "sha256": "fcccd02535b1d7c903f5b3ffb27881b2129bb4e643466e0e66789f68e830fda6"
#23 1.137     },
#23 1.137     "test-deps/pygments/lexers/hdl.py": {
#23 1.137       "image_files": [
#23 1.137         {
#23 1.137           "path": "/opt/c3-test-deps/pygments/lexers/hdl.py",
#23 1.137           "sha256": "24240a5ba1c57684dd14589b2fdd05d66edc60984cdc83f60169b121810381d9"
#23 1.137         }
#23 1.137       ],
#23 1.137       "sha256": "24240a5ba1c57684dd14589b2fdd05d66edc60984cdc83f60169b121810381d9"
#23 1.137     },
#23 1.137     "test-deps/pygments/lexers/hexdump.py": {
#23 1.137       "image_files": [
#23 1.137         {
#23 1.137           "path": "/opt/c3-test-deps/pygments/lexers/hexdump.py",
#23 1.137           "sha256": "4801abfd812474bf289a8d6e41bfcfb54080112c84f213e554aec518690eaf74"
#23 1.137         }
#23 1.137       ],
#23 1.137       "sha256": "4801abfd812474bf289a8d6e41bfcfb54080112c84f213e554aec518690eaf74"
#23 1.137     },
#23 1.137     "test-deps/pygments/lexers/html.py": {
#23 1.137       "image_files": [
#23 1.137         {
#23 1.137           "path": "/opt/c3-test-deps/pygments/lexers/html.py",
#23 1.137           "sha256": "44e7c717c5a080f8f869d13af92f6c2af0a1e546342b423cebc5313b9cbeddf2"
#23 1.137         }
#23 1.137       ],
#23 1.137       "sha256": "44e7c717c5a080f8f869d13af92f6c2af0a1e546342b423cebc5313b9cbeddf2"
#23 1.137     },
#23 1.137     "test-deps/pygments/lexers/idl.py": {
#23 1.137       "image_files": [
#23 1.137         {
#23 1.137           "path": "/opt/c3-test-deps/pygments/lexers/idl.py",
#23 1.137           "sha256": "493174d34643cb4dc40e3598610cf2b02a578d2726360d3d9f32e0127860c96a"
#23 1.137         }
#23 1.137       ],
#23 1.137       "sha256": "493174d34643cb4dc40e3598610cf2b02a578d2726360d3d9f32e0127860c96a"
#23 1.137     },
#23 1.137     "test-deps/pygments/lexers/igor.py": {
#23 1.137       "image_files": [
#23 1.137         {
#23 1.137           "path": "/opt/c3-test-deps/pygments/lexers/igor.py",
#23 1.137           "sha256": "4afe4418125e2b2d143b297af8617794179ea1602b55c30326d42d976457458a"
#23 1.137         }
#23 1.137       ],
#23 1.137       "sha256": "4afe4418125e2b2d143b297af8617794179ea1602b55c30326d42d976457458a"
#23 1.137     },
#23 1.137     "test-deps/pygments/lexers/inferno.py": {
#23 1.137       "image_files": [
#23 1.137         {
#23 1.137           "path": "/opt/c3-test-deps/pygments/lexers/inferno.py",
#23 1.137           "sha256": "27acc5ad8be43cb77f3c6a9c1fb4769d1b1a8d6f117d1b97d716654730b8f580"
#23 1.137         }
#23 1.137       ],
#23 1.137       "sha256": "27acc5ad8be43cb77f3c6a9c1fb4769d1b1a8d6f117d1b97d716654730b8f580"
#23 1.137     },
#23 1.137     "test-deps/pygments/lexers/installers.py": {
#23 1.137       "image_files": [
#23 1.137         {
#23 1.137           "path": "/opt/c3-test-deps/pygments/lexers/installers.py",
#23 1.137           "sha256": "8a82b62543d2264f6f72ca1edcd012bccb7ea5a5ddd7f367ddef1699aa89ec21"
#23 1.137         }
#23 1.137       ],
#23 1.137       "sha256": "8a82b62543d2264f6f72ca1edcd012bccb7ea5a5ddd7f367ddef1699aa89ec21"
#23 1.137     },
#23 1.137     "test-deps/pygments/lexers/int_fiction.py": {
#23 1.137       "image_files": [
#23 1.137         {
#23 1.137           "path": "/opt/c3-test-deps/pygments/lexers/int_fiction.py",
#23 1.137           "sha256": "0548ef5e29548ae305f9eb971100f3419b38e639ff68bb35ede4ca71f129b6b2"
#23 1.137         }
#23 1.137       ],
#23 1.137       "sha256": "0548ef5e29548ae305f9eb971100f3419b38e639ff68bb35ede4ca71f129b6b2"
#23 1.137     },
#23 1.137     "test-deps/pygments/lexers/iolang.py": {
#23 1.137       "image_files": [
#23 1.137         {
#23 1.137           "path": "/opt/c3-test-deps/pygments/lexers/iolang.py",
#23 1.137           "sha256": "d18ca304058fe31977cddf0f72c3ad64c21b4a1d742979c908b73ac6a725919a"
#23 1.137         }
#23 1.137       ],
#23 1.137       "sha256": "d18ca304058fe31977cddf0f72c3ad64c21b4a1d742979c908b73ac6a725919a"
#23 1.137     },
#23 1.137     "test-deps/pygments/lexers/j.py": {
#23 1.137       "image_files": [
#23 1.137         {
#23 1.137           "path": "/opt/c3-test-deps/pygments/lexers/j.py",
#23 1.137           "sha256": "e7aa946ecd42ef029d67af96a4d9f11e7b4daacc56ae8aa23bb91e236ca8475a"
#23 1.137         }
#23 1.137       ],
#23 1.137       "sha256": "e7aa946ecd42ef029d67af96a4d9f11e7b4daacc56ae8aa23bb91e236ca8475a"
#23 1.137     },
#23 1.137     "test-deps/pygments/lexers/javascript.py": {
#23 1.137       "image_files": [
#23 1.137         {
#23 1.137           "path": "/opt/c3-test-deps/pygments/lexers/javascript.py",
#23 1.137           "sha256": "66ecc85bbaf14527e07a18f5124df6d5c4c6dd2524ae60e2c2ff419a935f5393"
#23 1.137         }
#23 1.137       ],
#23 1.137       "sha256": "66ecc85bbaf14527e07a18f5124df6d5c4c6dd2524ae60e2c2ff419a935f5393"
#23 1.137     },
#23 1.137     "test-deps/pygments/lexers/jmespath.py": {
#23 1.137       "image_files": [
#23 1.137         {
#23 1.137           "path": "/opt/c3-test-deps/pygments/lexers/jmespath.py",
#23 1.137           "sha256": "397235a96eb2972a6c99b40b460993afc1b291a219df37cf1f25f0a9eb1f0d90"
#23 1.137         }
#23 1.137       ],
#23 1.137       "sha256": "397235a96eb2972a6c99b40b460993afc1b291a219df37cf1f25f0a9eb1f0d90"
#23 1.137     },
#23 1.137     "test-deps/pygments/lexers/jslt.py": {
#23 1.137       "image_files": [
#23 1.137         {
#23 1.137           "path": "/opt/c3-test-deps/pygments/lexers/jslt.py",
#23 1.137           "sha256": "50e570d49dee2be855456a26a052b68cc4bfc9eba8e62aa06be2e15d4248ebad"
#23 1.137         }
#23 1.137       ],
#23 1.137       "sha256": "50e570d49dee2be855456a26a052b68cc4bfc9eba8e62aa06be2e15d4248ebad"
#23 1.137     },
#23 1.137     "test-deps/pygments/lexers/json5.py": {
#23 1.137       "image_files": [
#23 1.137         {
#23 1.137           "path": "/opt/c3-test-deps/pygments/lexers/json5.py",
#23 1.137           "sha256": "1b2799e7c0312a42498a21fb26e3e66a40d95eba296ba6c3905460b891e27ea5"
#23 1.137         }
#23 1.137       ],
#23 1.137       "sha256": "1b2799e7c0312a42498a21fb26e3e66a40d95eba296ba6c3905460b891e27ea5"
#23 1.137     },
#23 1.137     "test-deps/pygments/lexers/jsonnet.py": {
#23 1.137       "image_files": [
#23 1.137         {
#23 1.137           "path": "/opt/c3-test-deps/pygments/lexers/jsonnet.py",
#23 1.137           "sha256": "acfb28f5dfcf54c9cd54995632ab64192c4b25bf44c5bd0e7008cc3ad32018c1"
#23 1.137         }
#23 1.137       ],
#23 1.137       "sha256": "acfb28f5dfcf54c9cd54995632ab64192c4b25bf44c5bd0e7008cc3ad32018c1"
#23 1.137     },
#23 1.137     "test-deps/pygments/lexers/jsx.py": {
#23 1.137       "image_files": [
#23 1.137         {
#23 1.137           "path": "/opt/c3-test-deps/pygments/lexers/jsx.py",
#23 1.137           "sha256": "fb4d2d73e553905687924155e5bbf39eebca51e083e717d6992e11aa2d67abc1"
#23 1.137         }
#23 1.137       ],
#23 1.137       "sha256": "fb4d2d73e553905687924155e5bbf39eebca51e083e717d6992e11aa2d67abc1"
#23 1.137     },
#23 1.137     "test-deps/pygments/lexers/julia.py": {
#23 1.137       "image_files": [
#23 1.137         {
#23 1.137           "path": "/opt/c3-test-deps/pygments/lexers/julia.py",
#23 1.137           "sha256": "d8947bf137ec1a8188f0acb767ed72412ac22207a2704bc4c1d093c4e861e019"
#23 1.137         }
#23 1.137       ],
#23 1.137       "sha256": "d8947bf137ec1a8188f0acb767ed72412ac22207a2704bc4c1d093c4e861e019"
#23 1.137     },
#23 1.137     "test-deps/pygments/lexers/jvm.py": {
#23 1.137       "image_files": [
#23 1.137         {
#23 1.137           "path": "/opt/c3-test-deps/pygments/lexers/jvm.py",
#23 1.137           "sha256": "3d1314c66ceda1506dc2fc8d8b668de3b3f9a8000300397296abf373a89f43d4"
#23 1.137         }
#23 1.137       ],
#23 1.137       "sha256": "3d1314c66ceda1506dc2fc8d8b668de3b3f9a8000300397296abf373a89f43d4"
#23 1.137     },
#23 1.137     "test-deps/pygments/lexers/kuin.py": {
#23 1.137       "image_files": [
#23 1.137         {
#23 1.137           "path": "/opt/c3-test-deps/pygments/lexers/kuin.py",
#23 1.137           "sha256": "47f5ab6f2ba850ada9bd89739928ecd255c783237de2cd8d276e7458208ad7e3"
#23 1.137         }
#23 1.137       ],
#23 1.137       "sha256": "47f5ab6f2ba850ada9bd89739928ecd255c783237de2cd8d276e7458208ad7e3"
#23 1.137     },
#23 1.137     "test-deps/pygments/lexers/kusto.py": {
#23 1.137       "image_files": [
#23 1.137         {
#23 1.137           "path": "/opt/c3-test-deps/pygments/lexers/kusto.py",
#23 1.137           "sha256": "68ff467856a0ddc8a7e68002170d8c5d35c475cf1bb4c549426d37264bfcd740"
#23 1.137         }
#23 1.137       ],
#23 1.137       "sha256": "68ff467856a0ddc8a7e68002170d8c5d35c475cf1bb4c549426d37264bfcd740"
#23 1.137     },
#23 1.137     "test-deps/pygments/lexers/ldap.py": {
#23 1.137       "image_files": [
#23 1.137         {
#23 1.137           "path": "/opt/c3-test-deps/pygments/lexers/ldap.py",
#23 1.137           "sha256": "ff26b8fc89e7488463f9162319a816159243cb535d810528710cd55a3891a7af"
#23 1.137         }
#23 1.137       ],
#23 1.137       "sha256": "ff26b8fc89e7488463f9162319a816159243cb535d810528710cd55a3891a7af"
#23 1.137     },
#23 1.137     "test-deps/pygments/lexers/lean.py": {
#23 1.137       "image_files": [
#23 1.137         {
#23 1.137           "path": "/opt/c3-test-deps/pygments/lexers/lean.py",
#23 1.137           "sha256": "a8ffe2c1443b3096750b9b37298056f16bbafaeb958f83c01b76b61a18e9f7d5"
#23 1.137         }
#23 1.137       ],
#23 1.137       "sha256": "a8ffe2c1443b3096750b9b37298056f16bbafaeb958f83c01b76b61a18e9f7d5"
#23 1.137     },
#23 1.137     "test-deps/pygments/lexers/lilypond.py": {
#23 1.137       "image_files": [
#23 1.137         {
#23 1.137           "path": "/opt/c3-test-deps/pygments/lexers/lilypond.py",
#23 1.137           "sha256": "a36eb8a2f19916b731f19c292915fe82350408ad70e53f13d27e8ba138cff765"
#23 1.137         }
#23 1.137       ],
#23 1.137       "sha256": "a36eb8a2f19916b731f19c292915fe82350408ad70e53f13d27e8ba138cff765"
#23 1.137     },
#23 1.137     "test-deps/pygments/lexers/lisp.py": {
#23 1.137       "image_files": [
#23 1.137         {
#23 1.137           "path": "/opt/c3-test-deps/pygments/lexers/lisp.py",
#23 1.137           "sha256": "082f9565a184b962d6b6e4baeaafb5c53fa420f553b8bf32a99e58c51dc75603"
#23 1.137         }
#23 1.137       ],
#23 1.137       "sha256": "082f9565a184b962d6b6e4baeaafb5c53fa420f553b8bf32a99e58c51dc75603"
#23 1.137     },
#23 1.137     "test-deps/pygments/lexers/macaulay2.py": {
#23 1.137       "image_files": [
#23 1.137         {
#23 1.137           "path": "/opt/c3-test-deps/pygments/lexers/macaulay2.py",
#23 1.137           "sha256": "3f8de481bba8e96da37a24a081c0bc209506911c2a85b6b6b49468db6e9a940c"
#23 1.137         }
#23 1.137       ],
#23 1.137       "sha256": "3f8de481bba8e96da37a24a081c0bc209506911c2a85b6b6b49468db6e9a940c"
#23 1.137     },
#23 1.137     "test-deps/pygments/lexers/make.py": {
#23 1.137       "image_files": [
#23 1.137         {
#23 1.137           "path": "/opt/c3-test-deps/pygments/lexers/make.py",
#23 1.137           "sha256": "c005742914574c014c9622df00a5c38a1408136540554bd68c567ecae33b6b4f"
#23 1.137         }
#23 1.137       ],
#23 1.137       "sha256": "c005742914574c014c9622df00a5c38a1408136540554bd68c567ecae33b6b4f"
#23 1.137     },
#23 1.137     "test-deps/pygments/lexers/maple.py": {
#23 1.137       "image_files": [
#23 1.137         {
#23 1.137           "path": "/opt/c3-test-deps/pygments/lexers/maple.py",
#23 1.137           "sha256": "699e253339bd844b601e6d3eb64061067dd2a7047ab2b235796e79b723ffde6b"
#23 1.137         }
#23 1.137       ],
#23 1.137       "sha256": "699e253339bd844b601e6d3eb64061067dd2a7047ab2b235796e79b723ffde6b"
#23 1.137     },
#23 1.137     "test-deps/pygments/lexers/markup.py": {
#23 1.137       "image_files": [
#23 1.137         {
#23 1.137           "path": "/opt/c3-test-deps/pygments/lexers/markup.py",
#23 1.137           "sha256": "905716c9a974ecaefe8e589bdba47b53dc87a037e7fee6ca7998d573d3151865"
#23 1.137         }
#23 1.137       ],
#23 1.137       "sha256": "905716c9a974ecaefe8e589bdba47b53dc87a037e7fee6ca7998d573d3151865"
#23 1.137     },
#23 1.137     "test-deps/pygments/lexers/math.py": {
#23 1.137       "image_files": [
#23 1.137         {
#23 1.137           "path": "/opt/c3-test-deps/pygments/lexers/math.py",
#23 1.137           "sha256": "36ca65e8866d0b287d7a089851a85ba164a6cb8709095654071c959c2b85d5a8"
#23 1.137         }
#23 1.137       ],
#23 1.137       "sha256": "36ca65e8866d0b287d7a089851a85ba164a6cb8709095654071c959c2b85d5a8"
#23 1.137     },
#23 1.137     "test-deps/pygments/lexers/matlab.py": {
#23 1.137       "image_files": [
#23 1.137         {
#23 1.137           "path": "/opt/c3-test-deps/pygments/lexers/matlab.py",
#23 1.137           "sha256": "db56996adf424e9c492c4c8e77314178f3851295c1e2117a1dcabacda38883d7"
#23 1.137         }
#23 1.137       ],
#23 1.137       "sha256": "db56996adf424e9c492c4c8e77314178f3851295c1e2117a1dcabacda38883d7"
#23 1.137     },
#23 1.137     "test-deps/pygments/lexers/maxima.py": {
#23 1.137       "image_files": [
#23 1.137         {
#23 1.137           "path": "/opt/c3-test-deps/pygments/lexers/maxima.py",
#23 1.137           "sha256": "85af9ff89cc692382002be64c6656aeffb894c27291ecb505a7b0b1d82213705"
#23 1.137         }
#23 1.137       ],
#23 1.137       "sha256": "85af9ff89cc692382002be64c6656aeffb894c27291ecb505a7b0b1d82213705"
#23 1.137     },
#23 1.137     "test-deps/pygments/lexers/meson.py": {
#23 1.137       "image_files": [
#23 1.137         {
#23 1.137           "path": "/opt/c3-test-deps/pygments/lexers/meson.py",
#23 1.137           "sha256": "59703a71d331f0e01537fadac1b028a2962c3b6cfdff8e77b373803aeb648020"
#23 1.137         }
#23 1.137       ],
#23 1.137       "sha256": "59703a71d331f0e01537fadac1b028a2962c3b6cfdff8e77b373803aeb648020"
#23 1.137     },
#23 1.137     "test-deps/pygments/lexers/mime.py": {
#23 1.137       "image_files": [
#23 1.137         {
#23 1.137           "path": "/opt/c3-test-deps/pygments/lexers/mime.py",
#23 1.137           "sha256": "97906c16469ddda809e8a0e0fc81c8ea7534028d18f447308d8a183fcbd00fe8"
#23 1.137         }
#23 1.137       ],
#23 1.137       "sha256": "97906c16469ddda809e8a0e0fc81c8ea7534028d18f447308d8a183fcbd00fe8"
#23 1.137     },
#23 1.137     "test-deps/pygments/lexers/minecraft.py": {
#23 1.137       "image_files": [
#23 1.137         {
#23 1.137           "path": "/opt/c3-test-deps/pygments/lexers/minecraft.py",
#23 1.137           "sha256": "6c16cc6eabec5604df3bb081c5fd37a063ffa8e020af0d3a3d2cc7d5017bb71b"
#23 1.137         }
#23 1.137       ],
#23 1.137       "sha256": "6c16cc6eabec5604df3bb081c5fd37a063ffa8e020af0d3a3d2cc7d5017bb71b"
#23 1.137     },
#23 1.137     "test-deps/pygments/lexers/mips.py": {
#23 1.137       "image_files": [
#23 1.137         {
#23 1.137           "path": "/opt/c3-test-deps/pygments/lexers/mips.py",
#23 1.137           "sha256": "429801a0c3f3b24d6df747081745bf115f9067c2f08136a94be7d2212c597057"
#23 1.137         }
#23 1.137       ],
#23 1.137       "sha256": "429801a0c3f3b24d6df747081745bf115f9067c2f08136a94be7d2212c597057"
#23 1.137     },
#23 1.137     "test-deps/pygments/lexers/ml.py": {
#23 1.137       "image_files": [
#23 1.137         {
#23 1.137           "path": "/opt/c3-test-deps/pygments/lexers/ml.py",
#23 1.137           "sha256": "8ea03c4b1624f04e8396b98f203d4ce27b4116a88f61af53c2c3597276c5e097"
#23 1.137         }
#23 1.137       ],
#23 1.137       "sha256": "8ea03c4b1624f04e8396b98f203d4ce27b4116a88f61af53c2c3597276c5e097"
#23 1.137     },
#23 1.137     "test-deps/pygments/lexers/modeling.py": {
#23 1.137       "image_files": [
#23 1.137         {
#23 1.137           "path": "/opt/c3-test-deps/pygments/lexers/modeling.py",
#23 1.137           "sha256": "3e9944ac4e316acbdf2fc423634dfa022bbbe6280c6c59b222a39de42dfc280a"
#23 1.137         }
#23 1.137       ],
#23 1.137       "sha256": "3e9944ac4e316acbdf2fc423634dfa022bbbe6280c6c59b222a39de42dfc280a"
#23 1.137     },
#23 1.137     "test-deps/pygments/lexers/modula2.py": {
#23 1.137       "image_files": [
#23 1.137         {
#23 1.137           "path": "/opt/c3-test-deps/pygments/lexers/modula2.py",
#23 1.137           "sha256": "7575b428d16edc44e0001b0f32c2217492340ca17e296b53f37d452accf6557c"
#23 1.137         }
#23 1.137       ],
#23 1.137       "sha256": "7575b428d16edc44e0001b0f32c2217492340ca17e296b53f37d452accf6557c"
#23 1.137     },
#23 1.137     "test-deps/pygments/lexers/mojo.py": {
#23 1.137       "image_files": [
#23 1.137         {
#23 1.137           "path": "/opt/c3-test-deps/pygments/lexers/mojo.py",
#23 1.137           "sha256": "42b55c8bdf9620e82f48b7335e85a19bc003dcf18062ce95acde457068f839fa"
#23 1.137         }
#23 1.137       ],
#23 1.137       "sha256": "42b55c8bdf9620e82f48b7335e85a19bc003dcf18062ce95acde457068f839fa"
#23 1.137     },
#23 1.137     "test-deps/pygments/lexers/monte.py": {
#23 1.137       "image_files": [
#23 1.137         {
#23 1.137           "path": "/opt/c3-test-deps/pygments/lexers/monte.py",
#23 1.137           "sha256": "253c7e8d2ac52a5591c00d6ace13ddeb8ec44c648497084fe1832556b7d7c97f"
#23 1.137         }
#23 1.137       ],
#23 1.137       "sha256": "253c7e8d2ac52a5591c00d6ace13ddeb8ec44c648497084fe1832556b7d7c97f"
#23 1.137     },
#23 1.137     "test-deps/pygments/lexers/mosel.py": {
#23 1.137       "image_files": [
#23 1.137         {
#23 1.137           "path": "/opt/c3-test-deps/pygments/lexers/mosel.py",
#23 1.137           "sha256": "aa01fa2f19a84a80436ff2eb2f7797b30b7f7ac68f217f7abe4032ebcc051ffc"
#23 1.137         }
#23 1.137       ],
#23 1.137       "sha256": "aa01fa2f19a84a80436ff2eb2f7797b30b7f7ac68f217f7abe4032ebcc051ffc"
#23 1.137     },
#23 1.137     "test-deps/pygments/lexers/ncl.py": {
#23 1.137       "image_files": [
#23 1.137         {
#23 1.137           "path": "/opt/c3-test-deps/pygments/lexers/ncl.py",
#23 1.137           "sha256": "4595e4c4e2be887b292d7fec1554f4c1ce47eaffa96b890a8213fbf5f24640f4"
#23 1.137         }
#23 1.137       ],
#23 1.137       "sha256": "4595e4c4e2be887b292d7fec1554f4c1ce47eaffa96b890a8213fbf5f24640f4"
#23 1.137     },
#23 1.137     "test-deps/pygments/lexers/nimrod.py": {
#23 1.137       "image_files": [
#23 1.137         {
#23 1.137           "path": "/opt/c3-test-deps/pygments/lexers/nimrod.py",
#23 1.137           "sha256": "2fc5b0e4251a3fea23cb0a106579e30b4f26e417bae1f0729d27f969618868fc"
#23 1.137         }
#23 1.137       ],
#23 1.137       "sha256": "2fc5b0e4251a3fea23cb0a106579e30b4f26e417bae1f0729d27f969618868fc"
#23 1.137     },
#23 1.137     "test-deps/pygments/lexers/nit.py": {
#23 1.137       "image_files": [
#23 1.137         {
#23 1.137           "path": "/opt/c3-test-deps/pygments/lexers/nit.py",
#23 1.137           "sha256": "7dfac12626787281fa4c79ac48195c084a43e7c951c7090b9290286d3fefe7ee"
#23 1.137         }
#23 1.137       ],
#23 1.137       "sha256": "7dfac12626787281fa4c79ac48195c084a43e7c951c7090b9290286d3fefe7ee"
#23 1.137     },
#23 1.137     "test-deps/pygments/lexers/nix.py": {
#23 1.137       "image_files": [
#23 1.137         {
#23 1.137           "path": "/opt/c3-test-deps/pygments/lexers/nix.py",
#23 1.137           "sha256": "33613e93ef85ee99deb8c00e69ef5a838b2b26c2a1589d5fd5f46e78ee8fb4a3"
#23 1.137         }
#23 1.137       ],
#23 1.137       "sha256": "33613e93ef85ee99deb8c00e69ef5a838b2b26c2a1589d5fd5f46e78ee8fb4a3"
#23 1.137     },
#23 1.137     "test-deps/pygments/lexers/numbair.py": {
#23 1.137       "image_files": [
#23 1.137         {
#23 1.137           "path": "/opt/c3-test-deps/pygments/lexers/numbair.py",
#23 1.137           "sha256": "b404e2236e8ae0e7c0ca3dd2cb7ffc83230c5c5038160cc86bf42e2b89d5eaeb"
#23 1.137         }
#23 1.137       ],
#23 1.137       "sha256": "b404e2236e8ae0e7c0ca3dd2cb7ffc83230c5c5038160cc86bf42e2b89d5eaeb"
#23 1.137     },
#23 1.137     "test-deps/pygments/lexers/oberon.py": {
#23 1.137       "image_files": [
#23 1.137         {
#23 1.137           "path": "/opt/c3-test-deps/pygments/lexers/oberon.py",
#23 1.137           "sha256": "b87d4590f79709f75dd0843ffbe4bc48750d69fd9d9e3890663b484fe8f1bb80"
#23 1.137         }
#23 1.137       ],
#23 1.137       "sha256": "b87d4590f79709f75dd0843ffbe4bc48750d69fd9d9e3890663b484fe8f1bb80"
#23 1.137     },
#23 1.137     "test-deps/pygments/lexers/objective.py": {
#23 1.137       "image_files": [
#23 1.137         {
#23 1.137           "path": "/opt/c3-test-deps/pygments/lexers/objective.py",
#23 1.137           "sha256": "443e67856d79a60dc552ecb521f1af6ff8786deff7879f879055a92d5448f1e5"
#23 1.137         }
#23 1.137       ],
#23 1.137       "sha256": "443e67856d79a60dc552ecb521f1af6ff8786deff7879f879055a92d5448f1e5"
#23 1.137     },
#23 1.137     "test-deps/pygments/lexers/ooc.py": {
#23 1.137       "image_files": [
#23 1.137         {
#23 1.137           "path": "/opt/c3-test-deps/pygments/lexers/ooc.py",
#23 1.137           "sha256": "1c48d61dd403564eed45bfd3b846f5fc2e6a8bea5e270c3260154085fe3d312d"
#23 1.137         }
#23 1.137       ],
#23 1.137       "sha256": "1c48d61dd403564eed45bfd3b846f5fc2e6a8bea5e270c3260154085fe3d312d"
#23 1.137     },
#23 1.137     "test-deps/pygments/lexers/openscad.py": {
#23 1.137       "image_files": [
#23 1.137         {
#23 1.137           "path": "/opt/c3-test-deps/pygments/lexers/openscad.py",
#23 1.137           "sha256": "b5eda22fc5647d7ba5fcf617973f142b7fd0b4c8dd98d82dd181c2604bdd12d3"
#23 1.137         }
#23 1.137       ],
#23 1.137       "sha256": "b5eda22fc5647d7ba5fcf617973f142b7fd0b4c8dd98d82dd181c2604bdd12d3"
#23 1.137     },
#23 1.137     "test-deps/pygments/lexers/other.py": {
#23 1.137       "image_files": [
#23 1.137         {
#23 1.137           "path": "/opt/c3-test-deps/pygments/lexers/other.py",
#23 1.137           "sha256": "380957cecad50d4c7831adb97f21bdf14e4b681107cadf8b259d881ef3092566"
#23 1.137         }
#23 1.137       ],
#23 1.137       "sha256": "380957cecad50d4c7831adb97f21bdf14e4b681107cadf8b259d881ef3092566"
#23 1.137     },
#23 1.137     "test-deps/pygments/lexers/parasail.py": {
#23 1.137       "image_files": [
#23 1.137         {
#23 1.137           "path": "/opt/c3-test-deps/pygments/lexers/parasail.py",
#23 1.137           "sha256": "2afebfcb6f164c30eeb086f29d4b14523fe86b3c7886e45b3b40e1f477ddea30"
#23 1.137         }
#23 1.137       ],
#23 1.137       "sha256": "2afebfcb6f164c30eeb086f29d4b14523fe86b3c7886e45b3b40e1f477ddea30"
#23 1.137     },
#23 1.137     "test-deps/pygments/lexers/parsers.py": {
#23 1.137       "image_files": [
#23 1.137         {
#23 1.137           "path": "/opt/c3-test-deps/pygments/lexers/parsers.py",
#23 1.137           "sha256": "98a6a52af631d51ac2cf656911465a50ffdab061f86cfe05fd3bdd2b143c0ec7"
#23 1.137         }
#23 1.137       ],
#23 1.137       "sha256": "98a6a52af631d51ac2cf656911465a50ffdab061f86cfe05fd3bdd2b143c0ec7"
#23 1.137     },
#23 1.137     "test-deps/pygments/lexers/pascal.py": {
#23 1.137       "image_files": [
#23 1.137         {
#23 1.137           "path": "/opt/c3-test-deps/pygments/lexers/pascal.py",
#23 1.137           "sha256": "e1d7b05e4c1cd767ff8a231f74d0ea6f16ffa2a0045f6742cdbe55219eb6579e"
#23 1.137         }
#23 1.137       ],
#23 1.137       "sha256": "e1d7b05e4c1cd767ff8a231f74d0ea6f16ffa2a0045f6742cdbe55219eb6579e"
#23 1.137     },
#23 1.137     "test-deps/pygments/lexers/pawn.py": {
#23 1.137       "image_files": [
#23 1.137         {
#23 1.137           "path": "/opt/c3-test-deps/pygments/lexers/pawn.py",
#23 1.137           "sha256": "9fae014ada93c53cea72a0a03440b21fb82ff9760461f97fdd21683579b03efa"
#23 1.137         }
#23 1.137       ],
#23 1.137       "sha256": "9fae014ada93c53cea72a0a03440b21fb82ff9760461f97fdd21683579b03efa"
#23 1.137     },
#23 1.137     "test-deps/pygments/lexers/pddl.py": {
#23 1.137       "image_files": [
#23 1.137         {
#23 1.137           "path": "/opt/c3-test-deps/pygments/lexers/pddl.py",
#23 1.137           "sha256": "6bc03691e085f6a350bd56508ab8015797c7e2eddc8ebb5af3e79927cb6cc666"
#23 1.137         }
#23 1.137       ],
#23 1.137       "sha256": "6bc03691e085f6a350bd56508ab8015797c7e2eddc8ebb5af3e79927cb6cc666"
#23 1.137     },
#23 1.137     "test-deps/pygments/lexers/perl.py": {
#23 1.137       "image_files": [
#23 1.137         {
#23 1.137           "path": "/opt/c3-test-deps/pygments/lexers/perl.py",
#23 1.137           "sha256": "a33cc07976383b699321734eb96a261558aa5ba23a20f422b060f5f8797f5686"
#23 1.137         }
#23 1.137       ],
#23 1.137       "sha256": "a33cc07976383b699321734eb96a261558aa5ba23a20f422b060f5f8797f5686"
#23 1.137     },
#23 1.137     "test-deps/pygments/lexers/phix.py": {
#23 1.137       "image_files": [
#23 1.137         {
#23 1.137           "path": "/opt/c3-test-deps/pygments/lexers/phix.py",
#23 1.137           "sha256": "9c4596b79f8ea080daa70e0827f70d2f5f5387c66db7a3884207aea2055e775d"
#23 1.137         }
#23 1.137       ],
#23 1.137       "sha256": "9c4596b79f8ea080daa70e0827f70d2f5f5387c66db7a3884207aea2055e775d"
#23 1.137     },
#23 1.137     "test-deps/pygments/lexers/php.py": {
#23 1.137       "image_files": [
#23 1.137         {
#23 1.137           "path": "/opt/c3-test-deps/pygments/lexers/php.py",
#23 1.137           "sha256": "53ac26c4f33ea52f92635377a9dbf479b5030712c7ebe10520571ab54be0ef8c"
#23 1.137         }
#23 1.137       ],
#23 1.137       "sha256": "53ac26c4f33ea52f92635377a9dbf479b5030712c7ebe10520571ab54be0ef8c"
#23 1.137     },
#23 1.137     "test-deps/pygments/lexers/pointless.py": {
#23 1.137       "image_files": [
#23 1.137         {
#23 1.137           "path": "/opt/c3-test-deps/pygments/lexers/pointless.py",
#23 1.137           "sha256": "80d72e861398f5c12920fc86163321d8322d341d540fc0a68dc79790344ca1d1"
#23 1.137         }
#23 1.137       ],
#23 1.137       "sha256": "80d72e861398f5c12920fc86163321d8322d341d540fc0a68dc79790344ca1d1"
#23 1.137     },
#23 1.137     "test-deps/pygments/lexers/pony.py": {
#23 1.137       "image_files": [
#23 1.137         {
#23 1.137           "path": "/opt/c3-test-deps/pygments/lexers/pony.py",
#23 1.137           "sha256": "aeaae13684cfa0018b99a6028724cce002e0693b272da92f980122d63b155303"
#23 1.137         }
#23 1.137       ],
#23 1.137       "sha256": "aeaae13684cfa0018b99a6028724cce002e0693b272da92f980122d63b155303"
#23 1.137     },
#23 1.137     "test-deps/pygments/lexers/praat.py": {
#23 1.137       "image_files": [
#23 1.137         {
#23 1.137           "path": "/opt/c3-test-deps/pygments/lexers/praat.py",
#23 1.137           "sha256": "b1f54077bcdf46c23e4dc0a8bae60c5a5714f04071030278c2487466e36c677e"
#23 1.137         }
#23 1.137       ],
#23 1.137       "sha256": "b1f54077bcdf46c23e4dc0a8bae60c5a5714f04071030278c2487466e36c677e"
#23 1.137     },
#23 1.137     "test-deps/pygments/lexers/procfile.py": {
#23 1.137       "image_files": [
#23 1.137         {
#23 1.137           "path": "/opt/c3-test-deps/pygments/lexers/procfile.py",
#23 1.137           "sha256": "7e1453b6c73230c3dc3dbbf38f156d5e2c759989693bee09b9650bec36f810d2"
#23 1.137         }
#23 1.137       ],
#23 1.137       "sha256": "7e1453b6c73230c3dc3dbbf38f156d5e2c759989693bee09b9650bec36f810d2"
#23 1.137     },
#23 1.137     "test-deps/pygments/lexers/prolog.py": {
#23 1.137       "image_files": [
#23 1.137         {
#23 1.137           "path": "/opt/c3-test-deps/pygments/lexers/prolog.py",
#23 1.137           "sha256": "0b9a4c6a9525ceb57a29a3c47720fc6917408a02259d4ce31559c5bb44ef1d60"
#23 1.137         }
#23 1.137       ],
#23 1.137       "sha256": "0b9a4c6a9525ceb57a29a3c47720fc6917408a02259d4ce31559c5bb44ef1d60"
#23 1.137     },
#23 1.137     "test-deps/pygments/lexers/promql.py": {
#23 1.137       "image_files": [
#23 1.137         {
#23 1.137           "path": "/opt/c3-test-deps/pygments/lexers/promql.py",
#23 1.137           "sha256": "d387d2fd1e8705686928d7b758fa7f417808745bc9af9a7a2b14ad658c3bc875"
#23 1.137         }
#23 1.137       ],
#23 1.137       "sha256": "d387d2fd1e8705686928d7b758fa7f417808745bc9af9a7a2b14ad658c3bc875"
#23 1.137     },
#23 1.137     "test-deps/pygments/lexers/prql.py": {
#23 1.137       "image_files": [
#23 1.137         {
#23 1.137           "path": "/opt/c3-test-deps/pygments/lexers/prql.py",
#23 1.137           "sha256": "5c985df1da4458f0482a6417c7fd3dfb3d4dca8b4b5c8b24a6ecd7dfa1f2907a"
#23 1.137         }
#23 1.137       ],
#23 1.137       "sha256": "5c985df1da4458f0482a6417c7fd3dfb3d4dca8b4b5c8b24a6ecd7dfa1f2907a"
#23 1.137     },
#23 1.137     "test-deps/pygments/lexers/ptx.py": {
#23 1.137       "image_files": [
#23 1.137         {
#23 1.137           "path": "/opt/c3-test-deps/pygments/lexers/ptx.py",
#23 1.137           "sha256": "9aaa9a0b5ec31a999d736bf9e6efb87bfd61b41c665efb8a2b4ed572c6f369ba"
#23 1.137         }
#23 1.137       ],
#23 1.137       "sha256": "9aaa9a0b5ec31a999d736bf9e6efb87bfd61b41c665efb8a2b4ed572c6f369ba"
#23 1.137     },
#23 1.137     "test-deps/pygments/lexers/purescript.py": {
#23 1.137       "image_files": [
#23 1.137         {
#23 1.137           "path": "/opt/c3-test-deps/pygments/lexers/purescript.py",
#23 1.137           "sha256": "71b0c0972f8d50de0efd2524eafe73252510ce865925b39330759e6513f1ea5a"
#23 1.137         }
#23 1.137       ],
#23 1.137       "sha256": "71b0c0972f8d50de0efd2524eafe73252510ce865925b39330759e6513f1ea5a"
#23 1.137     },
#23 1.137     "test-deps/pygments/lexers/python.py": {
#23 1.137       "image_files": [
#23 1.137         {
#23 1.137           "path": "/opt/c3-test-deps/pygments/lexers/python.py",
#23 1.137           "sha256": "e7a326fd60673e33dab44397c99abe3f108224d619a34e5b20af5ed62eb603a5"
#23 1.137         }
#23 1.137       ],
#23 1.137       "sha256": "e7a326fd60673e33dab44397c99abe3f108224d619a34e5b20af5ed62eb603a5"
#23 1.137     },
#23 1.137     "test-deps/pygments/lexers/q.py": {
#23 1.137       "image_files": [
#23 1.137         {
#23 1.137           "path": "/opt/c3-test-deps/pygments/lexers/q.py",
#23 1.137           "sha256": "d826c962046ef2ecfcc0e4a9e4532bd3ce8a082ec88d246620e0d5634b8aac20"
#23 1.137         }
#23 1.137       ],
#23 1.137       "sha256": "d826c962046ef2ecfcc0e4a9e4532bd3ce8a082ec88d246620e0d5634b8aac20"
#23 1.137     },
#23 1.137     "test-deps/pygments/lexers/qlik.py": {
#23 1.137       "image_files": [
#23 1.137         {
#23 1.137           "path": "/opt/c3-test-deps/pygments/lexers/qlik.py",
#23 1.137           "sha256": "f5be90fba8d779eada211716b6c2ac61608e94185f9a337320de3da54bcc47e2"
#23 1.137         }
#23 1.137       ],
#23 1.137       "sha256": "f5be90fba8d779eada211716b6c2ac61608e94185f9a337320de3da54bcc47e2"
#23 1.137     },
#23 1.137     "test-deps/pygments/lexers/qvt.py": {
#23 1.137       "image_files": [
#23 1.137         {
#23 1.137           "path": "/opt/c3-test-deps/pygments/lexers/qvt.py",
#23 1.137           "sha256": "5e5fe58b3be198cc0efa5d7531417366e04a1dbf9c3cd0cdec5fcf5e19349c18"
#23 1.137         }
#23 1.137       ],
#23 1.137       "sha256": "5e5fe58b3be198cc0efa5d7531417366e04a1dbf9c3cd0cdec5fcf5e19349c18"
#23 1.137     },
#23 1.137     "test-deps/pygments/lexers/r.py": {
#23 1.137       "image_files": [
#23 1.137         {
#23 1.137           "path": "/opt/c3-test-deps/pygments/lexers/r.py",
#23 1.137           "sha256": "fb865a3f8e5fb2ae4488469cb19908d8f41d8b5f9c1d5fb0a1e7fec0b2f7e794"
#23 1.137         }
#23 1.137       ],
#23 1.137       "sha256": "fb865a3f8e5fb2ae4488469cb19908d8f41d8b5f9c1d5fb0a1e7fec0b2f7e794"
#23 1.137     },
#23 1.137     "test-deps/pygments/lexers/rdf.py": {
#23 1.137       "image_files": [
#23 1.137         {
#23 1.137           "path": "/opt/c3-test-deps/pygments/lexers/rdf.py",
#23 1.137           "sha256": "14cd79e1f0759717cea52a5e5ba6d639595de64241804b98c93f6e76df8470ad"
#23 1.137         }
#23 1.137       ],
#23 1.137       "sha256": "14cd79e1f0759717cea52a5e5ba6d639595de64241804b98c93f6e76df8470ad"
#23 1.137     },
#23 1.137     "test-deps/pygments/lexers/rebol.py": {
#23 1.137       "image_files": [
#23 1.137         {
#23 1.137           "path": "/opt/c3-test-deps/pygments/lexers/rebol.py",
#23 1.137           "sha256": "090de931a033eb850caa2415ad8a111273a08d4e503de17f1f769a1cd755442f"
#23 1.137         }
#23 1.137       ],
#23 1.137       "sha256": "090de931a033eb850caa2415ad8a111273a08d4e503de17f1f769a1cd755442f"
#23 1.137     },
#23 1.137     "test-deps/pygments/lexers/rego.py": {
#23 1.137       "image_files": [
#23 1.137         {
#23 1.137           "path": "/opt/c3-test-deps/pygments/lexers/rego.py",
#23 1.137           "sha256": "622d06e2c79c4d638bec25212cb0b327d800e922730c9a4f24d8a3de15e2c42d"
#23 1.137         }
#23 1.137       ],
#23 1.137       "sha256": "622d06e2c79c4d638bec25212cb0b327d800e922730c9a4f24d8a3de15e2c42d"
#23 1.137     },
#23 1.137     "test-deps/pygments/lexers/rell.py": {
#23 1.137       "image_files": [
#23 1.137         {
#23 1.137           "path": "/opt/c3-test-deps/pygments/lexers/rell.py",
#23 1.137           "sha256": "fa86be247000c913fcfbe66616b3ed6a27f340dbaaceac9d98dd631775dc94e9"
#23 1.137         }
#23 1.137       ],
#23 1.137       "sha256": "fa86be247000c913fcfbe66616b3ed6a27f340dbaaceac9d98dd631775dc94e9"
#23 1.137     },
#23 1.137     "test-deps/pygments/lexers/resource.py": {
#23 1.137       "image_files": [
#23 1.137         {
#23 1.137           "path": "/opt/c3-test-deps/pygments/lexers/resource.py",
#23 1.137           "sha256": "443118ee24afda1810dd5f88d4378e2953ae98d2a016a6d5d8c7bff58db5a35d"
#23 1.137         }
#23 1.137       ],
#23 1.137       "sha256": "443118ee24afda1810dd5f88d4378e2953ae98d2a016a6d5d8c7bff58db5a35d"
#23 1.137     },
#23 1.137     "test-deps/pygments/lexers/ride.py": {
#23 1.137       "image_files": [
#23 1.137         {
#23 1.137           "path": "/opt/c3-test-deps/pygments/lexers/ride.py",
#23 1.137           "sha256": "d7383b90660f29121e932b996377fa395a91957cab5feb11fad1c45f533d9f3e"
#23 1.137         }
#23 1.137       ],
#23 1.137       "sha256": "d7383b90660f29121e932b996377fa395a91957cab5feb11fad1c45f533d9f3e"
#23 1.137     },
#23 1.137     "test-deps/pygments/lexers/rita.py": {
#23 1.137       "image_files": [
#23 1.137         {
#23 1.137           "path": "/opt/c3-test-deps/pygments/lexers/rita.py",
#23 1.137           "sha256": "7c234494f8a4e9d0c867319df7a90a81d958e10aa9ff3548f3bc1a4c11cc05f8"
#23 1.137         }
#23 1.137       ],
#23 1.137       "sha256": "7c234494f8a4e9d0c867319df7a90a81d958e10aa9ff3548f3bc1a4c11cc05f8"
#23 1.137     },
#23 1.137     "test-deps/pygments/lexers/rnc.py": {
#23 1.137       "image_files": [
#23 1.137         {
#23 1.137           "path": "/opt/c3-test-deps/pygments/lexers/rnc.py",
#23 1.137           "sha256": "3cd7e79d396766336fbc6df704d302a8fcdd03d2d9118bc3b06a1a0ddff69a7f"
#23 1.137         }
#23 1.137       ],
#23 1.137       "sha256": "3cd7e79d396766336fbc6df704d302a8fcdd03d2d9118bc3b06a1a0ddff69a7f"
#23 1.138     },
#23 1.138     "test-deps/pygments/lexers/roboconf.py": {
#23 1.138       "image_files": [
#23 1.138         {
#23 1.138           "path": "/opt/c3-test-deps/pygments/lexers/roboconf.py",
#23 1.138           "sha256": "97a05e2484be64051bdf3739184b9521bd1e76b4693c598a75f7c4071ef86718"
#23 1.138         }
#23 1.138       ],
#23 1.138       "sha256": "97a05e2484be64051bdf3739184b9521bd1e76b4693c598a75f7c4071ef86718"
#23 1.138     },
#23 1.138     "test-deps/pygments/lexers/robotframework.py": {
#23 1.138       "image_files": [
#23 1.138         {
#23 1.138           "path": "/opt/c3-test-deps/pygments/lexers/robotframework.py",
#23 1.138           "sha256": "f2cd54ec695d87344f191eddf3facc486d19273f593a6f8b1aa0531882f0b765"
#23 1.138         }
#23 1.138       ],
#23 1.138       "sha256": "f2cd54ec695d87344f191eddf3facc486d19273f593a6f8b1aa0531882f0b765"
#23 1.138     },
#23 1.138     "test-deps/pygments/lexers/ruby.py": {
#23 1.138       "image_files": [
#23 1.138         {
#23 1.138           "path": "/opt/c3-test-deps/pygments/lexers/ruby.py",
#23 1.138           "sha256": "e524c32dcbe6981c06751a7514d8735b6e48f40e1cbc1bf8e1dc0b36e5f2fd5e"
#23 1.138         }
#23 1.138       ],
#23 1.138       "sha256": "e524c32dcbe6981c06751a7514d8735b6e48f40e1cbc1bf8e1dc0b36e5f2fd5e"
#23 1.138     },
#23 1.138     "test-deps/pygments/lexers/rust.py": {
#23 1.138       "image_files": [
#23 1.138         {
#23 1.138           "path": "/opt/c3-test-deps/pygments/lexers/rust.py",
#23 1.138           "sha256": "eea0f7286562afeb5459ffdb3c1b78117f25f5a2167bc4db94c08523be68a2b7"
#23 1.138         }
#23 1.138       ],
#23 1.138       "sha256": "eea0f7286562afeb5459ffdb3c1b78117f25f5a2167bc4db94c08523be68a2b7"
#23 1.138     },
#23 1.138     "test-deps/pygments/lexers/sas.py": {
#23 1.138       "image_files": [
#23 1.138         {
#23 1.138           "path": "/opt/c3-test-deps/pygments/lexers/sas.py",
#23 1.138           "sha256": "045f872eace39c15bae27930dc4e4ea659179c891ff8e4b7497dc799624acf25"
#23 1.138         }
#23 1.138       ],
#23 1.138       "sha256": "045f872eace39c15bae27930dc4e4ea659179c891ff8e4b7497dc799624acf25"
#23 1.138     },
#23 1.138     "test-deps/pygments/lexers/savi.py": {
#23 1.138       "image_files": [
#23 1.138         {
#23 1.138           "path": "/opt/c3-test-deps/pygments/lexers/savi.py",
#23 1.138           "sha256": "1c29658017b7af33ffefed9bd6149411b136758cf4f08cacc5ce837318f77f67"
#23 1.138         }
#23 1.138       ],
#23 1.138       "sha256": "1c29658017b7af33ffefed9bd6149411b136758cf4f08cacc5ce837318f77f67"
#23 1.138     },
#23 1.138     "test-deps/pygments/lexers/scdoc.py": {
#23 1.138       "image_files": [
#23 1.138         {
#23 1.138           "path": "/opt/c3-test-deps/pygments/lexers/scdoc.py",
#23 1.138           "sha256": "f67eb84be6ced5d238c7ed8ace1da3ac333a804981e5823b721ea774f078f9cc"
#23 1.138         }
#23 1.138       ],
#23 1.138       "sha256": "f67eb84be6ced5d238c7ed8ace1da3ac333a804981e5823b721ea774f078f9cc"
#23 1.138     },
#23 1.138     "test-deps/pygments/lexers/scripting.py": {
#23 1.138       "image_files": [
#23 1.138         {
#23 1.138           "path": "/opt/c3-test-deps/pygments/lexers/scripting.py",
#23 1.138           "sha256": "becc3f28d4cc15be72cd61e50f077bc390bc6ca09eaf665e2ff055b54869cb44"
#23 1.138         }
#23 1.138       ],
#23 1.138       "sha256": "becc3f28d4cc15be72cd61e50f077bc390bc6ca09eaf665e2ff055b54869cb44"
#23 1.138     },
#23 1.138     "test-deps/pygments/lexers/sgf.py": {
#23 1.138       "image_files": [
#23 1.138         {
#23 1.138           "path": "/opt/c3-test-deps/pygments/lexers/sgf.py",
#23 1.138           "sha256": "c9afec1b84cebc35b0cc433a7088b8d1749b8644ee1c2aafa3eb879cd61f8b94"
#23 1.138         }
#23 1.138       ],
#23 1.138       "sha256": "c9afec1b84cebc35b0cc433a7088b8d1749b8644ee1c2aafa3eb879cd61f8b94"
#23 1.138     },
#23 1.138     "test-deps/pygments/lexers/shell.py": {
#23 1.138       "image_files": [
#23 1.138         {
#23 1.138           "path": "/opt/c3-test-deps/pygments/lexers/shell.py",
#23 1.138           "sha256": "ac9d7284cfa949c675d02e92642159c1e1c16e277b4510bdaa6953506dbae718"
#23 1.138         }
#23 1.138       ],
#23 1.138       "sha256": "ac9d7284cfa949c675d02e92642159c1e1c16e277b4510bdaa6953506dbae718"
#23 1.138     },
#23 1.138     "test-deps/pygments/lexers/sieve.py": {
#23 1.138       "image_files": [
#23 1.138         {
#23 1.138           "path": "/opt/c3-test-deps/pygments/lexers/sieve.py",
#23 1.138           "sha256": "09747d4b59c67954e59f6bb947ad348718240262455554d34c187f9376b0fa99"
#23 1.138         }
#23 1.138       ],
#23 1.138       "sha256": "09747d4b59c67954e59f6bb947ad348718240262455554d34c187f9376b0fa99"
#23 1.138     },
#23 1.138     "test-deps/pygments/lexers/slash.py": {
#23 1.138       "image_files": [
#23 1.138         {
#23 1.138           "path": "/opt/c3-test-deps/pygments/lexers/slash.py",
#23 1.138           "sha256": "565c2fd845f9fecd15f931a79575bb5637d021e685a63d2913f2146a6740a674"
#23 1.138         }
#23 1.138       ],
#23 1.138       "sha256": "565c2fd845f9fecd15f931a79575bb5637d021e685a63d2913f2146a6740a674"
#23 1.138     },
#23 1.138     "test-deps/pygments/lexers/smalltalk.py": {
#23 1.138       "image_files": [
#23 1.138         {
#23 1.138           "path": "/opt/c3-test-deps/pygments/lexers/smalltalk.py",
#23 1.138           "sha256": "ab9d8d1de825de98e7d6332425603d2749ce03f0395735142d900f81bfbab8d5"
#23 1.138         }
#23 1.138       ],
#23 1.138       "sha256": "ab9d8d1de825de98e7d6332425603d2749ce03f0395735142d900f81bfbab8d5"
#23 1.138     },
#23 1.138     "test-deps/pygments/lexers/smithy.py": {
#23 1.138       "image_files": [
#23 1.138         {
#23 1.138           "path": "/opt/c3-test-deps/pygments/lexers/smithy.py",
#23 1.138           "sha256": "3c1cccc71a99b258a2fd4dc05933147e363a70e153c013ef36374befe891b3b6"
#23 1.138         }
#23 1.138       ],
#23 1.138       "sha256": "3c1cccc71a99b258a2fd4dc05933147e363a70e153c013ef36374befe891b3b6"
#23 1.138     },
#23 1.138     "test-deps/pygments/lexers/smv.py": {
#23 1.138       "image_files": [
#23 1.138         {
#23 1.138           "path": "/opt/c3-test-deps/pygments/lexers/smv.py",
#23 1.138           "sha256": "0f9d489fd42bda758589c600397fdb2697858262770549045e7bd73e6034e03e"
#23 1.138         }
#23 1.138       ],
#23 1.138       "sha256": "0f9d489fd42bda758589c600397fdb2697858262770549045e7bd73e6034e03e"
#23 1.138     },
#23 1.138     "test-deps/pygments/lexers/snobol.py": {
#23 1.138       "image_files": [
#23 1.138         {
#23 1.138           "path": "/opt/c3-test-deps/pygments/lexers/snobol.py",
#23 1.138           "sha256": "057ff554f5198be724282625176b2db50a6b1766cb5073a2f1b961227147bfdb"
#23 1.138         }
#23 1.138       ],
#23 1.138       "sha256": "057ff554f5198be724282625176b2db50a6b1766cb5073a2f1b961227147bfdb"
#23 1.138     },
#23 1.138     "test-deps/pygments/lexers/solidity.py": {
#23 1.138       "image_files": [
#23 1.138         {
#23 1.138           "path": "/opt/c3-test-deps/pygments/lexers/solidity.py",
#23 1.138           "sha256": "a73d03674c621f0b9f85b43d85d08fac732303b34cb1aea1c59d673be0386371"
#23 1.138         }
#23 1.138       ],
#23 1.138       "sha256": "a73d03674c621f0b9f85b43d85d08fac732303b34cb1aea1c59d673be0386371"
#23 1.138     },
#23 1.138     "test-deps/pygments/lexers/soong.py": {
#23 1.138       "image_files": [
#23 1.138         {
#23 1.138           "path": "/opt/c3-test-deps/pygments/lexers/soong.py",
#23 1.138           "sha256": "a7a14c3524ae0ecf3aa163d34d552c7aed498f4d27b61e691b88e9d648deea18"
#23 1.138         }
#23 1.138       ],
#23 1.138       "sha256": "a7a14c3524ae0ecf3aa163d34d552c7aed498f4d27b61e691b88e9d648deea18"
#23 1.138     },
#23 1.138     "test-deps/pygments/lexers/sophia.py": {
#23 1.138       "image_files": [
#23 1.138         {
#23 1.138           "path": "/opt/c3-test-deps/pygments/lexers/sophia.py",
#23 1.138           "sha256": "3009162d8c611c935c737514cd60f75432f35516dfe8801ddaecf8abb0d8df02"
#23 1.138         }
#23 1.138       ],
#23 1.138       "sha256": "3009162d8c611c935c737514cd60f75432f35516dfe8801ddaecf8abb0d8df02"
#23 1.138     },
#23 1.138     "test-deps/pygments/lexers/special.py": {
#23 1.138       "image_files": [
#23 1.138         {
#23 1.138           "path": "/opt/c3-test-deps/pygments/lexers/special.py",
#23 1.138           "sha256": "f20a5388b20214dc0871a866dbcda68bc36a8bfea0c1832c01f8c920cd81aba9"
#23 1.138         }
#23 1.138       ],
#23 1.138       "sha256": "f20a5388b20214dc0871a866dbcda68bc36a8bfea0c1832c01f8c920cd81aba9"
#23 1.138     },
#23 1.138     "test-deps/pygments/lexers/spice.py": {
#23 1.138       "image_files": [
#23 1.138         {
#23 1.138           "path": "/opt/c3-test-deps/pygments/lexers/spice.py",
#23 1.138           "sha256": "4acea84770bc560e60e80e4b9b8768fb3db8c9e54731b50cefbd333daca00faa"
#23 1.138         }
#23 1.138       ],
#23 1.138       "sha256": "4acea84770bc560e60e80e4b9b8768fb3db8c9e54731b50cefbd333daca00faa"
#23 1.138     },
#23 1.138     "test-deps/pygments/lexers/sql.py": {
#23 1.138       "image_files": [
#23 1.138         {
#23 1.138           "path": "/opt/c3-test-deps/pygments/lexers/sql.py",
#23 1.138           "sha256": "dc32eda1c5dfada16969e6d35da79c3e90c26e9ebf0e3cc5d63b783acf4a8684"
#23 1.138         }
#23 1.138       ],
#23 1.138       "sha256": "dc32eda1c5dfada16969e6d35da79c3e90c26e9ebf0e3cc5d63b783acf4a8684"
#23 1.138     },
#23 1.138     "test-deps/pygments/lexers/srcinfo.py": {
#23 1.138       "image_files": [
#23 1.138         {
#23 1.138           "path": "/opt/c3-test-deps/pygments/lexers/srcinfo.py",
#23 1.138           "sha256": "3078f4d9507b58fdc07283b3d5655802a34cff7a052e311a01d6b4ef99175415"
#23 1.138         }
#23 1.138       ],
#23 1.138       "sha256": "3078f4d9507b58fdc07283b3d5655802a34cff7a052e311a01d6b4ef99175415"
#23 1.138     },
#23 1.138     "test-deps/pygments/lexers/stata.py": {
#23 1.138       "image_files": [
#23 1.138         {
#23 1.138           "path": "/opt/c3-test-deps/pygments/lexers/stata.py",
#23 1.138           "sha256": "2a88e693158794493e1ef9b1237d776b9da7cc7fc91cda9fbfaaf78c9a050f2f"
#23 1.138         }
#23 1.138       ],
#23 1.138       "sha256": "2a88e693158794493e1ef9b1237d776b9da7cc7fc91cda9fbfaaf78c9a050f2f"
#23 1.138     },
#23 1.138     "test-deps/pygments/lexers/supercollider.py": {
#23 1.138       "image_files": [
#23 1.138         {
#23 1.138           "path": "/opt/c3-test-deps/pygments/lexers/supercollider.py",
#23 1.138           "sha256": "1feab03fab146a8b5e9ac5f1bae829ba2e8a9d4de3b487437d2ddb1addc9be1e"
#23 1.138         }
#23 1.138       ],
#23 1.138       "sha256": "1feab03fab146a8b5e9ac5f1bae829ba2e8a9d4de3b487437d2ddb1addc9be1e"
#23 1.138     },
#23 1.138     "test-deps/pygments/lexers/tablegen.py": {
#23 1.138       "image_files": [
#23 1.138         {
#23 1.138           "path": "/opt/c3-test-deps/pygments/lexers/tablegen.py",
#23 1.138           "sha256": "af2bb3c3e02b2ddbe5639e582419fa79b3b30e8dcbf149db479c5c641f3132ca"
#23 1.138         }
#23 1.138       ],
#23 1.138       "sha256": "af2bb3c3e02b2ddbe5639e582419fa79b3b30e8dcbf149db479c5c641f3132ca"
#23 1.138     },
#23 1.138     "test-deps/pygments/lexers/tact.py": {
#23 1.138       "image_files": [
#23 1.138         {
#23 1.138           "path": "/opt/c3-test-deps/pygments/lexers/tact.py",
#23 1.138           "sha256": "61b39660da77d366413cce5a7dfccce3e0ae749e31459c896fefef4830a8cc2a"
#23 1.138         }
#23 1.138       ],
#23 1.138       "sha256": "61b39660da77d366413cce5a7dfccce3e0ae749e31459c896fefef4830a8cc2a"
#23 1.138     },
#23 1.138     "test-deps/pygments/lexers/tal.py": {
#23 1.138       "image_files": [
#23 1.138         {
#23 1.138           "path": "/opt/c3-test-deps/pygments/lexers/tal.py",
#23 1.138           "sha256": "c5962686ff2606bf80de87a81647123fb9c36d7d6bdb590a3a786c2d3b4bddb1"
#23 1.138         }
#23 1.138       ],
#23 1.138       "sha256": "c5962686ff2606bf80de87a81647123fb9c36d7d6bdb590a3a786c2d3b4bddb1"
#23 1.138     },
#23 1.138     "test-deps/pygments/lexers/tcl.py": {
#23 1.138       "image_files": [
#23 1.138         {
#23 1.138           "path": "/opt/c3-test-deps/pygments/lexers/tcl.py",
#23 1.138           "sha256": "a34273c981450f339864ae434d2e1b0e761cdf748a050cd1f0764c3cac401687"
#23 1.138         }
#23 1.138       ],
#23 1.138       "sha256": "a34273c981450f339864ae434d2e1b0e761cdf748a050cd1f0764c3cac401687"
#23 1.138     },
#23 1.138     "test-deps/pygments/lexers/teal.py": {
#23 1.138       "image_files": [
#23 1.138         {
#23 1.138           "path": "/opt/c3-test-deps/pygments/lexers/teal.py",
#23 1.138           "sha256": "a60a4f8bdc563ee992afe85e4a9181183714e6cdea374685523da66872c4dcc3"
#23 1.138         }
#23 1.138       ],
#23 1.138       "sha256": "a60a4f8bdc563ee992afe85e4a9181183714e6cdea374685523da66872c4dcc3"
#23 1.138     },
#23 1.138     "test-deps/pygments/lexers/templates.py": {
#23 1.138       "image_files": [
#23 1.138         {
#23 1.138           "path": "/opt/c3-test-deps/pygments/lexers/templates.py",
#23 1.138           "sha256": "3466380edf397c73eab52a6310202a417690d9a82f396c9283cd0775788acf71"
#23 1.138         }
#23 1.138       ],
#23 1.138       "sha256": "3466380edf397c73eab52a6310202a417690d9a82f396c9283cd0775788acf71"
#23 1.138     },
#23 1.138     "test-deps/pygments/lexers/teraterm.py": {
#23 1.138       "image_files": [
#23 1.138         {
#23 1.138           "path": "/opt/c3-test-deps/pygments/lexers/teraterm.py",
#23 1.138           "sha256": "60276f20b46af8574e27f1df888918553a07ddce88d9045b4281f5ed0e3d1f1f"
#23 1.138         }
#23 1.138       ],
#23 1.138       "sha256": "60276f20b46af8574e27f1df888918553a07ddce88d9045b4281f5ed0e3d1f1f"
#23 1.138     },
#23 1.138     "test-deps/pygments/lexers/testing.py": {
#23 1.138       "image_files": [
#23 1.138         {
#23 1.138           "path": "/opt/c3-test-deps/pygments/lexers/testing.py",
#23 1.138           "sha256": "185e52a5a9c6c2380a2a861aae2df649db5d3965975e37bcc555f9f99cd38cb8"
#23 1.138         }
#23 1.138       ],
#23 1.138       "sha256": "185e52a5a9c6c2380a2a861aae2df649db5d3965975e37bcc555f9f99cd38cb8"
#23 1.138     },
#23 1.138     "test-deps/pygments/lexers/text.py": {
#23 1.138       "image_files": [
#23 1.138         {
#23 1.138           "path": "/opt/c3-test-deps/pygments/lexers/text.py",
#23 1.138           "sha256": "caaea638bcf73e2cca34c9b8fd8f141e7f6f11e05fa846395bedccedd9358d8b"
#23 1.138         }
#23 1.138       ],
#23 1.138       "sha256": "caaea638bcf73e2cca34c9b8fd8f141e7f6f11e05fa846395bedccedd9358d8b"
#23 1.138     },
#23 1.138     "test-deps/pygments/lexers/textedit.py": {
#23 1.138       "image_files": [
#23 1.138         {
#23 1.138           "path": "/opt/c3-test-deps/pygments/lexers/textedit.py",
#23 1.138           "sha256": "fc35b77d2c36e44902ffefc644a7a9eb80e4c649af8e56d4c59362f9a8d3475f"
#23 1.138         }
#23 1.138       ],
#23 1.138       "sha256": "fc35b77d2c36e44902ffefc644a7a9eb80e4c649af8e56d4c59362f9a8d3475f"
#23 1.138     },
#23 1.138     "test-deps/pygments/lexers/textfmts.py": {
#23 1.138       "image_files": [
#23 1.138         {
#23 1.138           "path": "/opt/c3-test-deps/pygments/lexers/textfmts.py",
#23 1.138           "sha256": "5928890f334a09c3ac0684d4e0d098537ded8b96471a2d0fc76f5e1a34faa41d"
#23 1.138         }
#23 1.138       ],
#23 1.138       "sha256": "5928890f334a09c3ac0684d4e0d098537ded8b96471a2d0fc76f5e1a34faa41d"
#23 1.138     },
#23 1.138     "test-deps/pygments/lexers/theorem.py": {
#23 1.138       "image_files": [
#23 1.138         {
#23 1.138           "path": "/opt/c3-test-deps/pygments/lexers/theorem.py",
#23 1.138           "sha256": "73e7a0ead2185946f149882b3ad2d97c5c6ba3883dd49700230ac82462cfa285"
#23 1.138         }
#23 1.138       ],
#23 1.138       "sha256": "73e7a0ead2185946f149882b3ad2d97c5c6ba3883dd49700230ac82462cfa285"
#23 1.138     },
#23 1.138     "test-deps/pygments/lexers/thingsdb.py": {
#23 1.138       "image_files": [
#23 1.138         {
#23 1.138           "path": "/opt/c3-test-deps/pygments/lexers/thingsdb.py",
#23 1.138           "sha256": "14d2a302b4b5bda74710ddd95da65d0cbaaf706e7d19b17a024e4cf1132c4cb5"
#23 1.138         }
#23 1.138       ],
#23 1.138       "sha256": "14d2a302b4b5bda74710ddd95da65d0cbaaf706e7d19b17a024e4cf1132c4cb5"
#23 1.138     },
#23 1.138     "test-deps/pygments/lexers/tlb.py": {
#23 1.138       "image_files": [
#23 1.138         {
#23 1.138           "path": "/opt/c3-test-deps/pygments/lexers/tlb.py",
#23 1.138           "sha256": "bd6b05abf32b22bce01b6abea9dce9728362bfd2a4368c38c7d79bb3dfc70300"
#23 1.138         }
#23 1.138       ],
#23 1.138       "sha256": "bd6b05abf32b22bce01b6abea9dce9728362bfd2a4368c38c7d79bb3dfc70300"
#23 1.138     },
#23 1.138     "test-deps/pygments/lexers/tls.py": {
#23 1.138       "image_files": [
#23 1.138         {
#23 1.138           "path": "/opt/c3-test-deps/pygments/lexers/tls.py",
#23 1.138           "sha256": "199d65bd9f0f524d7e2d386ad4aba2a9212732a255aa21e8fc0fb5e9a2ae24e7"
#23 1.138         }
#23 1.138       ],
#23 1.138       "sha256": "199d65bd9f0f524d7e2d386ad4aba2a9212732a255aa21e8fc0fb5e9a2ae24e7"
#23 1.138     },
#23 1.138     "test-deps/pygments/lexers/tnt.py": {
#23 1.138       "image_files": [
#23 1.138         {
#23 1.138           "path": "/opt/c3-test-deps/pygments/lexers/tnt.py",
#23 1.138           "sha256": "30d6137e48b1d31e4bd690d5f15f3318b4bb194f33edbb7ec298816a9d96d3d5"
#23 1.138         }
#23 1.138       ],
#23 1.138       "sha256": "30d6137e48b1d31e4bd690d5f15f3318b4bb194f33edbb7ec298816a9d96d3d5"
#23 1.138     },
#23 1.138     "test-deps/pygments/lexers/trafficscript.py": {
#23 1.138       "image_files": [
#23 1.138         {
#23 1.138           "path": "/opt/c3-test-deps/pygments/lexers/trafficscript.py",
#23 1.138           "sha256": "d536b0a26e9b28933ebb59187b2db5c456877a9dc3f6497adab57745a1d2bdc2"
#23 1.138         }
#23 1.138       ],
#23 1.138       "sha256": "d536b0a26e9b28933ebb59187b2db5c456877a9dc3f6497adab57745a1d2bdc2"
#23 1.138     },
#23 1.138     "test-deps/pygments/lexers/typoscript.py": {
#23 1.138       "image_files": [
#23 1.138         {
#23 1.138           "path": "/opt/c3-test-deps/pygments/lexers/typoscript.py",
#23 1.138           "sha256": "75602e398624d17e3113f7f12a0717cfeb0c6251b6c31411e26fddecf5b63d8b"
#23 1.138         }
#23 1.138       ],
#23 1.138       "sha256": "75602e398624d17e3113f7f12a0717cfeb0c6251b6c31411e26fddecf5b63d8b"
#23 1.138     },
#23 1.138     "test-deps/pygments/lexers/typst.py": {
#23 1.138       "image_files": [
#23 1.138         {
#23 1.138           "path": "/opt/c3-test-deps/pygments/lexers/typst.py",
#23 1.138           "sha256": "aad6c4825f077af86f9dc8155182c29af2eb8321abce0563644d0d94cc676942"
#23 1.138         }
#23 1.138       ],
#23 1.138       "sha256": "aad6c4825f077af86f9dc8155182c29af2eb8321abce0563644d0d94cc676942"
#23 1.138     },
#23 1.138     "test-deps/pygments/lexers/ul4.py": {
#23 1.138       "image_files": [
#23 1.138         {
#23 1.138           "path": "/opt/c3-test-deps/pygments/lexers/ul4.py",
#23 1.138           "sha256": "8e833e512d3ed811164471cae9ec99f98fbedf4e9881b32b7af318d2183c4136"
#23 1.138         }
#23 1.138       ],
#23 1.138       "sha256": "8e833e512d3ed811164471cae9ec99f98fbedf4e9881b32b7af318d2183c4136"
#23 1.138     },
#23 1.138     "test-deps/pygments/lexers/unicon.py": {
#23 1.138       "image_files": [
#23 1.138         {
#23 1.138           "path": "/opt/c3-test-deps/pygments/lexers/unicon.py",
#23 1.138           "sha256": "6e583c0106265384ae8e3b720134e58c463e30bdfd8ac202bc861bd456212f99"
#23 1.138         }
#23 1.138       ],
#23 1.138       "sha256": "6e583c0106265384ae8e3b720134e58c463e30bdfd8ac202bc861bd456212f99"
#23 1.138     },
#23 1.138     "test-deps/pygments/lexers/urbi.py": {
#23 1.138       "image_files": [
#23 1.138         {
#23 1.138           "path": "/opt/c3-test-deps/pygments/lexers/urbi.py",
#23 1.138           "sha256": "8fcee4e9f7bad2465d6c9e80240e20f44d27a3510fd1bc49634e9454fd188275"
#23 1.138         }
#23 1.138       ],
#23 1.138       "sha256": "8fcee4e9f7bad2465d6c9e80240e20f44d27a3510fd1bc49634e9454fd188275"
#23 1.138     },
#23 1.138     "test-deps/pygments/lexers/usd.py": {
#23 1.138       "image_files": [
#23 1.138         {
#23 1.138           "path": "/opt/c3-test-deps/pygments/lexers/usd.py",
#23 1.138           "sha256": "65e21abc5e484a20f22a8545aaff874a2a6652d30bcf09851ef5d179ebd81e26"
#23 1.138         }
#23 1.138       ],
#23 1.138       "sha256": "65e21abc5e484a20f22a8545aaff874a2a6652d30bcf09851ef5d179ebd81e26"
#23 1.138     },
#23 1.138     "test-deps/pygments/lexers/varnish.py": {
#23 1.138       "image_files": [
#23 1.138         {
#23 1.138           "path": "/opt/c3-test-deps/pygments/lexers/varnish.py",
#23 1.138           "sha256": "20d0ad61ba25d7257f357321e7508c0d90da7041e0881dd2991dc7e6e5be1647"
#23 1.138         }
#23 1.138       ],
#23 1.138       "sha256": "20d0ad61ba25d7257f357321e7508c0d90da7041e0881dd2991dc7e6e5be1647"
#23 1.138     },
#23 1.138     "test-deps/pygments/lexers/verification.py": {
#23 1.138       "image_files": [
#23 1.138         {
#23 1.138           "path": "/opt/c3-test-deps/pygments/lexers/verification.py",
#23 1.138           "sha256": "0448ae501fdafd48edec9de32e8d71195af726295813e73bb063d50127b97de4"
#23 1.138         }
#23 1.138       ],
#23 1.138       "sha256": "0448ae501fdafd48edec9de32e8d71195af726295813e73bb063d50127b97de4"
#23 1.138     },
#23 1.138     "test-deps/pygments/lexers/verifpal.py": {
#23 1.138       "image_files": [
#23 1.138         {
#23 1.138           "path": "/opt/c3-test-deps/pygments/lexers/verifpal.py",
#23 1.138           "sha256": "d226534166b017d7fb94566714d3d3c18462bba2ffdb93ed108f37b6e08098a6"
#23 1.138         }
#23 1.138       ],
#23 1.138       "sha256": "d226534166b017d7fb94566714d3d3c18462bba2ffdb93ed108f37b6e08098a6"
#23 1.138     },
#23 1.138     "test-deps/pygments/lexers/vip.py": {
#23 1.138       "image_files": [
#23 1.138         {
#23 1.138           "path": "/opt/c3-test-deps/pygments/lexers/vip.py",
#23 1.138           "sha256": "a4ce711687aefb618f5aa015cd925eeb13d8afa5893e5a33548e74f3848743cd"
#23 1.138         }
#23 1.138       ],
#23 1.138       "sha256": "a4ce711687aefb618f5aa015cd925eeb13d8afa5893e5a33548e74f3848743cd"
#23 1.138     },
#23 1.138     "test-deps/pygments/lexers/vyper.py": {
#23 1.138       "image_files": [
#23 1.138         {
#23 1.138           "path": "/opt/c3-test-deps/pygments/lexers/vyper.py",
#23 1.138           "sha256": "af0db20fd7362fbc8fb57a8a3ddd1177125264af9a25b5b98c46b48077ca10ed"
#23 1.138         }
#23 1.138       ],
#23 1.138       "sha256": "af0db20fd7362fbc8fb57a8a3ddd1177125264af9a25b5b98c46b48077ca10ed"
#23 1.138     },
#23 1.138     "test-deps/pygments/lexers/web.py": {
#23 1.138       "image_files": [
#23 1.138         {
#23 1.138           "path": "/opt/c3-test-deps/pygments/lexers/web.py",
#23 1.138           "sha256": "60caf1a0794a950c1f14995a7bdfd3f45d55a74dd803b216b2682a2f387aa602"
#23 1.138         }
#23 1.138       ],
#23 1.138       "sha256": "60caf1a0794a950c1f14995a7bdfd3f45d55a74dd803b216b2682a2f387aa602"
#23 1.138     },
#23 1.138     "test-deps/pygments/lexers/webassembly.py": {
#23 1.138       "image_files": [
#23 1.138         {
#23 1.138           "path": "/opt/c3-test-deps/pygments/lexers/webassembly.py",
#23 1.138           "sha256": "91049e1763323a7680578b5156c607976adc14efc572b023458b74462da8e695"
#23 1.138         }
#23 1.138       ],
#23 1.138       "sha256": "91049e1763323a7680578b5156c607976adc14efc572b023458b74462da8e695"
#23 1.138     },
#23 1.138     "test-deps/pygments/lexers/webidl.py": {
#23 1.138       "image_files": [
#23 1.138         {
#23 1.138           "path": "/opt/c3-test-deps/pygments/lexers/webidl.py",
#23 1.138           "sha256": "31031a645b2496e076f65306a6218fd9fe9fce88dae2f57c16da02185407e9f3"
#23 1.138         }
#23 1.138       ],
#23 1.138       "sha256": "31031a645b2496e076f65306a6218fd9fe9fce88dae2f57c16da02185407e9f3"
#23 1.138     },
#23 1.138     "test-deps/pygments/lexers/webmisc.py": {
#23 1.138       "image_files": [
#23 1.138         {
#23 1.138           "path": "/opt/c3-test-deps/pygments/lexers/webmisc.py",
#23 1.138           "sha256": "8ea4cb070fd2bb1a62ddd881b4c0833cbebf51fe60c699c6822dae3758567943"
#23 1.138         }
#23 1.138       ],
#23 1.138       "sha256": "8ea4cb070fd2bb1a62ddd881b4c0833cbebf51fe60c699c6822dae3758567943"
#23 1.138     },
#23 1.138     "test-deps/pygments/lexers/wgsl.py": {
#23 1.138       "image_files": [
#23 1.138         {
#23 1.138           "path": "/opt/c3-test-deps/pygments/lexers/wgsl.py",
#23 1.138           "sha256": "be00ed63fab8d93191bdcb324bbbe249a754f03dde1ef6ad7e808d36710fd331"
#23 1.138         }
#23 1.138       ],
#23 1.138       "sha256": "be00ed63fab8d93191bdcb324bbbe249a754f03dde1ef6ad7e808d36710fd331"
#23 1.138     },
#23 1.138     "test-deps/pygments/lexers/whiley.py": {
#23 1.138       "image_files": [
#23 1.138         {
#23 1.138           "path": "/opt/c3-test-deps/pygments/lexers/whiley.py",
#23 1.138           "sha256": "302d95ee8d6cecb2282f2d0593e8bc3b2981a0dd1da4ad813e322b750c2c9d59"
#23 1.138         }
#23 1.138       ],
#23 1.138       "sha256": "302d95ee8d6cecb2282f2d0593e8bc3b2981a0dd1da4ad813e322b750c2c9d59"
#23 1.138     },
#23 1.138     "test-deps/pygments/lexers/wowtoc.py": {
#23 1.138       "image_files": [
#23 1.138         {
#23 1.138           "path": "/opt/c3-test-deps/pygments/lexers/wowtoc.py",
#23 1.138           "sha256": "5e72d2497ee9fd1930648ce59985cef3bddde1bc97f7e03775fbf334be44a1cc"
#23 1.138         }
#23 1.138       ],
#23 1.138       "sha256": "5e72d2497ee9fd1930648ce59985cef3bddde1bc97f7e03775fbf334be44a1cc"
#23 1.138     },
#23 1.138     "test-deps/pygments/lexers/wren.py": {
#23 1.138       "image_files": [
#23 1.138         {
#23 1.138           "path": "/opt/c3-test-deps/pygments/lexers/wren.py",
#23 1.138           "sha256": "da5873c294b6ef15ba9c4458fcd78e0e034df57ea607bbe5de875748f9e0a98f"
#23 1.138         }
#23 1.138       ],
#23 1.138       "sha256": "da5873c294b6ef15ba9c4458fcd78e0e034df57ea607bbe5de875748f9e0a98f"
#23 1.138     },
#23 1.138     "test-deps/pygments/lexers/x10.py": {
#23 1.138       "image_files": [
#23 1.138         {
#23 1.138           "path": "/opt/c3-test-deps/pygments/lexers/x10.py",
#23 1.138           "sha256": "d19d2184f6e849f21513d3538bf8135e023fb91ad2f00463d2f9bb27065a833f"
#23 1.138         }
#23 1.138       ],
#23 1.138       "sha256": "d19d2184f6e849f21513d3538bf8135e023fb91ad2f00463d2f9bb27065a833f"
#23 1.138     },
#23 1.138     "test-deps/pygments/lexers/xorg.py": {
#23 1.138       "image_files": [
#23 1.138         {
#23 1.138           "path": "/opt/c3-test-deps/pygments/lexers/xorg.py",
#23 1.138           "sha256": "2d4294f75b753a97375bf17ae141b3c749c1f87a8a94ddc29ffead173b79218c"
#23 1.138         }
#23 1.138       ],
#23 1.138       "sha256": "2d4294f75b753a97375bf17ae141b3c749c1f87a8a94ddc29ffead173b79218c"
#23 1.138     },
#23 1.138     "test-deps/pygments/lexers/yang.py": {
#23 1.138       "image_files": [
#23 1.138         {
#23 1.138           "path": "/opt/c3-test-deps/pygments/lexers/yang.py",
#23 1.138           "sha256": "c88bf0b5e1d60562f6fbccd9b1c9c23c93a7ab7acc39787997126e8f2c00fd9a"
#23 1.138         }
#23 1.138       ],
#23 1.138       "sha256": "c88bf0b5e1d60562f6fbccd9b1c9c23c93a7ab7acc39787997126e8f2c00fd9a"
#23 1.138     },
#23 1.138     "test-deps/pygments/lexers/yara.py": {
#23 1.138       "image_files": [
#23 1.138         {
#23 1.138           "path": "/opt/c3-test-deps/pygments/lexers/yara.py",
#23 1.138           "sha256": "fc84b3864a3bbfd02127ed5c5883594b21b79b2daf24ec85487c528e6e157536"
#23 1.138         }
#23 1.138       ],
#23 1.138       "sha256": "fc84b3864a3bbfd02127ed5c5883594b21b79b2daf24ec85487c528e6e157536"
#23 1.138     },
#23 1.138     "test-deps/pygments/lexers/zig.py": {
#23 1.138       "image_files": [
#23 1.138         {
#23 1.138           "path": "/opt/c3-test-deps/pygments/lexers/zig.py",
#23 1.138           "sha256": "09fdbc70fd28accf3dc5cdd0a4955c84842fd36a6bd23b2724b473aa2bd200bd"
#23 1.138         }
#23 1.138       ],
#23 1.138       "sha256": "09fdbc70fd28accf3dc5cdd0a4955c84842fd36a6bd23b2724b473aa2bd200bd"
#23 1.138     },
#23 1.138     "test-deps/pygments/modeline.py": {
#23 1.138       "image_files": [
#23 1.138         {
#23 1.138           "path": "/opt/c3-test-deps/pygments/modeline.py",
#23 1.138           "sha256": "99ef20e6bc9289dbcfb4c04eac3cb63b5b0ca99774da5047318e4a0d979f530b"
#23 1.138         }
#23 1.138       ],
#23 1.138       "sha256": "99ef20e6bc9289dbcfb4c04eac3cb63b5b0ca99774da5047318e4a0d979f530b"
#23 1.138     },
#23 1.138     "test-deps/pygments/plugin.py": {
#23 1.138       "image_files": [
#23 1.138         {
#23 1.138           "path": "/opt/c3-test-deps/pygments/plugin.py",
#23 1.138           "sha256": "f4d2931f3bbd495ee17d8dfe4d50b863bc10c7cdc2f22e4b82cdfe0014c131b4"
#23 1.138         }
#23 1.138       ],
#23 1.138       "sha256": "f4d2931f3bbd495ee17d8dfe4d50b863bc10c7cdc2f22e4b82cdfe0014c131b4"
#23 1.138     },
#23 1.138     "test-deps/pygments/regexopt.py": {
#23 1.138       "image_files": [
#23 1.138         {
#23 1.138           "path": "/opt/c3-test-deps/pygments/regexopt.py",
#23 1.138           "sha256": "2a8f57b570e22c429ead6683e78f7692b08159da6666982f924994fce911992a"
#23 1.138         }
#23 1.138       ],
#23 1.138       "sha256": "2a8f57b570e22c429ead6683e78f7692b08159da6666982f924994fce911992a"
#23 1.138     },
#23 1.138     "test-deps/pygments/scanner.py": {
#23 1.138       "image_files": [
#23 1.138         {
#23 1.138           "path": "/opt/c3-test-deps/pygments/scanner.py",
#23 1.138           "sha256": "0eda0b8b5a4e2a936efba8e26a42694902d48bf7a9dbd490421bfba00c1858c1"
#23 1.138         }
#23 1.138       ],
#23 1.138       "sha256": "0eda0b8b5a4e2a936efba8e26a42694902d48bf7a9dbd490421bfba00c1858c1"
#23 1.138     },
#23 1.138     "test-deps/pygments/sphinxext.py": {
#23 1.138       "image_files": [
#23 1.138         {
#23 1.138           "path": "/opt/c3-test-deps/pygments/sphinxext.py",
#23 1.138           "sha256": "aa6896bf96fbaaae9b3544f6636c197a3576226426bedcc624583a2dc184365d"
#23 1.138         }
#23 1.138       ],
#23 1.138       "sha256": "aa6896bf96fbaaae9b3544f6636c197a3576226426bedcc624583a2dc184365d"
#23 1.138     },
#23 1.138     "test-deps/pygments/style.py": {
#23 1.138       "image_files": [
#23 1.138         {
#23 1.138           "path": "/opt/c3-test-deps/pygments/style.py",
#23 1.138           "sha256": "29829f6bf5cf41338fc69853b91ad3f541a76e3e3afc6b6b1324119467baab57"
#23 1.138         }
#23 1.138       ],
#23 1.138       "sha256": "29829f6bf5cf41338fc69853b91ad3f541a76e3e3afc6b6b1324119467baab57"
#23 1.138     },
#23 1.138     "test-deps/pygments/styles/__init__.py": {
#23 1.138       "image_files": [
#23 1.138         {
#23 1.138           "path": "/opt/c3-test-deps/pygments/styles/__init__.py",
#23 1.138           "sha256": "daf8062a76f2b749dffc248312d3211f1a693d200faf68da7f39791625c5b86b"
#23 1.138         }
#23 1.138       ],
#23 1.138       "sha256": "daf8062a76f2b749dffc248312d3211f1a693d200faf68da7f39791625c5b86b"
#23 1.138     },
#23 1.138     "test-deps/pygments/styles/_mapping.py": {
#23 1.138       "image_files": [
#23 1.138         {
#23 1.138           "path": "/opt/c3-test-deps/pygments/styles/_mapping.py",
#23 1.138           "sha256": "300df2a81cbee4921cf706b0c4ff32ff4198bfb216451e8e2e8fadd285061134"
#23 1.138         }
#23 1.138       ],
#23 1.138       "sha256": "300df2a81cbee4921cf706b0c4ff32ff4198bfb216451e8e2e8fadd285061134"
#23 1.138     },
#23 1.138     "test-deps/pygments/styles/abap.py": {
#23 1.138       "image_files": [
#23 1.138         {
#23 1.138           "path": "/opt/c3-test-deps/pygments/styles/abap.py",
#23 1.138           "sha256": "4fb01dd76d4a8f3f196eea61ca1ba550bc17caf5ee6d24ba0b3734303385889f"
#23 1.138         }
#23 1.138       ],
#23 1.138       "sha256": "4fb01dd76d4a8f3f196eea61ca1ba550bc17caf5ee6d24ba0b3734303385889f"
#23 1.138     },
#23 1.138     "test-deps/pygments/styles/algol.py": {
#23 1.138       "image_files": [
#23 1.138         {
#23 1.138           "path": "/opt/c3-test-deps/pygments/styles/algol.py",
#23 1.138           "sha256": "eafe995cbc4f26c9bfd6a3ea3aee62840b9685593ae3835d3d73dc66a88e4d32"
#23 1.138         }
#23 1.138       ],
#23 1.138       "sha256": "eafe995cbc4f26c9bfd6a3ea3aee62840b9685593ae3835d3d73dc66a88e4d32"
#23 1.138     },
#23 1.138     "test-deps/pygments/styles/algol_nu.py": {
#23 1.138       "image_files": [
#23 1.138         {
#23 1.138           "path": "/opt/c3-test-deps/pygments/styles/algol_nu.py",
#23 1.138           "sha256": "e7cd4b7f975bdf4de0ef30dbef3f9596f1a514da5b5cc225027ad1071b631adb"
#23 1.138         }
#23 1.138       ],
#23 1.138       "sha256": "e7cd4b7f975bdf4de0ef30dbef3f9596f1a514da5b5cc225027ad1071b631adb"
#23 1.138     },
#23 1.138     "test-deps/pygments/styles/arduino.py": {
#23 1.138       "image_files": [
#23 1.138         {
#23 1.138           "path": "/opt/c3-test-deps/pygments/styles/arduino.py",
#23 1.138           "sha256": "a051798237db40d06280ac45842ee08942075a5d22782b2186c9bd531088cea8"
#23 1.138         }
#23 1.138       ],
#23 1.138       "sha256": "a051798237db40d06280ac45842ee08942075a5d22782b2186c9bd531088cea8"
#23 1.138     },
#23 1.138     "test-deps/pygments/styles/autumn.py": {
#23 1.138       "image_files": [
#23 1.138         {
#23 1.138           "path": "/opt/c3-test-deps/pygments/styles/autumn.py",
#23 1.138           "sha256": "3fd217e6eb630ef74981ebccd24346c04fb0bd5cac461d6580c9233b57610c31"
#23 1.138         }
#23 1.138       ],
#23 1.138       "sha256": "3fd217e6eb630ef74981ebccd24346c04fb0bd5cac461d6580c9233b57610c31"
#23 1.138     },
#23 1.138     "test-deps/pygments/styles/borland.py": {
#23 1.138       "image_files": [
#23 1.138         {
#23 1.138           "path": "/opt/c3-test-deps/pygments/styles/borland.py",
#23 1.138           "sha256": "57ca930fc4ab4b4c0ba21a76b9d222ae58a36c77cfa08956664629ab149d912c"
#23 1.138         }
#23 1.138       ],
#23 1.138       "sha256": "57ca930fc4ab4b4c0ba21a76b9d222ae58a36c77cfa08956664629ab149d912c"
#23 1.138     },
#23 1.138     "test-deps/pygments/styles/bw.py": {
#23 1.138       "image_files": [
#23 1.138         {
#23 1.138           "path": "/opt/c3-test-deps/pygments/styles/bw.py",
#23 1.138           "sha256": "7b8168e8ac9ac7669186a2ac8ecaaf8b6096ea5914f509e32a83eb1126408fe2"
#23 1.138         }
#23 1.138       ],
#23 1.138       "sha256": "7b8168e8ac9ac7669186a2ac8ecaaf8b6096ea5914f509e32a83eb1126408fe2"
#23 1.138     },
#23 1.138     "test-deps/pygments/styles/coffee.py": {
#23 1.138       "image_files": [
#23 1.138         {
#23 1.138           "path": "/opt/c3-test-deps/pygments/styles/coffee.py",
#23 1.138           "sha256": "d23c5d72d08429b47502acc0e7d7c540ae2c541744aeb464182527e9f3c5e2c8"
#23 1.138         }
#23 1.138       ],
#23 1.138       "sha256": "d23c5d72d08429b47502acc0e7d7c540ae2c541744aeb464182527e9f3c5e2c8"
#23 1.138     },
#23 1.138     "test-deps/pygments/styles/colorful.py": {
#23 1.138       "image_files": [
#23 1.138         {
#23 1.138           "path": "/opt/c3-test-deps/pygments/styles/colorful.py",
#23 1.138           "sha256": "a2991f39c8c54ed0e7f45b72ea880cee8905301e9b034891d15b537413c4f4d1"
#23 1.138         }
#23 1.138       ],
#23 1.138       "sha256": "a2991f39c8c54ed0e7f45b72ea880cee8905301e9b034891d15b537413c4f4d1"
#23 1.138     },
#23 1.138     "test-deps/pygments/styles/default.py": {
#23 1.138       "image_files": [
#23 1.138         {
#23 1.138           "path": "/opt/c3-test-deps/pygments/styles/default.py",
#23 1.138           "sha256": "5852c3b9c2894bf69ce49aaeb668256f3e084dce234d34043a7a8b20ca52b6d0"
#23 1.138         }
#23 1.138       ],
#23 1.138       "sha256": "5852c3b9c2894bf69ce49aaeb668256f3e084dce234d34043a7a8b20ca52b6d0"
#23 1.138     },
#23 1.138     "test-deps/pygments/styles/dracula.py": {
#23 1.138       "image_files": [
#23 1.138         {
#23 1.138           "path": "/opt/c3-test-deps/pygments/styles/dracula.py",
#23 1.138           "sha256": "1fe10cd5633723177638163d6f3a0e6ca978233766862adf0d515b27d5ac8b44"
#23 1.138         }
#23 1.138       ],
#23 1.138       "sha256": "1fe10cd5633723177638163d6f3a0e6ca978233766862adf0d515b27d5ac8b44"
#23 1.138     },
#23 1.138     "test-deps/pygments/styles/emacs.py": {
#23 1.138       "image_files": [
#23 1.138         {
#23 1.138           "path": "/opt/c3-test-deps/pygments/styles/emacs.py",
#23 1.138           "sha256": "8846163e042b0d093845d0dff3e83b8f89ada05473a36c5c2af644d72b3d9895"
#23 1.138         }
#23 1.138       ],
#23 1.138       "sha256": "8846163e042b0d093845d0dff3e83b8f89ada05473a36c5c2af644d72b3d9895"
#23 1.138     },
#23 1.138     "test-deps/pygments/styles/friendly.py": {
#23 1.138       "image_files": [
#23 1.138         {
#23 1.138           "path": "/opt/c3-test-deps/pygments/styles/friendly.py",
#23 1.138           "sha256": "4b8dd731ccd6e77b4a7ed99aac42f8fa74eba0f55d37a93c7db36b20dcd1fd05"
#23 1.138         }
#23 1.138       ],
#23 1.138       "sha256": "4b8dd731ccd6e77b4a7ed99aac42f8fa74eba0f55d37a93c7db36b20dcd1fd05"
#23 1.138     },
#23 1.138     "test-deps/pygments/styles/friendly_grayscale.py": {
#23 1.138       "image_files": [
#23 1.138         {
#23 1.138           "path": "/opt/c3-test-deps/pygments/styles/friendly_grayscale.py",
#23 1.138           "sha256": "7a5d84f34e03124299e80a57b77379153987024221aa4263fa89a113513c99d1"
#23 1.138         }
#23 1.138       ],
#23 1.138       "sha256": "7a5d84f34e03124299e80a57b77379153987024221aa4263fa89a113513c99d1"
#23 1.138     },
#23 1.138     "test-deps/pygments/styles/fruity.py": {
#23 1.138       "image_files": [
#23 1.138         {
#23 1.138           "path": "/opt/c3-test-deps/pygments/styles/fruity.py",
#23 1.138           "sha256": "9ab3438b1a77f502288ad441a3ec8c3abf2d9d82c0c06774108330d80e8677c8"
#23 1.138         }
#23 1.138       ],
#23 1.138       "sha256": "9ab3438b1a77f502288ad441a3ec8c3abf2d9d82c0c06774108330d80e8677c8"
#23 1.138     },
#23 1.138     "test-deps/pygments/styles/gh_dark.py": {
#23 1.138       "image_files": [
#23 1.138         {
#23 1.138           "path": "/opt/c3-test-deps/pygments/styles/gh_dark.py",
#23 1.138           "sha256": "c9be04381018b10f60e481843aac99e4b288f8c51bc33df697d581e4470c2da0"
#23 1.138         }
#23 1.138       ],
#23 1.138       "sha256": "c9be04381018b10f60e481843aac99e4b288f8c51bc33df697d581e4470c2da0"
#23 1.138     },
#23 1.138     "test-deps/pygments/styles/gruvbox.py": {
#23 1.138       "image_files": [
#23 1.138         {
#23 1.138           "path": "/opt/c3-test-deps/pygments/styles/gruvbox.py",
#23 1.138           "sha256": "fd066d46af72d6cdcd6000c7a9e93e0d710b42ab9e3a75435ef589ff56931a0a"
#23 1.138         }
#23 1.138       ],
#23 1.138       "sha256": "fd066d46af72d6cdcd6000c7a9e93e0d710b42ab9e3a75435ef589ff56931a0a"
#23 1.138     },
#23 1.138     "test-deps/pygments/styles/igor.py": {
#23 1.138       "image_files": [
#23 1.138         {
#23 1.138           "path": "/opt/c3-test-deps/pygments/styles/igor.py",
#23 1.138           "sha256": "40efcce7e675c48c559eeb045382d9af8553fbe9d311156df9ca5f6e73afe329"
#23 1.138         }
#23 1.138       ],
#23 1.138       "sha256": "40efcce7e675c48c559eeb045382d9af8553fbe9d311156df9ca5f6e73afe329"
#23 1.138     },
#23 1.138     "test-deps/pygments/styles/inkpot.py": {
#23 1.138       "image_files": [
#23 1.138         {
#23 1.138           "path": "/opt/c3-test-deps/pygments/styles/inkpot.py",
#23 1.138           "sha256": "6c9bcd5a292a9c058b8f1d801f8b7fb56e234744ecad4c951571553c07ce8243"
#23 1.138         }
#23 1.138       ],
#23 1.138       "sha256": "6c9bcd5a292a9c058b8f1d801f8b7fb56e234744ecad4c951571553c07ce8243"
#23 1.138     },
#23 1.138     "test-deps/pygments/styles/lightbulb.py": {
#23 1.138       "image_files": [
#23 1.138         {
#23 1.138           "path": "/opt/c3-test-deps/pygments/styles/lightbulb.py",
#23 1.138           "sha256": "0a70efd661755f99359ac56f452fdd891e2d929d3a13f8e0d2d2bd71d1c41424"
#23 1.138         }
#23 1.138       ],
#23 1.138       "sha256": "0a70efd661755f99359ac56f452fdd891e2d929d3a13f8e0d2d2bd71d1c41424"
#23 1.138     },
#23 1.138     "test-deps/pygments/styles/lilypond.py": {
#23 1.138       "image_files": [
#23 1.138         {
#23 1.138           "path": "/opt/c3-test-deps/pygments/styles/lilypond.py",
#23 1.138           "sha256": "8120a26b33cf59f47ff7e055e416077bafb6812a2be2f3879f3de7c85408d900"
#23 1.138         }
#23 1.138       ],
#23 1.138       "sha256": "8120a26b33cf59f47ff7e055e416077bafb6812a2be2f3879f3de7c85408d900"
#23 1.138     },
#23 1.138     "test-deps/pygments/styles/lovelace.py": {
#23 1.138       "image_files": [
#23 1.138         {
#23 1.138           "path": "/opt/c3-test-deps/pygments/styles/lovelace.py",
#23 1.138           "sha256": "bd9f92f6d4be4143b07c0d111d8061493444de1d5953e6d99ee316eceea4b32c"
#23 1.138         }
#23 1.138       ],
#23 1.138       "sha256": "bd9f92f6d4be4143b07c0d111d8061493444de1d5953e6d99ee316eceea4b32c"
#23 1.138     },
#23 1.138     "test-deps/pygments/styles/manni.py": {
#23 1.138       "image_files": [
#23 1.138         {
#23 1.138           "path": "/opt/c3-test-deps/pygments/styles/manni.py",
#23 1.138           "sha256": "769b090b565e7acd1ef487168aba96b92cd0c700f48c86e3845aae336ddd9963"
#23 1.138         }
#23 1.138       ],
#23 1.138       "sha256": "769b090b565e7acd1ef487168aba96b92cd0c700f48c86e3845aae336ddd9963"
#23 1.138     },
#23 1.138     "test-deps/pygments/styles/material.py": {
#23 1.138       "image_files": [
#23 1.138         {
#23 1.138           "path": "/opt/c3-test-deps/pygments/styles/material.py",
#23 1.138           "sha256": "7b2c80689829d459e3978fbf0f7f7f975c07e425b85b455649c4374348ed0205"
#23 1.138         }
#23 1.138       ],
#23 1.138       "sha256": "7b2c80689829d459e3978fbf0f7f7f975c07e425b85b455649c4374348ed0205"
#23 1.138     },
#23 1.138     "test-deps/pygments/styles/monokai.py": {
#23 1.138       "image_files": [
#23 1.138         {
#23 1.138           "path": "/opt/c3-test-deps/pygments/styles/monokai.py",
#23 1.138           "sha256": "cf857bb506a1886a015ee7cf397600c0ce0e52c4c01d4b2da5ec4401c3c022c2"
#23 1.138         }
#23 1.138       ],
#23 1.138       "sha256": "cf857bb506a1886a015ee7cf397600c0ce0e52c4c01d4b2da5ec4401c3c022c2"
#23 1.138     },
#23 1.138     "test-deps/pygments/styles/murphy.py": {
#23 1.138       "image_files": [
#23 1.138         {
#23 1.138           "path": "/opt/c3-test-deps/pygments/styles/murphy.py",
#23 1.138           "sha256": "1ec3ddf349ce6dbdcebf7fbbc8941b9c9af7cfd982cb3df43e39ff9e45a4318a"
#23 1.138         }
#23 1.138       ],
#23 1.138       "sha256": "1ec3ddf349ce6dbdcebf7fbbc8941b9c9af7cfd982cb3df43e39ff9e45a4318a"
#23 1.138     },
#23 1.138     "test-deps/pygments/styles/native.py": {
#23 1.138       "image_files": [
#23 1.138         {
#23 1.138           "path": "/opt/c3-test-deps/pygments/styles/native.py",
#23 1.138           "sha256": "a1acc42546ee687aaa399479bf1fa32214cf230edd0ba4199cac56fb12ebedfb"
#23 1.138         }
#23 1.138       ],
#23 1.138       "sha256": "a1acc42546ee687aaa399479bf1fa32214cf230edd0ba4199cac56fb12ebedfb"
#23 1.138     },
#23 1.138     "test-deps/pygments/styles/night_owl.py": {
#23 1.138       "image_files": [
#23 1.138         {
#23 1.138           "path": "/opt/c3-test-deps/pygments/styles/night_owl.py",
#23 1.138           "sha256": "6c2e010e16c6ad15df601d83dbefbc9fd906f3144f491b1d75bdbcf6377a4f7d"
#23 1.138         }
#23 1.138       ],
#23 1.138       "sha256": "6c2e010e16c6ad15df601d83dbefbc9fd906f3144f491b1d75bdbcf6377a4f7d"
#23 1.138     },
#23 1.138     "test-deps/pygments/styles/nord.py": {
#23 1.138       "image_files": [
#23 1.138         {
#23 1.138           "path": "/opt/c3-test-deps/pygments/styles/nord.py",
#23 1.138           "sha256": "b7b7d98f4e0b520b0b687a62a3ae85a8e18c29bedad950b7b5e5259889cf7d18"
#23 1.138         }
#23 1.138       ],
#23 1.138       "sha256": "b7b7d98f4e0b520b0b687a62a3ae85a8e18c29bedad950b7b5e5259889cf7d18"
#23 1.138     },
#23 1.138     "test-deps/pygments/styles/onedark.py": {
#23 1.138       "image_files": [
#23 1.138         {
#23 1.138           "path": "/opt/c3-test-deps/pygments/styles/onedark.py",
#23 1.138           "sha256": "517acccd5bc0f4e54fece84243980bd02699ae4e63a3f23ce07266ecb10de464"
#23 1.138         }
#23 1.138       ],
#23 1.138       "sha256": "517acccd5bc0f4e54fece84243980bd02699ae4e63a3f23ce07266ecb10de464"
#23 1.138     },
#23 1.138     "test-deps/pygments/styles/paraiso_dark.py": {
#23 1.138       "image_files": [
#23 1.138         {
#23 1.138           "path": "/opt/c3-test-deps/pygments/styles/paraiso_dark.py",
#23 1.138           "sha256": "af1e7f8f8827651cb68fede10211665a99e39ddf957f3dd9edf7301174541a6d"
#23 1.138         }
#23 1.138       ],
#23 1.138       "sha256": "af1e7f8f8827651cb68fede10211665a99e39ddf957f3dd9edf7301174541a6d"
#23 1.138     },
#23 1.138     "test-deps/pygments/styles/paraiso_light.py": {
#23 1.138       "image_files": [
#23 1.138         {
#23 1.138           "path": "/opt/c3-test-deps/pygments/styles/paraiso_light.py",
#23 1.138           "sha256": "8844636d845e9aa82c8acbfff538da9c18a0e1b27ffbcd31473e41e69ba131cd"
#23 1.138         }
#23 1.138       ],
#23 1.138       "sha256": "8844636d845e9aa82c8acbfff538da9c18a0e1b27ffbcd31473e41e69ba131cd"
#23 1.138     },
#23 1.138     "test-deps/pygments/styles/pastie.py": {
#23 1.138       "image_files": [
#23 1.138         {
#23 1.138           "path": "/opt/c3-test-deps/pygments/styles/pastie.py",
#23 1.138           "sha256": "9a729e6c5889d9da3d03fc133eae2d2ad830f9342aa5bd253f790d6de990dada"
#23 1.138         }
#23 1.138       ],
#23 1.138       "sha256": "9a729e6c5889d9da3d03fc133eae2d2ad830f9342aa5bd253f790d6de990dada"
#23 1.138     },
#23 1.138     "test-deps/pygments/styles/perldoc.py": {
#23 1.138       "image_files": [
#23 1.138         {
#23 1.138           "path": "/opt/c3-test-deps/pygments/styles/perldoc.py",
#23 1.138           "sha256": "f9ed53e1004440d13f975ed1616f96068c0da6b836b8bfe11638520dc68c8833"
#23 1.138         }
#23 1.138       ],
#23 1.138       "sha256": "f9ed53e1004440d13f975ed1616f96068c0da6b836b8bfe11638520dc68c8833"
#23 1.138     },
#23 1.138     "test-deps/pygments/styles/rainbow_dash.py": {
#23 1.138       "image_files": [
#23 1.138         {
#23 1.138           "path": "/opt/c3-test-deps/pygments/styles/rainbow_dash.py",
#23 1.138           "sha256": "60fd873d55c92e63b2f18cfca7cbb919b900cae2b12e5366bba21364131ad4c7"
#23 1.138         }
#23 1.138       ],
#23 1.138       "sha256": "60fd873d55c92e63b2f18cfca7cbb919b900cae2b12e5366bba21364131ad4c7"
#23 1.138     },
#23 1.138     "test-deps/pygments/styles/rrt.py": {
#23 1.138       "image_files": [
#23 1.138         {
#23 1.138           "path": "/opt/c3-test-deps/pygments/styles/rrt.py",
#23 1.138           "sha256": "bece299d6c26308411d1e19cce9d3a0186b3b18891d0a15c462454cd27f7ad77"
#23 1.138         }
#23 1.138       ],
#23 1.138       "sha256": "bece299d6c26308411d1e19cce9d3a0186b3b18891d0a15c462454cd27f7ad77"
#23 1.138     },
#23 1.138     "test-deps/pygments/styles/sas.py": {
#23 1.138       "image_files": [
#23 1.138         {
#23 1.138           "path": "/opt/c3-test-deps/pygments/styles/sas.py",
#23 1.138           "sha256": "111f898d9814db01095a4e4ad3a8870053e35580f588c92f8e3134ae534eb766"
#23 1.138         }
#23 1.138       ],
#23 1.138       "sha256": "111f898d9814db01095a4e4ad3a8870053e35580f588c92f8e3134ae534eb766"
#23 1.138     },
#23 1.138     "test-deps/pygments/styles/solarized.py": {
#23 1.138       "image_files": [
#23 1.138         {
#23 1.138           "path": "/opt/c3-test-deps/pygments/styles/solarized.py",
#23 1.138           "sha256": "55db4b62143bc438ff8931cffc492beab01d31c1377d14ab8259e05526a5eb73"
#23 1.138         }
#23 1.138       ],
#23 1.138       "sha256": "55db4b62143bc438ff8931cffc492beab01d31c1377d14ab8259e05526a5eb73"
#23 1.138     },
#23 1.138     "test-deps/pygments/styles/staroffice.py": {
#23 1.138       "image_files": [
#23 1.138         {
#23 1.138           "path": "/opt/c3-test-deps/pygments/styles/staroffice.py",
#23 1.138           "sha256": "a5e13190806a3e4461a971695bdf67e3db7aa4cc1e848fe90d8554990c2481d0"
#23 1.138         }
#23 1.138       ],
#23 1.138       "sha256": "a5e13190806a3e4461a971695bdf67e3db7aa4cc1e848fe90d8554990c2481d0"
#23 1.138     },
#23 1.138     "test-deps/pygments/styles/stata_dark.py": {
#23 1.138       "image_files": [
#23 1.138         {
#23 1.138           "path": "/opt/c3-test-deps/pygments/styles/stata_dark.py",
#23 1.138           "sha256": "37a8a65b292a1e84f976b3a7fac551533b7501930a1b71c753e43b2cacf6779d"
#23 1.138         }
#23 1.138       ],
#23 1.138       "sha256": "37a8a65b292a1e84f976b3a7fac551533b7501930a1b71c753e43b2cacf6779d"
#23 1.138     },
#23 1.138     "test-deps/pygments/styles/stata_light.py": {
#23 1.138       "image_files": [
#23 1.138         {
#23 1.138           "path": "/opt/c3-test-deps/pygments/styles/stata_light.py",
#23 1.138           "sha256": "616ee2878b5e5e812e50722638adab192095c5f9e3e37b6570a3d752cac39118"
#23 1.138         }
#23 1.138       ],
#23 1.138       "sha256": "616ee2878b5e5e812e50722638adab192095c5f9e3e37b6570a3d752cac39118"
#23 1.138     },
#23 1.138     "test-deps/pygments/styles/tango.py": {
#23 1.138       "image_files": [
#23 1.138         {
#23 1.138           "path": "/opt/c3-test-deps/pygments/styles/tango.py",
#23 1.138           "sha256": "01fd16553c691ff714747affb9aebd2438a34cb239686d519814c5ee8d8a4e09"
#23 1.138         }
#23 1.138       ],
#23 1.138       "sha256": "01fd16553c691ff714747affb9aebd2438a34cb239686d519814c5ee8d8a4e09"
#23 1.138     },
#23 1.138     "test-deps/pygments/styles/trac.py": {
#23 1.138       "image_files": [
#23 1.138         {
#23 1.138           "path": "/opt/c3-test-deps/pygments/styles/trac.py",
#23 1.138           "sha256": "fa1e6253e2e34a6b7e750ef2e635f02792d0f40051e500f94653d18e19f39aff"
#23 1.138         }
#23 1.138       ],
#23 1.138       "sha256": "fa1e6253e2e34a6b7e750ef2e635f02792d0f40051e500f94653d18e19f39aff"
#23 1.138     },
#23 1.138     "test-deps/pygments/styles/vim.py": {
#23 1.138       "image_files": [
#23 1.138         {
#23 1.138           "path": "/opt/c3-test-deps/pygments/styles/vim.py",
#23 1.138           "sha256": "756a82542d984f8e5d2d2a4c4f02c13e4298811b13d7e7057fb647a1cd8f4290"
#23 1.138         }
#23 1.138       ],
#23 1.138       "sha256": "756a82542d984f8e5d2d2a4c4f02c13e4298811b13d7e7057fb647a1cd8f4290"
#23 1.138     },
#23 1.138     "test-deps/pygments/styles/vs.py": {
#23 1.138       "image_files": [
#23 1.138         {
#23 1.138           "path": "/opt/c3-test-deps/pygments/styles/vs.py",
#23 1.138           "sha256": "ec725e861b621c4e6789b8c2debdd7f9a607066e4171c2f7dcb80eff86a71225"
#23 1.138         }
#23 1.138       ],
#23 1.138       "sha256": "ec725e861b621c4e6789b8c2debdd7f9a607066e4171c2f7dcb80eff86a71225"
#23 1.138     },
#23 1.138     "test-deps/pygments/styles/xcode.py": {
#23 1.138       "image_files": [
#23 1.138         {
#23 1.138           "path": "/opt/c3-test-deps/pygments/styles/xcode.py",
#23 1.138           "sha256": "1e607a68f931be6a38cdae438a384b6f90174b2bfa51b5a7c0e5284543416990"
#23 1.138         }
#23 1.138       ],
#23 1.138       "sha256": "1e607a68f931be6a38cdae438a384b6f90174b2bfa51b5a7c0e5284543416990"
#23 1.138     },
#23 1.138     "test-deps/pygments/styles/zenburn.py": {
#23 1.138       "image_files": [
#23 1.138         {
#23 1.138           "path": "/opt/c3-test-deps/pygments/styles/zenburn.py",
#23 1.138           "sha256": "031ee205b333bd540d4e94f761d33008490bfa72179e9afad1a56b4782e96baa"
#23 1.138         }
#23 1.138       ],
#23 1.138       "sha256": "031ee205b333bd540d4e94f761d33008490bfa72179e9afad1a56b4782e96baa"
#23 1.138     },
#23 1.138     "test-deps/pygments/token.py": {
#23 1.138       "image_files": [
#23 1.138         {
#23 1.138           "path": "/opt/c3-test-deps/pygments/token.py",
#23 1.138           "sha256": "0d58a5e53da5b479138104d4632d5d32d8328a08dabc2b35ca913841fd82ac6a"
#23 1.138         }
#23 1.138       ],
#23 1.138       "sha256": "0d58a5e53da5b479138104d4632d5d32d8328a08dabc2b35ca913841fd82ac6a"
#23 1.138     },
#23 1.138     "test-deps/pygments/unistring.py": {
#23 1.138       "image_files": [
#23 1.138         {
#23 1.138           "path": "/opt/c3-test-deps/pygments/unistring.py",
#23 1.138           "sha256": "678c381df395521b9e09445191f840a90d9bfbaf54ce4858e31b877af604cb98"
#23 1.138         }
#23 1.138       ],
#23 1.138       "sha256": "678c381df395521b9e09445191f840a90d9bfbaf54ce4858e31b877af604cb98"
#23 1.138     },
#23 1.138     "test-deps/pygments/util.py": {
#23 1.138       "image_files": [
#23 1.138         {
#23 1.138           "path": "/opt/c3-test-deps/pygments/util.py",
#23 1.138           "sha256": "37432e828279a6e031c557865aa1daa2b242f4770792f45489a8536dc592e3c5"
#23 1.138         }
#23 1.138       ],
#23 1.138       "sha256": "37432e828279a6e031c557865aa1daa2b242f4770792f45489a8536dc592e3c5"
#23 1.138     },
#23 1.138     "test-deps/pytest-9.1.1.dist-info/INSTALLER": {
#23 1.138       "image_files": [
#23 1.138         {
#23 1.138           "path": "/opt/c3-test-deps/pytest-9.1.1.dist-info/INSTALLER",
#23 1.138           "sha256": "e6184ce10e266134fdcfa401e8f1a95005bcd4f18d16b62b757323e2833fe9a9"
#23 1.138         }
#23 1.138       ],
#23 1.138       "sha256": "e6184ce10e266134fdcfa401e8f1a95005bcd4f18d16b62b757323e2833fe9a9"
#23 1.138     },
#23 1.138     "test-deps/pytest-9.1.1.dist-info/METADATA": {
#23 1.138       "image_files": [
#23 1.138         {
#23 1.138           "path": "/opt/c3-test-deps/pytest-9.1.1.dist-info/METADATA",
#23 1.138           "sha256": "c5d032518012789cabc870d46589aca3aeda36cf9fa4399ee88bda3d10438451"
#23 1.138         }
#23 1.138       ],
#23 1.138       "sha256": "c5d032518012789cabc870d46589aca3aeda36cf9fa4399ee88bda3d10438451"
#23 1.138     },
#23 1.138     "test-deps/pytest-9.1.1.dist-info/RECORD": {
#23 1.138       "image_files": [
#23 1.138         {
#23 1.138           "path": "/opt/c3-test-deps/pytest-9.1.1.dist-info/RECORD",
#23 1.138           "sha256": "e60400525ab4d5ecbf404337354e8cdcff8257272aa0d121ac362672597a0985"
#23 1.138         }
#23 1.138       ],
#23 1.138       "sha256": "e60400525ab4d5ecbf404337354e8cdcff8257272aa0d121ac362672597a0985"
#23 1.138     },
#23 1.138     "test-deps/pytest-9.1.1.dist-info/REQUESTED": {
#23 1.138       "image_files": [
#23 1.138         {
#23 1.138           "path": "/opt/c3-test-deps/pytest-9.1.1.dist-info/REQUESTED",
#23 1.138           "sha256": "e3b0c44298fc1c149afbf4c8996fb92427ae41e4649b934ca495991b7852b855"
#23 1.138         }
#23 1.138       ],
#23 1.138       "sha256": "e3b0c44298fc1c149afbf4c8996fb92427ae41e4649b934ca495991b7852b855"
#23 1.138     },
#23 1.138     "test-deps/pytest-9.1.1.dist-info/WHEEL": {
#23 1.138       "image_files": [
#23 1.138         {
#23 1.138           "path": "/opt/c3-test-deps/pytest-9.1.1.dist-info/WHEEL",
#23 1.138           "sha256": "69e6228a0d35958183cc1812f07c565ce837b95eb51bd8a33acba9fa4f68d6c9"
#23 1.138         }
#23 1.138       ],
#23 1.138       "sha256": "69e6228a0d35958183cc1812f07c565ce837b95eb51bd8a33acba9fa4f68d6c9"
#23 1.138     },
#23 1.138     "test-deps/pytest-9.1.1.dist-info/entry_points.txt": {
#23 1.138       "image_files": [
#23 1.138         {
#23 1.138           "path": "/opt/c3-test-deps/pytest-9.1.1.dist-info/entry_points.txt",
#23 1.138           "sha256": "b21b5de5a40ce6372eff650d87fe4ce166b662590a307535e179bfc6c8d2a4d6"
#23 1.138         }
#23 1.138       ],
#23 1.138       "sha256": "b21b5de5a40ce6372eff650d87fe4ce166b662590a307535e179bfc6c8d2a4d6"
#23 1.138     },
#23 1.138     "test-deps/pytest-9.1.1.dist-info/licenses/LICENSE": {
#23 1.138       "image_files": [
#23 1.138         {
#23 1.138           "path": "/opt/c3-test-deps/pytest-9.1.1.dist-info/licenses/LICENSE",
#23 1.138           "sha256": "ca836a5f9ecca3b2f350230faa20a48fb8b145653b5568d784862df864706b9b"
#23 1.138         }
#23 1.138       ],
#23 1.138       "sha256": "ca836a5f9ecca3b2f350230faa20a48fb8b145653b5568d784862df864706b9b"
#23 1.138     },
#23 1.138     "test-deps/pytest-9.1.1.dist-info/top_level.txt": {
#23 1.138       "image_files": [
#23 1.138         {
#23 1.138           "path": "/opt/c3-test-deps/pytest-9.1.1.dist-info/top_level.txt",
#23 1.138           "sha256": "cb2863be65c7efe24e6a84087663501cfba8042c4ec974b78c8b61b3fe82f00e"
#23 1.138         }
#23 1.138       ],
#23 1.138       "sha256": "cb2863be65c7efe24e6a84087663501cfba8042c4ec974b78c8b61b3fe82f00e"
#23 1.138     },
#23 1.138     "test-deps/pytest/__init__.py": {
#23 1.138       "image_files": [
#23 1.138         {
#23 1.138           "path": "/opt/c3-test-deps/pytest/__init__.py",
#23 1.138           "sha256": "ee37885c9583f843390684dfb496907f87a0905128e7a3cf4ad227f49ff34c2d"
#23 1.138         }
#23 1.138       ],
#23 1.138       "sha256": "ee37885c9583f843390684dfb496907f87a0905128e7a3cf4ad227f49ff34c2d"
#23 1.138     },
#23 1.138     "test-deps/pytest/__main__.py": {
#23 1.138       "image_files": [
#23 1.138         {
#23 1.138           "path": "/opt/c3-test-deps/pytest/__main__.py",
#23 1.138           "sha256": "37f8b6a3df1aef71336bce85e366db968ede153dd72ad4e60bebff79e279dc40"
#23 1.138         }
#23 1.138       ],
#23 1.138       "sha256": "37f8b6a3df1aef71336bce85e366db968ede153dd72ad4e60bebff79e279dc40"
#23 1.138     },
#23 1.138     "test-deps/pytest/py.typed": {
#23 1.138       "image_files": [
#23 1.138         {
#23 1.138           "path": "/opt/c3-test-deps/pytest/py.typed",
#23 1.138           "sha256": "e3b0c44298fc1c149afbf4c8996fb92427ae41e4649b934ca495991b7852b855"
#23 1.138         }
#23 1.138       ],
#23 1.138       "sha256": "e3b0c44298fc1c149afbf4c8996fb92427ae41e4649b934ca495991b7852b855"
#23 1.138     },
#23 1.138     "watt/README.md": {
#23 1.138       "image_files": [
#23 1.138         {
#23 1.138           "path": "/app/README.md",
#23 1.138           "sha256": "af2fd40147e0b91d6b3a667509e851b6cc3e6df65da49f3b7b0434890b0d036c"
#23 1.138         }
#23 1.138       ],
#23 1.138       "sha256": "af2fd40147e0b91d6b3a667509e851b6cc3e6df65da49f3b7b0434890b0d036c"
#23 1.138     },
#23 1.138     "watt/alembic.ini": {
#23 1.138       "image_files": [
#23 1.138         {
#23 1.138           "path": "/app/alembic.ini",
#23 1.138           "sha256": "fa730d8c271952601805e329260227f59ddd4b3466181c70f5a35638659a6773"
#23 1.138         },
#23 1.138         {
#23 1.138           "path": "/qualification/alembic.ini",
#23 1.138           "sha256": "fa730d8c271952601805e329260227f59ddd4b3466181c70f5a35638659a6773"
#23 1.138         }
#23 1.138       ],
#23 1.138       "sha256": "fa730d8c271952601805e329260227f59ddd4b3466181c70f5a35638659a6773"
#23 1.138     },
#23 1.138     "watt/docker/start_app.py": {
#23 1.138       "image_files": [
#23 1.138         {
#23 1.138           "path": "/app/docker/start_app.py",
#23 1.138           "sha256": "9f089c7d9999e8661912e0bbd76721f3889efa63ed38627f86a574cfdb3e07dc"
#23 1.138         }
#23 1.138       ],
#23 1.138       "sha256": "9f089c7d9999e8661912e0bbd76721f3889efa63ed38627f86a574cfdb3e07dc"
#23 1.138     },
#23 1.138     "watt/docker/start_delivery.py": {
#23 1.138       "image_files": [
#23 1.138         {
#23 1.138           "path": "/app/docker/start_delivery.py",
#23 1.138           "sha256": "c6ac23ccaf960423ed5227b9f49e97184e2e4ad72966d0ee5a82333c24d7f2f7"
#23 1.138         }
#23 1.138       ],
#23 1.138       "sha256": "c6ac23ccaf960423ed5227b9f49e97184e2e4ad72966d0ee5a82333c24d7f2f7"
#23 1.138     },
#23 1.138     "watt/docker/start_human_acceptance.py": {
#23 1.138       "image_files": [
#23 1.138         {
#23 1.138           "path": "/app/docker/start_human_acceptance.py",
#23 1.138           "sha256": "65d50f0e4a89948a31255df493f87d5e898f7bf7baf6a930ed4c17692918be62"
#23 1.138         }
#23 1.138       ],
#23 1.138       "sha256": "65d50f0e4a89948a31255df493f87d5e898f7bf7baf6a930ed4c17692918be62"
#23 1.138     },
#23 1.138     "watt/docker/start_uncommitted_qualification.py": {
#23 1.138       "image_files": [
#23 1.138         {
#23 1.138           "path": "/app/docker/start_uncommitted_qualification.py",
#23 1.138           "sha256": "977cbdf858a53a3ae26896c1a283b83610dfd03ffd795662fedd114964a04fd8"
#23 1.138         }
#23 1.138       ],
#23 1.138       "sha256": "977cbdf858a53a3ae26896c1a283b83610dfd03ffd795662fedd114964a04fd8"
#23 1.138     },
#23 1.138     "watt/docs/evidence/core-production-semantic-convergence-c3-20261009/Dockerfile.c3": {
#23 1.138       "image_files": [
#23 1.138         {
#23 1.138           "path": "/opt/c3-build/Dockerfile.c3",
#23 1.138           "sha256": "8f93fbbaf6a1c18d31bf00f4e6d9ddc51e721a690a960a85d9dbe0baa85af1ed"
#23 1.138         }
#23 1.138       ],
#23 1.138       "sha256": "8f93fbbaf6a1c18d31bf00f4e6d9ddc51e721a690a960a85d9dbe0baa85af1ed"
#23 1.138     },
#23 1.138     "watt/docs/evidence/core-production-semantic-convergence-c3-20261009/attest_c3_image.py": {
#23 1.138       "image_files": [
#23 1.138         {
#23 1.138           "path": "/opt/c3-build/attest_c3_image.py",
#23 1.138           "sha256": "0f0d0f4dda65739278642b0179f2b3e46d10cfe5ce523ff3e991e51e1d48d3bc"
#23 1.138         }
#23 1.138       ],
#23 1.138       "sha256": "0f0d0f4dda65739278642b0179f2b3e46d10cfe5ce523ff3e991e51e1d48d3bc"
#23 1.138     },
#23 1.138     "watt/migrations/env.py": {
#23 1.138       "image_files": [
#23 1.138         {
#23 1.138           "path": "/app/migrations/env.py",
#23 1.138           "sha256": "57b4410a9381f95771d6cc8df46cbbcadd25a67e2e51589c1f91f3cee66b29cd"
#23 1.138         },
#23 1.138         {
#23 1.138           "path": "/qualification/migrations/env.py",
#23 1.138           "sha256": "57b4410a9381f95771d6cc8df46cbbcadd25a67e2e51589c1f91f3cee66b29cd"
#23 1.138         }
#23 1.138       ],
#23 1.138       "sha256": "57b4410a9381f95771d6cc8df46cbbcadd25a67e2e51589c1f91f3cee66b29cd"
#23 1.138     },
#23 1.138     "watt/migrations/script.py.mako": {
#23 1.138       "image_files": [
#23 1.138         {
#23 1.138           "path": "/app/migrations/script.py.mako",
#23 1.138           "sha256": "ba48dcdfd7485868610dfd5e195ef2d7e4e7ada32b4b6034e0d33ca4637b22f5"
#23 1.138         },
#23 1.138         {
#23 1.138           "path": "/qualification/migrations/script.py.mako",
#23 1.138           "sha256": "ba48dcdfd7485868610dfd5e195ef2d7e4e7ada32b4b6034e0d33ca4637b22f5"
#23 1.138         }
#23 1.138       ],
#23 1.138       "sha256": "ba48dcdfd7485868610dfd5e195ef2d7e4e7ada32b4b6034e0d33ca4637b22f5"
#23 1.138     },
#23 1.138     "watt/migrations/versions/.gitkeep": {
#23 1.138       "image_files": [
#23 1.138         {
#23 1.138           "path": "/app/migrations/versions/.gitkeep",
#23 1.138           "sha256": "7eb70257593da06f682a3ddda54a9d260d4fc514f645237f5ca74b08f8da61a6"
#23 1.138         },
#23 1.138         {
#23 1.138           "path": "/qualification/migrations/versions/.gitkeep",
#23 1.138           "sha256": "7eb70257593da06f682a3ddda54a9d260d4fc514f645237f5ca74b08f8da61a6"
#23 1.138         }
#23 1.138       ],
#23 1.138       "sha256": "7eb70257593da06f682a3ddda54a9d260d4fc514f645237f5ca74b08f8da61a6"
#23 1.138     },
#23 1.138     "watt/migrations/versions/20260827_01_s1c_runtime_spine.py": {
#23 1.138       "image_files": [
#23 1.138         {
#23 1.138           "path": "/app/migrations/versions/20260827_01_s1c_runtime_spine.py",
#23 1.138           "sha256": "37efe9d96fe8c806fbcb8eab7d77250e8651c8ce547a7460db70121458f47dc0"
#23 1.138         },
#23 1.138         {
#23 1.138           "path": "/qualification/migrations/versions/20260827_01_s1c_runtime_spine.py",
#23 1.138           "sha256": "37efe9d96fe8c806fbcb8eab7d77250e8651c8ce547a7460db70121458f47dc0"
#23 1.138         }
#23 1.138       ],
#23 1.138       "sha256": "37efe9d96fe8c806fbcb8eab7d77250e8651c8ce547a7460db70121458f47dc0"
#23 1.138     },
#23 1.138     "watt/migrations/versions/20260828_02_s2a_preparation.py": {
#23 1.138       "image_files": [
#23 1.138         {
#23 1.138           "path": "/app/migrations/versions/20260828_02_s2a_preparation.py",
#23 1.138           "sha256": "1b7492f546464380fb8432ef6d03f0eb8ee270086b35ac97ee24e3b6618fb300"
#23 1.138         },
#23 1.138         {
#23 1.138           "path": "/qualification/migrations/versions/20260828_02_s2a_preparation.py",
#23 1.138           "sha256": "1b7492f546464380fb8432ef6d03f0eb8ee270086b35ac97ee24e3b6618fb300"
#23 1.138         }
#23 1.138       ],
#23 1.138       "sha256": "1b7492f546464380fb8432ef6d03f0eb8ee270086b35ac97ee24e3b6618fb300"
#23 1.138     },
#23 1.138     "watt/migrations/versions/20260828_03_s2b_execution_observation.py": {
#23 1.138       "image_files": [
#23 1.138         {
#23 1.138           "path": "/app/migrations/versions/20260828_03_s2b_execution_observation.py",
#23 1.138           "sha256": "ca62478a2a65990271b4afbc545ec3c8d7356315c9195ca5532388cc23d34b15"
#23 1.138         },
#23 1.138         {
#23 1.138           "path": "/qualification/migrations/versions/20260828_03_s2b_execution_observation.py",
#23 1.138           "sha256": "ca62478a2a65990271b4afbc545ec3c8d7356315c9195ca5532388cc23d34b15"
#23 1.138         }
#23 1.138       ],
#23 1.138       "sha256": "ca62478a2a65990271b4afbc545ec3c8d7356315c9195ca5532388cc23d34b15"
#23 1.138     },
#23 1.138     "watt/migrations/versions/20260828_04_s3a_completion_evaluation.py": {
#23 1.138       "image_files": [
#23 1.138         {
#23 1.138           "path": "/app/migrations/versions/20260828_04_s3a_completion_evaluation.py",
#23 1.138           "sha256": "efea030bce6be6c6419b93dfe7a337fda15bbd2478d963d2aa7e7aa22c9eda2c"
#23 1.138         },
#23 1.138         {
#23 1.138           "path": "/qualification/migrations/versions/20260828_04_s3a_completion_evaluation.py",
#23 1.138           "sha256": "efea030bce6be6c6419b93dfe7a337fda15bbd2478d963d2aa7e7aa22c9eda2c"
#23 1.138         }
#23 1.138       ],
#23 1.138       "sha256": "efea030bce6be6c6419b93dfe7a337fda15bbd2478d963d2aa7e7aa22c9eda2c"
#23 1.138     },
#23 1.138     "watt/migrations/versions/20260828_05_s3b_verification_satisfaction.py": {
#23 1.138       "image_files": [
#23 1.138         {
#23 1.138           "path": "/app/migrations/versions/20260828_05_s3b_verification_satisfaction.py",
#23 1.138           "sha256": "d8dfac9d9bdd4c8e49ae7bbce9bc1d06cec1f78027734aa62244368741918455"
#23 1.138         },
#23 1.138         {
#23 1.138           "path": "/qualification/migrations/versions/20260828_05_s3b_verification_satisfaction.py",
#23 1.138           "sha256": "d8dfac9d9bdd4c8e49ae7bbce9bc1d06cec1f78027734aa62244368741918455"
#23 1.138         }
#23 1.138       ],
#23 1.138       "sha256": "d8dfac9d9bdd4c8e49ae7bbce9bc1d06cec1f78027734aa62244368741918455"
#23 1.138     },
#23 1.138     "watt/migrations/versions/20260828_06_s3c_candidate_governance.py": {
#23 1.138       "image_files": [
#23 1.138         {
#23 1.138           "path": "/app/migrations/versions/20260828_06_s3c_candidate_governance.py",
#23 1.138           "sha256": "1912fe861ea66295912ff1d579fe5187e851983bd6bb14c95f094300e0fd5352"
#23 1.138         },
#23 1.138         {
#23 1.138           "path": "/qualification/migrations/versions/20260828_06_s3c_candidate_governance.py",
#23 1.138           "sha256": "1912fe861ea66295912ff1d579fe5187e851983bd6bb14c95f094300e0fd5352"
#23 1.138         }
#23 1.138       ],
#23 1.138       "sha256": "1912fe861ea66295912ff1d579fe5187e851983bd6bb14c95f094300e0fd5352"
#23 1.138     },
#23 1.138     "watt/migrations/versions/20260829_07_s4a_repository_integration.py": {
#23 1.138       "image_files": [
#23 1.138         {
#23 1.138           "path": "/app/migrations/versions/20260829_07_s4a_repository_integration.py",
#23 1.138           "sha256": "3ecc3109a8db87da36ab99ff907b991c617f7eb2a40475d7c28e4f6c09466999"
#23 1.138         },
#23 1.138         {
#23 1.138           "path": "/qualification/migrations/versions/20260829_07_s4a_repository_integration.py",
#23 1.138           "sha256": "3ecc3109a8db87da36ab99ff907b991c617f7eb2a40475d7c28e4f6c09466999"
#23 1.138         }
#23 1.138       ],
#23 1.138       "sha256": "3ecc3109a8db87da36ab99ff907b991c617f7eb2a40475d7c28e4f6c09466999"
#23 1.138     },
#23 1.138     "watt/migrations/versions/20260829_08_s4b_runtime_commit.py": {
#23 1.138       "image_files": [
#23 1.138         {
#23 1.138           "path": "/app/migrations/versions/20260829_08_s4b_runtime_commit.py",
#23 1.138           "sha256": "203499d48d84635aea5f9d5197187ec40725b4a15403f882c0906400361a5282"
#23 1.138         },
#23 1.138         {
#23 1.138           "path": "/qualification/migrations/versions/20260829_08_s4b_runtime_commit.py",
#23 1.138           "sha256": "203499d48d84635aea5f9d5197187ec40725b4a15403f882c0906400361a5282"
#23 1.138         }
#23 1.138       ],
#23 1.138       "sha256": "203499d48d84635aea5f9d5197187ec40725b4a15403f882c0906400361a5282"
#23 1.138     },
#23 1.138     "watt/migrations/versions/20260829_09_s5a_recovery_assessment.py": {
#23 1.138       "image_files": [
#23 1.138         {
#23 1.138           "path": "/app/migrations/versions/20260829_09_s5a_recovery_assessment.py",
#23 1.138           "sha256": "76b7f8bee043872eccde9782dd0b21d2fe65032b2a2408e03103f40a71137914"
#23 1.138         },
#23 1.138         {
#23 1.138           "path": "/qualification/migrations/versions/20260829_09_s5a_recovery_assessment.py",
#23 1.138           "sha256": "76b7f8bee043872eccde9782dd0b21d2fe65032b2a2408e03103f40a71137914"
#23 1.138         }
#23 1.138       ],
#23 1.138       "sha256": "76b7f8bee043872eccde9782dd0b21d2fe65032b2a2408e03103f40a71137914"
#23 1.138     },
#23 1.138     "watt/migrations/versions/20260829_10_s5b_recovery_reconciliation.py": {
#23 1.138       "image_files": [
#23 1.138         {
#23 1.138           "path": "/app/migrations/versions/20260829_10_s5b_recovery_reconciliation.py",
#23 1.138           "sha256": "89cd0ce003787bcc6a8a5fa1f3d1fca34619a3b179d277b07192d9b86ac91ec1"
#23 1.138         },
#23 1.138         {
#23 1.138           "path": "/qualification/migrations/versions/20260829_10_s5b_recovery_reconciliation.py",
#23 1.138           "sha256": "89cd0ce003787bcc6a8a5fa1f3d1fca34619a3b179d277b07192d9b86ac91ec1"
#23 1.138         }
#23 1.138       ],
#23 1.138       "sha256": "89cd0ce003787bcc6a8a5fa1f3d1fca34619a3b179d277b07192d9b86ac91ec1"
#23 1.138     },
#23 1.138     "watt/migrations/versions/20260829_11_s5c_attempt_recovery.py": {
#23 1.138       "image_files": [
#23 1.138         {
#23 1.138           "path": "/app/migrations/versions/20260829_11_s5c_attempt_recovery.py",
#23 1.138           "sha256": "0a21f0c72a84dd262f6eb76f57eb962e2186d6f3003ebf7d73a4321730dffe31"
#23 1.138         },
#23 1.138         {
#23 1.138           "path": "/qualification/migrations/versions/20260829_11_s5c_attempt_recovery.py",
#23 1.138           "sha256": "0a21f0c72a84dd262f6eb76f57eb962e2186d6f3003ebf7d73a4321730dffe31"
#23 1.138         }
#23 1.138       ],
#23 1.138       "sha256": "0a21f0c72a84dd262f6eb76f57eb962e2186d6f3003ebf7d73a4321730dffe31"
#23 1.138     },
#23 1.138     "watt/migrations/versions/20260829_12_s6b1_materialized_execution_input.py": {
#23 1.138       "image_files": [
#23 1.138         {
#23 1.138           "path": "/app/migrations/versions/20260829_12_s6b1_materialized_execution_input.py",
#23 1.138           "sha256": "19350b5420f74ae565e90621ea6b5ae3b1ccec1e71ef2f7691600318747f1bc4"
#23 1.138         },
#23 1.138         {
#23 1.138           "path": "/qualification/migrations/versions/20260829_12_s6b1_materialized_execution_input.py",
#23 1.138           "sha256": "19350b5420f74ae565e90621ea6b5ae3b1ccec1e71ef2f7691600318747f1bc4"
#23 1.138         }
#23 1.138       ],
#23 1.138       "sha256": "19350b5420f74ae565e90621ea6b5ae3b1ccec1e71ef2f7691600318747f1bc4"
#23 1.138     },
#23 1.138     "watt/migrations/versions/20260902_13_s6c2_r4b_maintenance_recovery.py": {
#23 1.138       "image_files": [
#23 1.138         {
#23 1.138           "path": "/app/migrations/versions/20260902_13_s6c2_r4b_maintenance_recovery.py",
#23 1.138           "sha256": "31e6198ea635f4f5db4d2684d6553f838f56d5d51b7b8043a6f147cacdf2855b"
#23 1.138         },
#23 1.138         {
#23 1.138           "path": "/qualification/migrations/versions/20260902_13_s6c2_r4b_maintenance_recovery.py",
#23 1.138           "sha256": "31e6198ea635f4f5db4d2684d6553f838f56d5d51b7b8043a6f147cacdf2855b"
#23 1.138         }
#23 1.138       ],
#23 1.138       "sha256": "31e6198ea635f4f5db4d2684d6553f838f56d5d51b7b8043a6f147cacdf2855b"
#23 1.138     },
#23 1.138     "watt/migrations/versions/20260902_14_mvp_app_work_flow.py": {
#23 1.138       "image_files": [
#23 1.138         {
#23 1.138           "path": "/app/migrations/versions/20260902_14_mvp_app_work_flow.py",
#23 1.138           "sha256": "176994dc6fea48b409a2b71366eeb1793c892a78f66e3504b56e1aa1d1ae17c6"
#23 1.138         },
#23 1.138         {
#23 1.138           "path": "/qualification/migrations/versions/20260902_14_mvp_app_work_flow.py",
#23 1.138           "sha256": "176994dc6fea48b409a2b71366eeb1793c892a78f66e3504b56e1aa1d1ae17c6"
#23 1.138         }
#23 1.138       ],
#23 1.138       "sha256": "176994dc6fea48b409a2b71366eeb1793c892a78f66e3504b56e1aa1d1ae17c6"
#23 1.138     },
#23 1.138     "watt/migrations/versions/20260903_15_mvp_intake_artifact_target.py": {
#23 1.138       "image_files": [
#23 1.138         {
#23 1.138           "path": "/app/migrations/versions/20260903_15_mvp_intake_artifact_target.py",
#23 1.138           "sha256": "c950d74c5aacb8f468a5d83cc10023739ce8321c719439dcda18a27935aa07dc"
#23 1.138         },
#23 1.138         {
#23 1.138           "path": "/qualification/migrations/versions/20260903_15_mvp_intake_artifact_target.py",
#23 1.138           "sha256": "c950d74c5aacb8f468a5d83cc10023739ce8321c719439dcda18a27935aa07dc"
#23 1.138         }
#23 1.138       ],
#23 1.138       "sha256": "c950d74c5aacb8f468a5d83cc10023739ce8321c719439dcda18a27935aa07dc"
#23 1.138     },
#23 1.138     "watt/migrations/versions/20260904_16_mvp_single_pwu_planning.py": {
#23 1.138       "image_files": [
#23 1.138         {
#23 1.138           "path": "/app/migrations/versions/20260904_16_mvp_single_pwu_planning.py",
#23 1.138           "sha256": "3a2bfb242e4817df63d43706a32af1598c3951c23ada1d9e32567e1b5f3fb9ae"
#23 1.138         },
#23 1.138         {
#23 1.138           "path": "/qualification/migrations/versions/20260904_16_mvp_single_pwu_planning.py",
#23 1.138           "sha256": "3a2bfb242e4817df63d43706a32af1598c3951c23ada1d9e32567e1b5f3fb9ae"
#23 1.138         }
#23 1.138       ],
#23 1.138       "sha256": "3a2bfb242e4817df63d43706a32af1598c3951c23ada1d9e32567e1b5f3fb9ae"
#23 1.138     },
#23 1.138     "watt/migrations/versions/20260904_17_mvp_repository_change_proposal.py": {
#23 1.138       "image_files": [
#23 1.138         {
#23 1.138           "path": "/app/migrations/versions/20260904_17_mvp_repository_change_proposal.py",
#23 1.138           "sha256": "149f351bc707eabf72774715dcbdbeb37fd2c671ca188a684e823f0f56f322d2"
#23 1.138         },
#23 1.138         {
#23 1.138           "path": "/qualification/migrations/versions/20260904_17_mvp_repository_change_proposal.py",
#23 1.138           "sha256": "149f351bc707eabf72774715dcbdbeb37fd2c671ca188a684e823f0f56f322d2"
#23 1.138         }
#23 1.138       ],
#23 1.138       "sha256": "149f351bc707eabf72774715dcbdbeb37fd2c671ca188a684e823f0f56f322d2"
#23 1.138     },
#23 1.138     "watt/migrations/versions/20260905_18_mvp_steering_truth_spine.py": {
#23 1.138       "image_files": [
#23 1.138         {
#23 1.138           "path": "/app/migrations/versions/20260905_18_mvp_steering_truth_spine.py",
#23 1.138           "sha256": "28fc1d940c8e704e43a3999da4c061f4e359e1c598e781fa6de6a31befc3ebda"
#23 1.138         },
#23 1.138         {
#23 1.138           "path": "/qualification/migrations/versions/20260905_18_mvp_steering_truth_spine.py",
#23 1.138           "sha256": "28fc1d940c8e704e43a3999da4c061f4e359e1c598e781fa6de6a31befc3ebda"
#23 1.138         }
#23 1.138       ],
#23 1.138       "sha256": "28fc1d940c8e704e43a3999da4c061f4e359e1c598e781fa6de6a31befc3ebda"
#23 1.138     },
#23 1.138     "watt/migrations/versions/20260905_19_mvp_steering_decision_frame.py": {
#23 1.138       "image_files": [
#23 1.138         {
#23 1.138           "path": "/app/migrations/versions/20260905_19_mvp_steering_decision_frame.py",
#23 1.138           "sha256": "b695affe9aaf08681f019217f9ebece13e5fe2ab52476ff9d3294946d82cab19"
#23 1.138         },
#23 1.138         {
#23 1.138           "path": "/qualification/migrations/versions/20260905_19_mvp_steering_decision_frame.py",
#23 1.138           "sha256": "b695affe9aaf08681f019217f9ebece13e5fe2ab52476ff9d3294946d82cab19"
#23 1.138         }
#23 1.138       ],
#23 1.138       "sha256": "b695affe9aaf08681f019217f9ebece13e5fe2ab52476ff9d3294946d82cab19"
#23 1.138     },
#23 1.138     "watt/migrations/versions/20260905_20_mvp_steering_production_cycles.py": {
#23 1.138       "image_files": [
#23 1.138         {
#23 1.138           "path": "/app/migrations/versions/20260905_20_mvp_steering_production_cycles.py",
#23 1.138           "sha256": "1200746190c1fd928189640e7bd8a43c68ba6648739fafd2eb3dbbaa88ae3382"
#23 1.138         },
#23 1.138         {
#23 1.138           "path": "/qualification/migrations/versions/20260905_20_mvp_steering_production_cycles.py",
#23 1.138           "sha256": "1200746190c1fd928189640e7bd8a43c68ba6648739fafd2eb3dbbaa88ae3382"
#23 1.138         }
#23 1.138       ],
#23 1.138       "sha256": "1200746190c1fd928189640e7bd8a43c68ba6648739fafd2eb3dbbaa88ae3382"
#23 1.138     },
#23 1.138     "watt/migrations/versions/20260905_21_mvp_long_lived_work_admission.py": {
#23 1.138       "image_files": [
#23 1.138         {
#23 1.138           "path": "/app/migrations/versions/20260905_21_mvp_long_lived_work_admission.py",
#23 1.138           "sha256": "f872579fcf51d7723a722552791dbecf8972b19c5aed5729b00326b9d30af644"
#23 1.138         },
#23 1.138         {
#23 1.138           "path": "/qualification/migrations/versions/20260905_21_mvp_long_lived_work_admission.py",
#23 1.138           "sha256": "f872579fcf51d7723a722552791dbecf8972b19c5aed5729b00326b9d30af644"
#23 1.138         }
#23 1.138       ],
#23 1.138       "sha256": "f872579fcf51d7723a722552791dbecf8972b19c5aed5729b00326b9d30af644"
#23 1.138     },
#23 1.138     "watt/migrations/versions/20260905_22_mvp_semantic_step_results.py": {
#23 1.138       "image_files": [
#23 1.138         {
#23 1.138           "path": "/app/migrations/versions/20260905_22_mvp_semantic_step_results.py",
#23 1.138           "sha256": "5c67aa5be878f01d1b83f258a6f586a9391d59fb58753da1f88c5edf773fe8d9"
#23 1.138         },
#23 1.138         {
#23 1.138           "path": "/qualification/migrations/versions/20260905_22_mvp_semantic_step_results.py",
#23 1.138           "sha256": "5c67aa5be878f01d1b83f258a6f586a9391d59fb58753da1f88c5edf773fe8d9"
#23 1.138         }
#23 1.138       ],
#23 1.138       "sha256": "5c67aa5be878f01d1b83f258a6f586a9391d59fb58753da1f88c5edf773fe8d9"
#23 1.138     },
#23 1.138     "watt/migrations/versions/20260907_23_wic_interaction_truth_spine.py": {
#23 1.138       "image_files": [
#23 1.138         {
#23 1.138           "path": "/app/migrations/versions/20260907_23_wic_interaction_truth_spine.py",
#23 1.138           "sha256": "58447a0163ff35cb7721efcf7a12aa11d1e1f4e1709a48032e93adbce36fdf52"
#23 1.138         },
#23 1.138         {
#23 1.138           "path": "/qualification/migrations/versions/20260907_23_wic_interaction_truth_spine.py",
#23 1.138           "sha256": "58447a0163ff35cb7721efcf7a12aa11d1e1f4e1709a48032e93adbce36fdf52"
#23 1.138         }
#23 1.138       ],
#23 1.138       "sha256": "58447a0163ff35cb7721efcf7a12aa11d1e1f4e1709a48032e93adbce36fdf52"
#23 1.138     },
#23 1.138     "watt/migrations/versions/20260907_24_wic_governed_work_admission.py": {
#23 1.138       "image_files": [
#23 1.138         {
#23 1.138           "path": "/app/migrations/versions/20260907_24_wic_governed_work_admission.py",
#23 1.138           "sha256": "bf0f273afc818a1577479e0626c566f424488e4c7c1c14da9f5f7c99a2deb9da"
#23 1.138         },
#23 1.138         {
#23 1.138           "path": "/qualification/migrations/versions/20260907_24_wic_governed_work_admission.py",
#23 1.138           "sha256": "bf0f273afc818a1577479e0626c566f424488e4c7c1c14da9f5f7c99a2deb9da"
#23 1.138         }
#23 1.138       ],
#23 1.138       "sha256": "bf0f273afc818a1577479e0626c566f424488e4c7c1c14da9f5f7c99a2deb9da"
#23 1.138     },
#23 1.138     "watt/migrations/versions/20260907_25_wic_active_work_evolution.py": {
#23 1.138       "image_files": [
#23 1.138         {
#23 1.138           "path": "/app/migrations/versions/20260907_25_wic_active_work_evolution.py",
#23 1.138           "sha256": "4917cf111d7c608fd9411638cd98f51b28c343929f006f8932b9c578bb73b537"
#23 1.138         },
#23 1.138         {
#23 1.138           "path": "/qualification/migrations/versions/20260907_25_wic_active_work_evolution.py",
#23 1.138           "sha256": "4917cf111d7c608fd9411638cd98f51b28c343929f006f8932b9c578bb73b537"
#23 1.138         }
#23 1.138       ],
#23 1.138       "sha256": "4917cf111d7c608fd9411638cd98f51b28c343929f006f8932b9c578bb73b537"
#23 1.138     },
#23 1.138     "watt/migrations/versions/20260907_26_wic_work_lifecycle.py": {
#23 1.138       "image_files": [
#23 1.138         {
#23 1.138           "path": "/app/migrations/versions/20260907_26_wic_work_lifecycle.py",
#23 1.138           "sha256": "84c01b88c07c3e25a8f2cad9b1ec2ce7e009dd7c16735ccd38a69264273ec74b"
#23 1.138         },
#23 1.138         {
#23 1.138           "path": "/qualification/migrations/versions/20260907_26_wic_work_lifecycle.py",
#23 1.138           "sha256": "84c01b88c07c3e25a8f2cad9b1ec2ce7e009dd7c16735ccd38a69264273ec74b"
#23 1.138         }
#23 1.138       ],
#23 1.138       "sha256": "84c01b88c07c3e25a8f2cad9b1ec2ce7e009dd7c16735ccd38a69264273ec74b"
#23 1.138     },
#23 1.138     "watt/migrations/versions/20260908_27_guided_design_core.py": {
#23 1.138       "image_files": [
#23 1.138         {
#23 1.138           "path": "/app/migrations/versions/20260908_27_guided_design_core.py",
#23 1.138           "sha256": "320d1f909fb0b722dec82e08288cbc62fb912c70c1249c836de1a26853c20d7a"
#23 1.138         },
#23 1.138         {
#23 1.138           "path": "/qualification/migrations/versions/20260908_27_guided_design_core.py",
#23 1.138           "sha256": "320d1f909fb0b722dec82e08288cbc62fb912c70c1249c836de1a26853c20d7a"
#23 1.138         }
#23 1.138       ],
#23 1.138       "sha256": "320d1f909fb0b722dec82e08288cbc62fb912c70c1249c836de1a26853c20d7a"
#23 1.138     },
#23 1.138     "watt/migrations/versions/20260908_28_human_watt_collaboration.py": {
#23 1.138       "image_files": [
#23 1.138         {
#23 1.138           "path": "/app/migrations/versions/20260908_28_human_watt_collaboration.py",
#23 1.138           "sha256": "30bad30a74c762c51f68b9b70e567bb51792b7cfbe74277be8c5b9e503458bbe"
#23 1.138         },
#23 1.138         {
#23 1.138           "path": "/qualification/migrations/versions/20260908_28_human_watt_collaboration.py",
#23 1.138           "sha256": "30bad30a74c762c51f68b9b70e567bb51792b7cfbe74277be8c5b9e503458bbe"
#23 1.138         }
#23 1.138       ],
#23 1.138       "sha256": "30bad30a74c762c51f68b9b70e567bb51792b7cfbe74277be8c5b9e503458bbe"
#23 1.138     },
#23 1.138     "watt/migrations/versions/20260909_29_design_intent_framing.py": {
#23 1.138       "image_files": [
#23 1.138         {
#23 1.138           "path": "/app/migrations/versions/20260909_29_design_intent_framing.py",
#23 1.138           "sha256": "ed2d6879ee1352e2ec9881b7fdf3c57ae51ad4049e63dce59792bcc36bc5c61d"
#23 1.138         },
#23 1.138         {
#23 1.138           "path": "/qualification/migrations/versions/20260909_29_design_intent_framing.py",
#23 1.138           "sha256": "ed2d6879ee1352e2ec9881b7fdf3c57ae51ad4049e63dce59792bcc36bc5c61d"
#23 1.138         }
#23 1.138       ],
#23 1.138       "sha256": "ed2d6879ee1352e2ec9881b7fdf3c57ae51ad4049e63dce59792bcc36bc5c61d"
#23 1.138     },
#23 1.138     "watt/migrations/versions/20260910_30_repository_namespaces.py": {
#23 1.138       "image_files": [
#23 1.138         {
#23 1.138           "path": "/app/migrations/versions/20260910_30_repository_namespaces.py",
#23 1.138           "sha256": "d18791c6417fc33918fde01267f449387e818006c1af7aaa04dfb567a02497c1"
#23 1.138         },
#23 1.138         {
#23 1.138           "path": "/qualification/migrations/versions/20260910_30_repository_namespaces.py",
#23 1.138           "sha256": "d18791c6417fc33918fde01267f449387e818006c1af7aaa04dfb567a02497c1"
#23 1.138         }
#23 1.138       ],
#23 1.138       "sha256": "d18791c6417fc33918fde01267f449387e818006c1af7aaa04dfb567a02497c1"
#23 1.138     },
#23 1.138     "watt/migrations/versions/20260910_31_work_asset_admission.py": {
#23 1.138       "image_files": [
#23 1.138         {
#23 1.138           "path": "/app/migrations/versions/20260910_31_work_asset_admission.py",
#23 1.138           "sha256": "a0814fdb000277392dac06bc4a7f5e88e903401ef79aafc8018c508bfe964240"
#23 1.138         },
#23 1.138         {
#23 1.138           "path": "/qualification/migrations/versions/20260910_31_work_asset_admission.py",
#23 1.138           "sha256": "a0814fdb000277392dac06bc4a7f5e88e903401ef79aafc8018c508bfe964240"
#23 1.138         }
#23 1.138       ],
#23 1.138       "sha256": "a0814fdb000277392dac06bc4a7f5e88e903401ef79aafc8018c508bfe964240"
#23 1.138     },
#23 1.138     "watt/migrations/versions/20260910_32_work_delivery.py": {
#23 1.138       "image_files": [
#23 1.138         {
#23 1.138           "path": "/app/migrations/versions/20260910_32_work_delivery.py",
#23 1.138           "sha256": "6e5deab48a74d98a6cdf91225d67e754086a47fd70499cb9ffd6b828dfffdb1b"
#23 1.138         },
#23 1.138         {
#23 1.138           "path": "/qualification/migrations/versions/20260910_32_work_delivery.py",
#23 1.138           "sha256": "6e5deab48a74d98a6cdf91225d67e754086a47fd70499cb9ffd6b828dfffdb1b"
#23 1.138         }
#23 1.138       ],
#23 1.138       "sha256": "6e5deab48a74d98a6cdf91225d67e754086a47fd70499cb9ffd6b828dfffdb1b"
#23 1.138     },
#23 1.138     "watt/migrations/versions/20260910_33_software_delivery_runtime.py": {
#23 1.138       "image_files": [
#23 1.138         {
#23 1.138           "path": "/app/migrations/versions/20260910_33_software_delivery_runtime.py",
#23 1.138           "sha256": "d3995ce79bff6f1679019e0715b694a20b3630c9f7fa73ea8460517da3fb988c"
#23 1.138         },
#23 1.138         {
#23 1.138           "path": "/qualification/migrations/versions/20260910_33_software_delivery_runtime.py",
#23 1.138           "sha256": "d3995ce79bff6f1679019e0715b694a20b3630c9f7fa73ea8460517da3fb988c"
#23 1.138         }
#23 1.138       ],
#23 1.138       "sha256": "d3995ce79bff6f1679019e0715b694a20b3630c9f7fa73ea8460517da3fb988c"
#23 1.138     },
#23 1.138     "watt/migrations/versions/20260911_34_watt_native_executor_runtime.py": {
#23 1.138       "image_files": [
#23 1.138         {
#23 1.138           "path": "/app/migrations/versions/20260911_34_watt_native_executor_runtime.py",
#23 1.138           "sha256": "c3a59d2ed07f66d2ecf36e15d96aa0eefeb9279584756502430744852184094a"
#23 1.138         },
#23 1.138         {
#23 1.138           "path": "/qualification/migrations/versions/20260911_34_watt_native_executor_runtime.py",
#23 1.138           "sha256": "c3a59d2ed07f66d2ecf36e15d96aa0eefeb9279584756502430744852184094a"
#23 1.138         }
#23 1.138       ],
#23 1.138       "sha256": "c3a59d2ed07f66d2ecf36e15d96aa0eefeb9279584756502430744852184094a"
#23 1.138     },
#23 1.138     "watt/migrations/versions/20260912_35_native_candidate_vectors.py": {
#23 1.138       "image_files": [
#23 1.138         {
#23 1.138           "path": "/app/migrations/versions/20260912_35_native_candidate_vectors.py",
#23 1.138           "sha256": "9cc74cfb6309dedf3b6c1b23451284c1bbdbc8d6e529e4656a356464f04b9aa1"
#23 1.138         },
#23 1.138         {
#23 1.138           "path": "/qualification/migrations/versions/20260912_35_native_candidate_vectors.py",
#23 1.138           "sha256": "9cc74cfb6309dedf3b6c1b23451284c1bbdbc8d6e529e4656a356464f04b9aa1"
#23 1.138         }
#23 1.138       ],
#23 1.138       "sha256": "9cc74cfb6309dedf3b6c1b23451284c1bbdbc8d6e529e4656a356464f04b9aa1"
#23 1.138     },
#23 1.138     "watt/migrations/versions/20260912_36_native_retention.py": {
#23 1.138       "image_files": [
#23 1.138         {
#23 1.138           "path": "/app/migrations/versions/20260912_36_native_retention.py",
#23 1.138           "sha256": "6ed7127446809e7a8861a03e8f929baaf25d847371416bac329dea655023e50b"
#23 1.138         },
#23 1.138         {
#23 1.138           "path": "/qualification/migrations/versions/20260912_36_native_retention.py",
#23 1.138           "sha256": "6ed7127446809e7a8861a03e8f929baaf25d847371416bac329dea655023e50b"
#23 1.138         }
#23 1.138       ],
#23 1.138       "sha256": "6ed7127446809e7a8861a03e8f929baaf25d847371416bac329dea655023e50b"
#23 1.138     },
#23 1.138     "watt/migrations/versions/20260912_37_native_vector_verification.py": {
#23 1.138       "image_files": [
#23 1.138         {
#23 1.138           "path": "/app/migrations/versions/20260912_37_native_vector_verification.py",
#23 1.138           "sha256": "4d2e8faa109e29128a0b2280902fc88e4dda1b68d5b7c9b4266acf139fff5407"
#23 1.138         },
#23 1.138         {
#23 1.138           "path": "/qualification/migrations/versions/20260912_37_native_vector_verification.py",
#23 1.138           "sha256": "4d2e8faa109e29128a0b2280902fc88e4dda1b68d5b7c9b4266acf139fff5407"
#23 1.138         }
#23 1.138       ],
#23 1.138       "sha256": "4d2e8faa109e29128a0b2280902fc88e4dda1b68d5b7c9b4266acf139fff5407"
#23 1.138     },
#23 1.138     "watt/migrations/versions/20260912_38_exact_provider_profiles.py": {
#23 1.138       "image_files": [
#23 1.138         {
#23 1.138           "path": "/app/migrations/versions/20260912_38_exact_provider_profiles.py",
#23 1.138           "sha256": "b9d93de6fbd1c53176331dddc904a588aaa3f677cacd8ad77a9f77ea9f345fae"
#23 1.138         },
#23 1.138         {
#23 1.138           "path": "/qualification/migrations/versions/20260912_38_exact_provider_profiles.py",
#23 1.138           "sha256": "b9d93de6fbd1c53176331dddc904a588aaa3f677cacd8ad77a9f77ea9f345fae"
#23 1.138         }
#23 1.138       ],
#23 1.138       "sha256": "b9d93de6fbd1c53176331dddc904a588aaa3f677cacd8ad77a9f77ea9f345fae"
#23 1.138     },
#23 1.138     "watt/migrations/versions/20260912_39_checkpoint_schema_version.py": {
#23 1.138       "image_files": [
#23 1.138         {
#23 1.138           "path": "/app/migrations/versions/20260912_39_checkpoint_schema_version.py",
#23 1.138           "sha256": "d667700a6d00e45ba3a408233ccf7017923f233d1a99ee027a594becee949611"
#23 1.138         },
#23 1.138         {
#23 1.138           "path": "/qualification/migrations/versions/20260912_39_checkpoint_schema_version.py",
#23 1.138           "sha256": "d667700a6d00e45ba3a408233ccf7017923f233d1a99ee027a594becee949611"
#23 1.138         }
#23 1.138       ],
#23 1.138       "sha256": "d667700a6d00e45ba3a408233ccf7017923f233d1a99ee027a594becee949611"
#23 1.138     },
#23 1.138     "watt/migrations/versions/20260915_40_wic_progressive_semantics.py": {
#23 1.138       "image_files": [
#23 1.138         {
#23 1.138           "path": "/app/migrations/versions/20260915_40_wic_progressive_semantics.py",
#23 1.138           "sha256": "b3c8761c761af3c3d324a8d84b072568d67a0d2c988e9e5e7db4f818de0daac1"
#23 1.138         },
#23 1.138         {
#23 1.138           "path": "/qualification/migrations/versions/20260915_40_wic_progressive_semantics.py",
#23 1.138           "sha256": "b3c8761c761af3c3d324a8d84b072568d67a0d2c988e9e5e7db4f818de0daac1"
#23 1.138         }
#23 1.138       ],
#23 1.138       "sha256": "b3c8761c761af3c3d324a8d84b072568d67a0d2c988e9e5e7db4f818de0daac1"
#23 1.138     },
#23 1.138     "watt/migrations/versions/20260915_41_wic_response_events.py": {
#23 1.138       "image_files": [
#23 1.138         {
#23 1.138           "path": "/app/migrations/versions/20260915_41_wic_response_events.py",
#23 1.138           "sha256": "1efb28243d13e7613dfd711967130de5721ed02b629d1f16aa00bb9be1f23b51"
#23 1.138         },
#23 1.138         {
#23 1.138           "path": "/qualification/migrations/versions/20260915_41_wic_response_events.py",
#23 1.138           "sha256": "1efb28243d13e7613dfd711967130de5721ed02b629d1f16aa00bb9be1f23b51"
#23 1.138         }
#23 1.138       ],
#23 1.138       "sha256": "1efb28243d13e7613dfd711967130de5721ed02b629d1f16aa00bb9be1f23b51"
#23 1.138     },
#23 1.138     "watt/migrations/versions/20260917_42_work_agreements.py": {
#23 1.138       "image_files": [
#23 1.138         {
#23 1.138           "path": "/app/migrations/versions/20260917_42_work_agreements.py",
#23 1.138           "sha256": "a2df442e3e1379c4d76dd50daf81b404a1bafe81d5a650876c0b4590c382d8de"
#23 1.138         },
#23 1.138         {
#23 1.138           "path": "/qualification/migrations/versions/20260917_42_work_agreements.py",
#23 1.138           "sha256": "a2df442e3e1379c4d76dd50daf81b404a1bafe81d5a650876c0b4590c382d8de"
#23 1.138         }
#23 1.138       ],
#23 1.138       "sha256": "a2df442e3e1379c4d76dd50daf81b404a1bafe81d5a650876c0b4590c382d8de"
#23 1.138     },
#23 1.138     "watt/migrations/versions/20260918_43_engineering_semantic_truth.py": {
#23 1.138       "image_files": [
#23 1.138         {
#23 1.138           "path": "/app/migrations/versions/20260918_43_engineering_semantic_truth.py",
#23 1.138           "sha256": "2d8a34e9d90a3b3d2173957c5e2cc357c9109c8bdcfeb8e1214ea9eea66094f1"
#23 1.138         },
#23 1.138         {
#23 1.138           "path": "/qualification/migrations/versions/20260918_43_engineering_semantic_truth.py",
#23 1.138           "sha256": "2d8a34e9d90a3b3d2173957c5e2cc357c9109c8bdcfeb8e1214ea9eea66094f1"
#23 1.138         }
#23 1.138       ],
#23 1.138       "sha256": "2d8a34e9d90a3b3d2173957c5e2cc357c9109c8bdcfeb8e1214ea9eea66094f1"
#23 1.138     },
#23 1.138     "watt/migrations/versions/20260919_44_executor_worker_liveness.py": {
#23 1.138       "image_files": [
#23 1.138         {
#23 1.138           "path": "/app/migrations/versions/20260919_44_executor_worker_liveness.py",
#23 1.138           "sha256": "e40d6cd76ea0350c920f137037ffe165127f0f0cdf9b0235ce6767fed3e034c8"
#23 1.138         },
#23 1.138         {
#23 1.138           "path": "/qualification/migrations/versions/20260919_44_executor_worker_liveness.py",
#23 1.138           "sha256": "e40d6cd76ea0350c920f137037ffe165127f0f0cdf9b0235ce6767fed3e034c8"
#23 1.138         }
#23 1.138       ],
#23 1.138       "sha256": "e40d6cd76ea0350c920f137037ffe165127f0f0cdf9b0235ce6767fed3e034c8"
#23 1.138     },
#23 1.138     "watt/migrations/versions/20260923_45_connector_capabilities.py": {
#23 1.138       "image_files": [
#23 1.138         {
#23 1.138           "path": "/app/migrations/versions/20260923_45_connector_capabilities.py",
#23 1.138           "sha256": "ef92e41b0a30330c9138a0463abb60a4cf706bc6e18558d9e12b45bd67c449ed"
#23 1.138         },
#23 1.138         {
#23 1.138           "path": "/qualification/migrations/versions/20260923_45_connector_capabilities.py",
#23 1.138           "sha256": "ef92e41b0a30330c9138a0463abb60a4cf706bc6e18558d9e12b45bd67c449ed"
#23 1.138         }
#23 1.138       ],
#23 1.138       "sha256": "ef92e41b0a30330c9138a0463abb60a4cf706bc6e18558d9e12b45bd67c449ed"
#23 1.138     },
#23 1.138     "watt/migrations/versions/20260924_46_self_refine_evidence.py": {
#23 1.138       "image_files": [
#23 1.138         {
#23 1.138           "path": "/app/migrations/versions/20260924_46_self_refine_evidence.py",
#23 1.138           "sha256": "b71f215eb92012f00345846da3f1304b223b8776b42297659ac21e488a74d7fb"
#23 1.138         },
#23 1.138         {
#23 1.138           "path": "/qualification/migrations/versions/20260924_46_self_refine_evidence.py",
#23 1.138           "sha256": "b71f215eb92012f00345846da3f1304b223b8776b42297659ac21e488a74d7fb"
#23 1.138         }
#23 1.138       ],
#23 1.138       "sha256": "b71f215eb92012f00345846da3f1304b223b8776b42297659ac21e488a74d7fb"
#23 1.138     },
#23 1.138     "watt/migrations/versions/20260925_47_self_refine_reliability.py": {
#23 1.138       "image_files": [
#23 1.138         {
#23 1.138           "path": "/app/migrations/versions/20260925_47_self_refine_reliability.py",
#23 1.138           "sha256": "a0ad241258e616649ba5c744480616460085d749cf9b5636f138ac71c221ec7a"
#23 1.138         },
#23 1.138         {
#23 1.138           "path": "/qualification/migrations/versions/20260925_47_self_refine_reliability.py",
#23 1.138           "sha256": "a0ad241258e616649ba5c744480616460085d749cf9b5636f138ac71c221ec7a"
#23 1.138         }
#23 1.138       ],
#23 1.138       "sha256": "a0ad241258e616649ba5c744480616460085d749cf9b5636f138ac71c221ec7a"
#23 1.138     },
#23 1.138     "watt/migrations/versions/20260925_48_refinement_semantics.py": {
#23 1.138       "image_files": [
#23 1.138         {
#23 1.138           "path": "/app/migrations/versions/20260925_48_refinement_semantics.py",
#23 1.138           "sha256": "7f8147856c4af769f7788f991f20324baca1927d6e7bb07fe5fb5ba01c6a9de9"
#23 1.138         },
#23 1.138         {
#23 1.138           "path": "/qualification/migrations/versions/20260925_48_refinement_semantics.py",
#23 1.138           "sha256": "7f8147856c4af769f7788f991f20324baca1927d6e7bb07fe5fb5ba01c6a9de9"
#23 1.138         }
#23 1.138       ],
#23 1.138       "sha256": "7f8147856c4af769f7788f991f20324baca1927d6e7bb07fe5fb5ba01c6a9de9"
#23 1.138     },
#23 1.138     "watt/migrations/versions/20260925_49_wic_refinement_observation.py": {
#23 1.138       "image_files": [
#23 1.138         {
#23 1.138           "path": "/app/migrations/versions/20260925_49_wic_refinement_observation.py",
#23 1.138           "sha256": "fd3030ceb7b07e5786e3708de20dff401d12d2ae1c8788d0ee2036d897d79f11"
#23 1.138         },
#23 1.138         {
#23 1.138           "path": "/qualification/migrations/versions/20260925_49_wic_refinement_observation.py",
#23 1.138           "sha256": "fd3030ceb7b07e5786e3708de20dff401d12d2ae1c8788d0ee2036d897d79f11"
#23 1.138         }
#23 1.138       ],
#23 1.138       "sha256": "fd3030ceb7b07e5786e3708de20dff401d12d2ae1c8788d0ee2036d897d79f11"
#23 1.138     },
#23 1.138     "watt/migrations/versions/20260926_50_multi_pwu_lineage.py": {
#23 1.138       "image_files": [
#23 1.138         {
#23 1.138           "path": "/app/migrations/versions/20260926_50_multi_pwu_lineage.py",
#23 1.138           "sha256": "dd4f4fe9304719ba1193483f633d91237a02985e4fddb38e912a205795339759"
#23 1.138         },
#23 1.138         {
#23 1.138           "path": "/qualification/migrations/versions/20260926_50_multi_pwu_lineage.py",
#23 1.138           "sha256": "dd4f4fe9304719ba1193483f633d91237a02985e4fddb38e912a205795339759"
#23 1.138         }
#23 1.138       ],
#23 1.138       "sha256": "dd4f4fe9304719ba1193483f633d91237a02985e4fddb38e912a205795339759"
#23 1.138     },
#23 1.138     "watt/migrations/versions/20260926_51_baseline_tree_identity.py": {
#23 1.138       "image_files": [
#23 1.138         {
#23 1.138           "path": "/app/migrations/versions/20260926_51_baseline_tree_identity.py",
#23 1.138           "sha256": "724b9422bb77416c1c75c91be76d9a00726d6187521c627926aa02aff30b99c3"
#23 1.138         },
#23 1.138         {
#23 1.138           "path": "/qualification/migrations/versions/20260926_51_baseline_tree_identity.py",
#23 1.138           "sha256": "724b9422bb77416c1c75c91be76d9a00726d6187521c627926aa02aff30b99c3"
#23 1.138         }
#23 1.138       ],
#23 1.138       "sha256": "724b9422bb77416c1c75c91be76d9a00726d6187521c627926aa02aff30b99c3"
#23 1.138     },
#23 1.138     "watt/migrations/versions/20260926_52_authenticated_authority.py": {
#23 1.138       "image_files": [
#23 1.138         {
#23 1.138           "path": "/app/migrations/versions/20260926_52_authenticated_authority.py",
#23 1.138           "sha256": "0d5de2743f3d9bf51d1a65f3eb33f9b12e35a80752b7ac7fe1a99d991e8eedc7"
#23 1.138         },
#23 1.138         {
#23 1.138           "path": "/qualification/migrations/versions/20260926_52_authenticated_authority.py",
#23 1.138           "sha256": "0d5de2743f3d9bf51d1a65f3eb33f9b12e35a80752b7ac7fe1a99d991e8eedc7"
#23 1.138         }
#23 1.138       ],
#23 1.138       "sha256": "0d5de2743f3d9bf51d1a65f3eb33f9b12e35a80752b7ac7fe1a99d991e8eedc7"
#23 1.138     },
#23 1.138     "watt/migrations/versions/20260926_53_managed_git_source.py": {
#23 1.138       "image_files": [
#23 1.138         {
#23 1.138           "path": "/app/migrations/versions/20260926_53_managed_git_source.py",
#23 1.138           "sha256": "217fe89c79a697c991c7049d50a08f3b603ad1347e883cbb0643ac2937cac268"
#23 1.138         },
#23 1.138         {
#23 1.138           "path": "/qualification/migrations/versions/20260926_53_managed_git_source.py",
#23 1.138           "sha256": "217fe89c79a697c991c7049d50a08f3b603ad1347e883cbb0643ac2937cac268"
#23 1.138         }
#23 1.138       ],
#23 1.138       "sha256": "217fe89c79a697c991c7049d50a08f3b603ad1347e883cbb0643ac2937cac268"
#23 1.138     },
#23 1.138     "watt/migrations/versions/20260926_54_github_delivery.py": {
#23 1.138       "image_files": [
#23 1.138         {
#23 1.138           "path": "/app/migrations/versions/20260926_54_github_delivery.py",
#23 1.138           "sha256": "0436493e230542ac328c558fb14e90616e1e6fd5962a0152a2987dcb57a3f552"
#23 1.138         },
#23 1.138         {
#23 1.138           "path": "/qualification/migrations/versions/20260926_54_github_delivery.py",
#23 1.138           "sha256": "0436493e230542ac328c558fb14e90616e1e6fd5962a0152a2987dcb57a3f552"
#23 1.138         }
#23 1.138       ],
#23 1.138       "sha256": "0436493e230542ac328c558fb14e90616e1e6fd5962a0152a2987dcb57a3f552"
#23 1.138     },
#23 1.138     "watt/migrations/versions/20260926_55_software_products.py": {
#23 1.138       "image_files": [
#23 1.138         {
#23 1.138           "path": "/app/migrations/versions/20260926_55_software_products.py",
#23 1.138           "sha256": "ca34deef1f6c7a42b3a657b07c027c631fa281b6cfcbbdf5156626cc3813a253"
#23 1.138         },
#23 1.138         {
#23 1.138           "path": "/qualification/migrations/versions/20260926_55_software_products.py",
#23 1.138           "sha256": "ca34deef1f6c7a42b3a657b07c027c631fa281b6cfcbbdf5156626cc3813a253"
#23 1.138         }
#23 1.138       ],
#23 1.138       "sha256": "ca34deef1f6c7a42b3a657b07c027c631fa281b6cfcbbdf5156626cc3813a253"
#23 1.138     },
#23 1.138     "watt/migrations/versions/20260926_56_connector_operations.py": {
#23 1.138       "image_files": [
#23 1.138         {
#23 1.138           "path": "/app/migrations/versions/20260926_56_connector_operations.py",
#23 1.138           "sha256": "54ad3a72f42622a62dfb58552261f2e978a357f24577d7b73aeef4d17aa456b8"
#23 1.138         },
#23 1.138         {
#23 1.138           "path": "/qualification/migrations/versions/20260926_56_connector_operations.py",
#23 1.138           "sha256": "54ad3a72f42622a62dfb58552261f2e978a357f24577d7b73aeef4d17aa456b8"
#23 1.138         }
#23 1.138       ],
#23 1.138       "sha256": "54ad3a72f42622a62dfb58552261f2e978a357f24577d7b73aeef4d17aa456b8"
#23 1.138     },
#23 1.138     "watt/migrations/versions/20260926_57_evaluation_runs.py": {
#23 1.138       "image_files": [
#23 1.138         {
#23 1.138           "path": "/app/migrations/versions/20260926_57_evaluation_runs.py",
#23 1.138           "sha256": "a61fb6b16f475d85b3c16fdcaa7d2610584a073c2ed06cc226d4b90f140277d2"
#23 1.138         },
#23 1.138         {
#23 1.138           "path": "/qualification/migrations/versions/20260926_57_evaluation_runs.py",
#23 1.138           "sha256": "a61fb6b16f475d85b3c16fdcaa7d2610584a073c2ed06cc226d4b90f140277d2"
#23 1.138         }
#23 1.138       ],
#23 1.138       "sha256": "a61fb6b16f475d85b3c16fdcaa7d2610584a073c2ed06cc226d4b90f140277d2"
#23 1.138     },
#23 1.138     "watt/migrations/versions/20260927_58_work_convergence.py": {
#23 1.138       "image_files": [
#23 1.138         {
#23 1.138           "path": "/app/migrations/versions/20260927_58_work_convergence.py",
#23 1.138           "sha256": "66ac1ae61b8a62594cb9e84917cf4ade3c075f8e605ae5d53f700dc2c5c70ac4"
#23 1.138         },
#23 1.138         {
#23 1.138           "path": "/qualification/migrations/versions/20260927_58_work_convergence.py",
#23 1.138           "sha256": "66ac1ae61b8a62594cb9e84917cf4ade3c075f8e605ae5d53f700dc2c5c70ac4"
#23 1.138         }
#23 1.138       ],
#23 1.138       "sha256": "66ac1ae61b8a62594cb9e84917cf4ade3c075f8e605ae5d53f700dc2c5c70ac4"
#23 1.138     },
#23 1.138     "watt/migrations/versions/20260927_59_interaction_actions.py": {
#23 1.138       "image_files": [
#23 1.138         {
#23 1.138           "path": "/app/migrations/versions/20260927_59_interaction_actions.py",
#23 1.138           "sha256": "51591bec9948c53861f8c91122d283074d7a391a359f6933989a7e3ddbed61e7"
#23 1.138         },
#23 1.138         {
#23 1.138           "path": "/qualification/migrations/versions/20260927_59_interaction_actions.py",
#23 1.138           "sha256": "51591bec9948c53861f8c91122d283074d7a391a359f6933989a7e3ddbed61e7"
#23 1.138         }
#23 1.138       ],
#23 1.138       "sha256": "51591bec9948c53861f8c91122d283074d7a391a359f6933989a7e3ddbed61e7"
#23 1.138     },
#23 1.138     "watt/migrations/versions/20260927_60_action_interpretation_presence.py": {
#23 1.138       "image_files": [
#23 1.138         {
#23 1.138           "path": "/app/migrations/versions/20260927_60_action_interpretation_presence.py",
#23 1.138           "sha256": "36c14881d78dd8cd48cafc651cb9b18814cdc9bb3fe846f434c84102d5bac012"
#23 1.138         },
#23 1.138         {
#23 1.138           "path": "/qualification/migrations/versions/20260927_60_action_interpretation_presence.py",
#23 1.138           "sha256": "36c14881d78dd8cd48cafc651cb9b18814cdc9bb3fe846f434c84102d5bac012"
#23 1.138         }
#23 1.138       ],
#23 1.138       "sha256": "36c14881d78dd8cd48cafc651cb9b18814cdc9bb3fe846f434c84102d5bac012"
#23 1.138     },
#23 1.138     "watt/migrations/versions/20260927_61_intent_realization.py": {
#23 1.138       "image_files": [
#23 1.138         {
#23 1.138           "path": "/app/migrations/versions/20260927_61_intent_realization.py",
#23 1.138           "sha256": "474cc560500e1df81d1c0d1281304684897db3e540ca2f49922ea69eaee0cfa4"
#23 1.138         },
#23 1.138         {
#23 1.138           "path": "/qualification/migrations/versions/20260927_61_intent_realization.py",
#23 1.138           "sha256": "474cc560500e1df81d1c0d1281304684897db3e540ca2f49922ea69eaee0cfa4"
#23 1.138         }
#23 1.138       ],
#23 1.138       "sha256": "474cc560500e1df81d1c0d1281304684897db3e540ca2f49922ea69eaee0cfa4"
#23 1.138     },
#23 1.138     "watt/migrations/versions/20260928_62_turn_semantic_envelopes.py": {
#23 1.138       "image_files": [
#23 1.138         {
#23 1.138           "path": "/app/migrations/versions/20260928_62_turn_semantic_envelopes.py",
#23 1.138           "sha256": "3b1b467b68b619a04c4439ef11c387981a129b476a992c7892d77dbc8e5ae86d"
#23 1.138         },
#23 1.138         {
#23 1.138           "path": "/qualification/migrations/versions/20260928_62_turn_semantic_envelopes.py",
#23 1.138           "sha256": "3b1b467b68b619a04c4439ef11c387981a129b476a992c7892d77dbc8e5ae86d"
#23 1.138         }
#23 1.138       ],
#23 1.138       "sha256": "3b1b467b68b619a04c4439ef11c387981a129b476a992c7892d77dbc8e5ae86d"
#23 1.138     },
#23 1.138     "watt/migrations/versions/20261001_63_managed_source.py": {
#23 1.138       "image_files": [
#23 1.138         {
#23 1.138           "path": "/app/migrations/versions/20261001_63_managed_source.py",
#23 1.138           "sha256": "f471fb465a45aa916991ea1bcc1338fa9e1b7036f8e7affe5c8ce156f4c0d7dd"
#23 1.138         },
#23 1.138         {
#23 1.138           "path": "/qualification/migrations/versions/20261001_63_managed_source.py",
#23 1.138           "sha256": "f471fb465a45aa916991ea1bcc1338fa9e1b7036f8e7affe5c8ce156f4c0d7dd"
#23 1.138         }
#23 1.138       ],
#23 1.138       "sha256": "f471fb465a45aa916991ea1bcc1338fa9e1b7036f8e7affe5c8ce156f4c0d7dd"
#23 1.138     },
#23 1.138     "watt/migrations/versions/20261001_64_product_workspace_context.py": {
#23 1.138       "image_files": [
#23 1.138         {
#23 1.138           "path": "/app/migrations/versions/20261001_64_product_workspace_context.py",
#23 1.138           "sha256": "c3b30d9b02f183880de4e21e2d1320f97eaade18724470b1c4fa50ee9ee3b889"
#23 1.138         },
#23 1.138         {
#23 1.138           "path": "/qualification/migrations/versions/20261001_64_product_workspace_context.py",
#23 1.138           "sha256": "c3b30d9b02f183880de4e21e2d1320f97eaade18724470b1c4fa50ee9ee3b889"
#23 1.138         }
#23 1.138       ],
#23 1.138       "sha256": "c3b30d9b02f183880de4e21e2d1320f97eaade18724470b1c4fa50ee9ee3b889"
#23 1.138     },
#23 1.138     "watt/migrations/versions/20261002_65_aliyun_ecs_delivery.py": {
#23 1.138       "image_files": [
#23 1.138         {
#23 1.138           "path": "/app/migrations/versions/20261002_65_aliyun_ecs_delivery.py",
#23 1.138           "sha256": "cc61c4d97b83594770d14b9e49bcede337b03cc916a26d2fcc448f3333f1b737"
#23 1.138         },
#23 1.138         {
#23 1.138           "path": "/qualification/migrations/versions/20261002_65_aliyun_ecs_delivery.py",
#23 1.138           "sha256": "cc61c4d97b83594770d14b9e49bcede337b03cc916a26d2fcc448f3333f1b737"
#23 1.138         }
#23 1.138       ],
#23 1.138       "sha256": "cc61c4d97b83594770d14b9e49bcede337b03cc916a26d2fcc448f3333f1b737"
#23 1.138     },
#23 1.138     "watt/migrations/versions/20261005_66_cloud_worker_runtime.py": {
#23 1.138       "image_files": [
#23 1.138         {
#23 1.138           "path": "/app/migrations/versions/20261005_66_cloud_worker_runtime.py",
#23 1.138           "sha256": "a2c798311e4e04acf93be17c52830e7ce33171a825ec7a52b36f923bd6c36727"
#23 1.138         },
#23 1.138         {
#23 1.138           "path": "/qualification/migrations/versions/20261005_66_cloud_worker_runtime.py",
#23 1.138           "sha256": "a2c798311e4e04acf93be17c52830e7ce33171a825ec7a52b36f923bd6c36727"
#23 1.138         }
#23 1.138       ],
#23 1.138       "sha256": "a2c798311e4e04acf93be17c52830e7ce33171a825ec7a52b36f923bd6c36727"
#23 1.138     },
#23 1.138     "watt/migrations/versions/20261005_67_production_execution_runtime.py": {
#23 1.138       "image_files": [
#23 1.138         {
#23 1.138           "path": "/app/migrations/versions/20261005_67_production_execution_runtime.py",
#23 1.138           "sha256": "2f979c28b2f0462cc0017216609e04945f2ab064d5e33e64e121a3ee8e9b1666"
#23 1.138         },
#23 1.138         {
#23 1.138           "path": "/qualification/migrations/versions/20261005_67_production_execution_runtime.py",
#23 1.138           "sha256": "2f979c28b2f0462cc0017216609e04945f2ab064d5e33e64e121a3ee8e9b1666"
#23 1.138         }
#23 1.138       ],
#23 1.138       "sha256": "2f979c28b2f0462cc0017216609e04945f2ab064d5e33e64e121a3ee8e9b1666"
#23 1.138     },
#23 1.138     "watt/migrations/versions/20261005_68_source_promotion_intent.py": {
#23 1.138       "image_files": [
#23 1.138         {
#23 1.138           "path": "/app/migrations/versions/20261005_68_source_promotion_intent.py",
#23 1.138           "sha256": "6a659dba8a5e8a056f0878fd5b0fd555e147d63aad9cd50c2455a533e6cb4ae6"
#23 1.138         },
#23 1.138         {
#23 1.138           "path": "/qualification/migrations/versions/20261005_68_source_promotion_intent.py",
#23 1.138           "sha256": "6a659dba8a5e8a056f0878fd5b0fd555e147d63aad9cd50c2455a533e6cb4ae6"
#23 1.138         }
#23 1.138       ],
#23 1.138       "sha256": "6a659dba8a5e8a056f0878fd5b0fd555e147d63aad9cd50c2455a533e6cb4ae6"
#23 1.138     },
#23 1.138     "watt/migrations/versions/20261006_69_quality_operations.py": {
#23 1.138       "image_files": [
#23 1.138         {
#23 1.138           "path": "/app/migrations/versions/20261006_69_quality_operations.py",
#23 1.138           "sha256": "daed9b3752f8cc4b11a2480a62f9dd53e0fbcf8d917cd809b02cc029ad12fc53"
#23 1.138         },
#23 1.138         {
#23 1.138           "path": "/qualification/migrations/versions/20261006_69_quality_operations.py",
#23 1.138           "sha256": "daed9b3752f8cc4b11a2480a62f9dd53e0fbcf8d917cd809b02cc029ad12fc53"
#23 1.138         }
#23 1.138       ],
#23 1.138       "sha256": "daed9b3752f8cc4b11a2480a62f9dd53e0fbcf8d917cd809b02cc029ad12fc53"
#23 1.138     },
#23 1.138     "watt/migrations/versions/20261006_70_quality_run_controls.py": {
#23 1.138       "image_files": [
#23 1.138         {
#23 1.138           "path": "/app/migrations/versions/20261006_70_quality_run_controls.py",
#23 1.138           "sha256": "b911e02be2cb0e58f69a3167ddba1b29133e80698d7f548f11efda9df5802f91"
#23 1.138         },
#23 1.138         {
#23 1.138           "path": "/qualification/migrations/versions/20261006_70_quality_run_controls.py",
#23 1.138           "sha256": "b911e02be2cb0e58f69a3167ddba1b29133e80698d7f548f11efda9df5802f91"
#23 1.138         }
#23 1.138       ],
#23 1.138       "sha256": "b911e02be2cb0e58f69a3167ddba1b29133e80698d7f548f11efda9df5802f91"
#23 1.138     },
#23 1.138     "watt/migrations/versions/20261006_71_human_interaction_authority.py": {
#23 1.138       "image_files": [
#23 1.138         {
#23 1.138           "path": "/app/migrations/versions/20261006_71_human_interaction_authority.py",
#23 1.138           "sha256": "3a33642ceac46b8f0d01ef006b7adc0815f6b189cc40a77e4225c9ec2edff48f"
#23 1.138         },
#23 1.138         {
#23 1.138           "path": "/qualification/migrations/versions/20261006_71_human_interaction_authority.py",
#23 1.138           "sha256": "3a33642ceac46b8f0d01ef006b7adc0815f6b189cc40a77e4225c9ec2edff48f"
#23 1.138         }
#23 1.138       ],
#23 1.138       "sha256": "3a33642ceac46b8f0d01ef006b7adc0815f6b189cc40a77e4225c9ec2edff48f"
#23 1.138     },
#23 1.138     "watt/migrations/versions/20261007_72_delivery_observation_indexes.py": {
#23 1.138       "image_files": [
#23 1.138         {
#23 1.138           "path": "/app/migrations/versions/20261007_72_delivery_observation_indexes.py",
#23 1.138           "sha256": "b2a0ad0276e5cdd782ed6fbe72c48b9a3fd055ef9d33d362e8696678dcb59d47"
#23 1.138         },
#23 1.138         {
#23 1.138           "path": "/qualification/migrations/versions/20261007_72_delivery_observation_indexes.py",
#23 1.138           "sha256": "b2a0ad0276e5cdd782ed6fbe72c48b9a3fd055ef9d33d362e8696678dcb59d47"
#23 1.138         }
#23 1.138       ],
#23 1.138       "sha256": "b2a0ad0276e5cdd782ed6fbe72c48b9a3fd055ef9d33d362e8696678dcb59d47"
#23 1.138     },
#23 1.138     "watt/pyproject.toml": {
#23 1.138       "image_files": [
#23 1.138         {
#23 1.138           "path": "/app/pyproject.toml",
#23 1.138           "sha256": "89419c3c7c09ae7eb84c8dfe9f1ff1e9381d7bd10aacefe3e151cea0356a9e69"
#23 1.138         },
#23 1.138         {
#23 1.138           "path": "/qualification/pyproject.toml",
#23 1.138           "sha256": "89419c3c7c09ae7eb84c8dfe9f1ff1e9381d7bd10aacefe3e151cea0356a9e69"
#23 1.138         }
#23 1.138       ],
#23 1.138       "sha256": "89419c3c7c09ae7eb84c8dfe9f1ff1e9381d7bd10aacefe3e151cea0356a9e69"
#23 1.138     },
#23 1.138     "watt/src/spg/__init__.py": {
#23 1.138       "image_files": [
#23 1.138         {
#23 1.138           "path": "/app/src/spg/__init__.py",
#23 1.138           "sha256": "4a0c3f8a40fe13f5b99014c0a287d9fa97b18331a0a0b4b5dcd779db37200451"
#23 1.138         }
#23 1.138       ],
#23 1.138       "sha256": "4a0c3f8a40fe13f5b99014c0a287d9fa97b18331a0a0b4b5dcd779db37200451"
#23 1.138     },
#23 1.138     "watt/src/spg/__main__.py": {
#23 1.138       "image_files": [
#23 1.138         {
#23 1.138           "path": "/app/src/spg/__main__.py",
#23 1.138           "sha256": "c1c1a0f85d5f8674fc57dae15a7666c985b4999af7acc61423105d5ac56444d5"
#23 1.138         }
#23 1.138       ],
#23 1.138       "sha256": "c1c1a0f85d5f8674fc57dae15a7666c985b4999af7acc61423105d5ac56444d5"
#23 1.138     },
#23 1.138     "watt/src/spg/api/__init__.py": {
#23 1.138       "image_files": [
#23 1.138         {
#23 1.138           "path": "/app/src/spg/api/__init__.py",
#23 1.138           "sha256": "5395392b3eab08fdb0f1c481a5e7beadd301799c44e2e0aaacf66a4784922db8"
#23 1.138         }
#23 1.138       ],
#23 1.138       "sha256": "5395392b3eab08fdb0f1c481a5e7beadd301799c44e2e0aaacf66a4784922db8"
#23 1.138     },
#23 1.138     "watt/src/spg/api/admin.py": {
#23 1.138       "image_files": [
#23 1.138         {
#23 1.138           "path": "/app/src/spg/api/admin.py",
#23 1.138           "sha256": "3ce4fc9fe84c26f66af545425e0714d77a17733b76bff5bfd1d87b2b694ad534"
#23 1.138         }
#23 1.138       ],
#23 1.138       "sha256": "3ce4fc9fe84c26f66af545425e0714d77a17733b76bff5bfd1d87b2b694ad534"
#23 1.138     },
#23 1.138     "watt/src/spg/api/authority.py": {
#23 1.138       "image_files": [
#23 1.138         {
#23 1.138           "path": "/app/src/spg/api/authority.py",
#23 1.138           "sha256": "1b6d0e3963412e8d5de26e75c03d934f17faa513b4ab8ae67f679a1246af2feb"
#23 1.138         }
#23 1.138       ],
#23 1.138       "sha256": "1b6d0e3963412e8d5de26e75c03d934f17faa513b4ab8ae67f679a1246af2feb"
#23 1.138     },
#23 1.138     "watt/src/spg/api/delivery_observation.py": {
#23 1.138       "image_files": [
#23 1.138         {
#23 1.138           "path": "/app/src/spg/api/delivery_observation.py",
#23 1.138           "sha256": "f4afa2fa725598199e669ca80fd7c7b743a7f6400feb854a3a6dc55ec10377f9"
#23 1.138         }
#23 1.138       ],
#23 1.138       "sha256": "f4afa2fa725598199e669ca80fd7c7b743a7f6400feb854a3a6dc55ec10377f9"
#23 1.138     },
#23 1.138     "watt/src/spg/api/dto.py": {
#23 1.138       "image_files": [
#23 1.138         {
#23 1.138           "path": "/app/src/spg/api/dto.py",
#23 1.138           "sha256": "ce24166f0845206a0f36ecbcb30dc92c839969b708d00e91f02789b832d26cf1"
#23 1.138         }
#23 1.138       ],
#23 1.138       "sha256": "ce24166f0845206a0f36ecbcb30dc92c839969b708d00e91f02789b832d26cf1"
#23 1.138     },
#23 1.138     "watt/src/spg/api/http.py": {
#23 1.138       "image_files": [
#23 1.138         {
#23 1.138           "path": "/app/src/spg/api/http.py",
#23 1.138           "sha256": "7bc0d9ded75f8090b263233ea3cd9c1a27ab491ff6d5611921566f760f8f67ad"
#23 1.138         }
#23 1.138       ],
#23 1.138       "sha256": "7bc0d9ded75f8090b263233ea3cd9c1a27ab491ff6d5611921566f760f8f67ad"
#23 1.138     },
#23 1.138     "watt/src/spg/application/__init__.py": {
#23 1.138       "image_files": [
#23 1.138         {
#23 1.138           "path": "/app/src/spg/application/__init__.py",
#23 1.138           "sha256": "b3379d1f8d72415679826213e04c8b8af4a246cd92afd0347c3e212ab2c89e55"
#23 1.138         }
#23 1.138       ],
#23 1.138       "sha256": "b3379d1f8d72415679826213e04c8b8af4a246cd92afd0347c3e212ab2c89e55"
#23 1.138     },
#23 1.138     "watt/src/spg/application/assets.py": {
#23 1.138       "image_files": [
#23 1.138         {
#23 1.138           "path": "/app/src/spg/application/assets.py",
#23 1.138           "sha256": "720dbdc674064d813a7d38c852bf3dbffadbe5f098625770f5f19b2b610e81a5"
#23 1.138         }
#23 1.138       ],
#23 1.138       "sha256": "720dbdc674064d813a7d38c852bf3dbffadbe5f098625770f5f19b2b610e81a5"
#23 1.138     },
#23 1.138     "watt/src/spg/application/attempt_recovery.py": {
#23 1.138       "image_files": [
#23 1.138         {
#23 1.138           "path": "/app/src/spg/application/attempt_recovery.py",
#23 1.138           "sha256": "960e674f68a19cdd274f3d26a9090551dce38cd9a37da75aea00ee075146a957"
#23 1.138         }
#23 1.138       ],
#23 1.138       "sha256": "960e674f68a19cdd274f3d26a9090551dce38cd9a37da75aea00ee075146a957"
#23 1.138     },
#23 1.138     "watt/src/spg/application/bootstrap.py": {
#23 1.138       "image_files": [
#23 1.138         {
#23 1.138           "path": "/app/src/spg/application/bootstrap.py",
#23 1.138           "sha256": "a00488537ccb7d0ed52e9eafdecc82699708b90b4aa15d6bd069b12af9f22536"
#23 1.138         }
#23 1.138       ],
#23 1.138       "sha256": "a00488537ccb7d0ed52e9eafdecc82699708b90b4aa15d6bd069b12af9f22536"
#23 1.138     },
#23 1.138     "watt/src/spg/application/brownfield_delivery.py": {
#23 1.138       "image_files": [
#23 1.138         {
#23 1.138           "path": "/app/src/spg/application/brownfield_delivery.py",
#23 1.138           "sha256": "9f4d3c368cc80ef3e6ea39d68381de8826a049e5bfb2cbf9ff3dfb511e6a9014"
#23 1.138         }
#23 1.138       ],
#23 1.138       "sha256": "9f4d3c368cc80ef3e6ea39d68381de8826a049e5bfb2cbf9ff3dfb511e6a9014"
#23 1.138     },
#23 1.138     "watt/src/spg/application/candidate_preview.py": {
#23 1.138       "image_files": [
#23 1.138         {
#23 1.138           "path": "/app/src/spg/application/candidate_preview.py",
#23 1.138           "sha256": "6e2c149e56d43bfe7cb33284c767bd71d5c0fb9f91c71e8cc07f81fb5e8bc1be"
#23 1.138         }
#23 1.138       ],
#23 1.138       "sha256": "6e2c149e56d43bfe7cb33284c767bd71d5c0fb9f91c71e8cc07f81fb5e8bc1be"
#23 1.138     },
#23 1.138     "watt/src/spg/application/cloud_delivery.py": {
#23 1.138       "image_files": [
#23 1.138         {
#23 1.138           "path": "/app/src/spg/application/cloud_delivery.py",
#23 1.138           "sha256": "b0f9c6ac85d5094a86aee0d969b85291ac2cba4c0158d5ebe9d08a79d0e439b6"
#23 1.138         }
#23 1.138       ],
#23 1.138       "sha256": "b0f9c6ac85d5094a86aee0d969b85291ac2cba4c0158d5ebe9d08a79d0e439b6"
#23 1.138     },
#23 1.138     "watt/src/spg/application/completion.py": {
#23 1.138       "image_files": [
#23 1.138         {
#23 1.138           "path": "/app/src/spg/application/completion.py",
#23 1.138           "sha256": "4ea123eae4f45aec0cb3167ee67742690d4be885d375543fa12d4389b985704f"
#23 1.138         }
#23 1.138       ],
#23 1.138       "sha256": "4ea123eae4f45aec0cb3167ee67742690d4be885d375543fa12d4389b985704f"
#23 1.138     },
#23 1.138     "watt/src/spg/application/connector_manifest.py": {
#23 1.138       "image_files": [
#23 1.138         {
#23 1.138           "path": "/app/src/spg/application/connector_manifest.py",
#23 1.138           "sha256": "1ba6c395aeb89fdd5f4fc8ba7206e09a94de13da9d16f3c785cd133a715e1241"
#23 1.138         }
#23 1.138       ],
#23 1.138       "sha256": "1ba6c395aeb89fdd5f4fc8ba7206e09a94de13da9d16f3c785cd133a715e1241"
#23 1.138     },
#23 1.138     "watt/src/spg/application/connectors.py": {
#23 1.138       "image_files": [
#23 1.138         {
#23 1.138           "path": "/app/src/spg/application/connectors.py",
#23 1.138           "sha256": "f143c38522f46c625d28af05d46e8077a5429a7a056966beff5d3336f677ee2f"
#23 1.138         }
#23 1.138       ],
#23 1.138       "sha256": "f143c38522f46c625d28af05d46e8077a5429a7a056966beff5d3336f677ee2f"
#23 1.138     },
#23 1.138     "watt/src/spg/application/control_room.py": {
#23 1.138       "image_files": [
#23 1.138         {
#23 1.138           "path": "/app/src/spg/application/control_room.py",
#23 1.138           "sha256": "205a340eb712fecfce15a8bb1d0c5cdba7c140f649c2d208ab85c829b2f6baf2"
#23 1.138         }
#23 1.138       ],
#23 1.138       "sha256": "205a340eb712fecfce15a8bb1d0c5cdba7c140f649c2d208ab85c829b2f6baf2"
#23 1.138     },
#23 1.138     "watt/src/spg/application/control_state.py": {
#23 1.138       "image_files": [
#23 1.138         {
#23 1.138           "path": "/app/src/spg/application/control_state.py",
#23 1.138           "sha256": "bb1575c56e732c75a7392842cfd106ac7ca2e15fe455f0f669d0e8889c961649"
#23 1.138         }
#23 1.138       ],
#23 1.138       "sha256": "bb1575c56e732c75a7392842cfd106ac7ca2e15fe455f0f669d0e8889c961649"
#23 1.138     },
#23 1.138     "watt/src/spg/application/conversation.py": {
#23 1.138       "image_files": [
#23 1.138         {
#23 1.138           "path": "/app/src/spg/application/conversation.py",
#23 1.138           "sha256": "8a6929e3e642e04d4090e1c9d32f1c674e2861cb118c5ea0d42b40ec70dd3c8f"
#23 1.138         }
#23 1.138       ],
#23 1.138       "sha256": "8a6929e3e642e04d4090e1c9d32f1c674e2861cb118c5ea0d42b40ec70dd3c8f"
#23 1.138     },
#23 1.138     "watt/src/spg/application/decision_context.py": {
#23 1.138       "image_files": [
#23 1.138         {
#23 1.138           "path": "/app/src/spg/application/decision_context.py",
#23 1.138           "sha256": "88d512a4fd14613da9d7d5b11d05404364c937c034a676e72acdb255eeb19bd4"
#23 1.138         }
#23 1.138       ],
#23 1.138       "sha256": "88d512a4fd14613da9d7d5b11d05404364c937c034a676e72acdb255eeb19bd4"
#23 1.138     },
#23 1.138     "watt/src/spg/application/delivery.py": {
#23 1.138       "image_files": [
#23 1.138         {
#23 1.138           "path": "/app/src/spg/application/delivery.py",
#23 1.138           "sha256": "0e404f3e1703d250ff8f3099aecc9650d64a3df56091993071509d5da930ee59"
#23 1.138         }
#23 1.138       ],
#23 1.138       "sha256": "0e404f3e1703d250ff8f3099aecc9650d64a3df56091993071509d5da930ee59"
#23 1.138     },
#23 1.138     "watt/src/spg/application/delivery_observation.py": {
#23 1.138       "image_files": [
#23 1.138         {
#23 1.138           "path": "/app/src/spg/application/delivery_observation.py",
#23 1.138           "sha256": "da1cd3ebf1cfa13a2de06705aa46ff0d6291bdd3eb81da71c4f4058235dd7b20"
#23 1.138         }
#23 1.138       ],
#23 1.138       "sha256": "da1cd3ebf1cfa13a2de06705aa46ff0d6291bdd3eb81da71c4f4058235dd7b20"
#23 1.138     },
#23 1.138     "watt/src/spg/application/design_intent.py": {
#23 1.138       "image_files": [
#23 1.138         {
#23 1.138           "path": "/app/src/spg/application/design_intent.py",
#23 1.138           "sha256": "10979d349fee409517b910d95b9e1772c4b28fa4cea29b2b686b27d999d0f04b"
#23 1.138         }
#23 1.138       ],
#23 1.138       "sha256": "10979d349fee409517b910d95b9e1772c4b28fa4cea29b2b686b27d999d0f04b"
#23 1.138     },
#23 1.138     "watt/src/spg/application/engineering_semantics.py": {
#23 1.138       "image_files": [
#23 1.138         {
#23 1.138           "path": "/app/src/spg/application/engineering_semantics.py",
#23 1.138           "sha256": "9acbe95bb47be9f9c143417b7afb96f436e96a6defe0ff898fe7de20f19f57c1"
#23 1.138         }
#23 1.138       ],
#23 1.138       "sha256": "9acbe95bb47be9f9c143417b7afb96f436e96a6defe0ff898fe7de20f19f57c1"
#23 1.138     },
#23 1.138     "watt/src/spg/application/execution.py": {
#23 1.138       "image_files": [
#23 1.138         {
#23 1.138           "path": "/app/src/spg/application/execution.py",
#23 1.138           "sha256": "e8dd920b052db5e347bb367017d65e8e6231af113c7b12af7d93e31bb95670c6"
#23 1.138         }
#23 1.138       ],
#23 1.138       "sha256": "e8dd920b052db5e347bb367017d65e8e6231af113c7b12af7d93e31bb95670c6"
#23 1.138     },
#23 1.138     "watt/src/spg/application/executor_runtime.py": {
#23 1.138       "image_files": [
#23 1.138         {
#23 1.138           "path": "/app/src/spg/application/executor_runtime.py",
#23 1.138           "sha256": "f73a01e705a5e43522adbde6df539b7ee9d80386922b2bd11cf23896cb01151c"
#23 1.138         }
#23 1.138       ],
#23 1.138       "sha256": "f73a01e705a5e43522adbde6df539b7ee9d80386922b2bd11cf23896cb01151c"
#23 1.138     },
#23 1.138     "watt/src/spg/application/external_research.py": {
#23 1.138       "image_files": [
#23 1.138         {
#23 1.138           "path": "/app/src/spg/application/external_research.py",
#23 1.138           "sha256": "6005c936e7d275a048e75786b5579e0227e2ca4058cdec5bb8fafa2b704a5f1c"
#23 1.138         }
#23 1.138       ],
#23 1.138       "sha256": "6005c936e7d275a048e75786b5579e0227e2ca4058cdec5bb8fafa2b704a5f1c"
#23 1.138     },
#23 1.138     "watt/src/spg/application/git_filesystem.py": {
#23 1.138       "image_files": [
#23 1.138         {
#23 1.138           "path": "/app/src/spg/application/git_filesystem.py",
#23 1.138           "sha256": "48b65da6958a2f7ea9d1ffafe4c89566b9902cc9e9459f0685852b114155cad1"
#23 1.138         }
#23 1.138       ],
#23 1.138       "sha256": "48b65da6958a2f7ea9d1ffafe4c89566b9902cc9e9459f0685852b114155cad1"
#23 1.138     },
#23 1.138     "watt/src/spg/application/github_delivery.py": {
#23 1.138       "image_files": [
#23 1.138         {
#23 1.138           "path": "/app/src/spg/application/github_delivery.py",
#23 1.138           "sha256": "35673bff84bd7c49786d669fb44471c76f7d930ba98641976b0a2c5e2a2aabae"
#23 1.138         }
#23 1.138       ],
#23 1.138       "sha256": "35673bff84bd7c49786d669fb44471c76f7d930ba98641976b0a2c5e2a2aabae"
#23 1.138     },
#23 1.138     "watt/src/spg/application/governance.py": {
#23 1.138       "image_files": [
#23 1.138         {
#23 1.138           "path": "/app/src/spg/application/governance.py",
#23 1.138           "sha256": "f6303a6ac9c463b7d490d5530998cbeddb5b41ad266d5c78e5f695c36d90548c"
#23 1.138         }
#23 1.138       ],
#23 1.138       "sha256": "f6303a6ac9c463b7d490d5530998cbeddb5b41ad266d5c78e5f695c36d90548c"
#23 1.138     },
#23 1.138     "watt/src/spg/application/governed_obligations.py": {
#23 1.138       "image_files": [
#23 1.138         {
#23 1.138           "path": "/app/src/spg/application/governed_obligations.py",
#23 1.138           "sha256": "d85c79c95bc43b4847a3eb34093fd62ec5aa3e4da524ddccf99547d9d1f9ff5f"
#23 1.138         }
#23 1.138       ],
#23 1.138       "sha256": "d85c79c95bc43b4847a3eb34093fd62ec5aa3e4da524ddccf99547d9d1f9ff5f"
#23 1.138     },
#23 1.138     "watt/src/spg/application/guardian_assurance.py": {
#23 1.138       "image_files": [
#23 1.138         {
#23 1.138           "path": "/app/src/spg/application/guardian_assurance.py",
#23 1.138           "sha256": "7054b78ceba34f0892d7236e1f519df445f16ec2b047d9e164007b2a9757fc74"
#23 1.138         }
#23 1.138       ],
#23 1.138       "sha256": "7054b78ceba34f0892d7236e1f519df445f16ec2b047d9e164007b2a9757fc74"
#23 1.138     },
#23 1.138     "watt/src/spg/application/guided_design.py": {
#23 1.138       "image_files": [
#23 1.138         {
#23 1.138           "path": "/app/src/spg/application/guided_design.py",
#23 1.138           "sha256": "33bb01139d227920b0659fd017e79dd50e8096ee06a36829cc6a263ad42de65c"
#23 1.138         }
#23 1.138       ],
#23 1.138       "sha256": "33bb01139d227920b0659fd017e79dd50e8096ee06a36829cc6a263ad42de65c"
#23 1.138     },
#23 1.138     "watt/src/spg/application/human_attention.py": {
#23 1.138       "image_files": [
#23 1.138         {
#23 1.138           "path": "/app/src/spg/application/human_attention.py",
#23 1.138           "sha256": "15208e24f0486bdc3bfc88a8dc3a40ffab079e53acdd41f1809f5ace244c705a"
#23 1.138         }
#23 1.138       ],
#23 1.138       "sha256": "15208e24f0486bdc3bfc88a8dc3a40ffab079e53acdd41f1809f5ace244c705a"
#23 1.138     },
#23 1.138     "watt/src/spg/application/human_language.py": {
#23 1.138       "image_files": [
#23 1.138         {
#23 1.138           "path": "/app/src/spg/application/human_language.py",
#23 1.138           "sha256": "fe23450cbb096370833b0c88966e10d5699e0fdfc8f80e2931d2e65510a14a04"
#23 1.138         }
#23 1.138       ],
#23 1.138       "sha256": "fe23450cbb096370833b0c88966e10d5699e0fdfc8f80e2931d2e65510a14a04"
#23 1.138     },
#23 1.138     "watt/src/spg/application/human_visible.py": {
#23 1.138       "image_files": [
#23 1.138         {
#23 1.138           "path": "/app/src/spg/application/human_visible.py",
#23 1.138           "sha256": "a9958db29bb9e31a9c27321fbcf05fa16087119c78bb26303611c0b7b4d2fa10"
#23 1.138         }
#23 1.138       ],
#23 1.138       "sha256": "a9958db29bb9e31a9c27321fbcf05fa16087119c78bb26303611c0b7b4d2fa10"
#23 1.138     },
#23 1.138     "watt/src/spg/application/integration.py": {
#23 1.138       "image_files": [
#23 1.138         {
#23 1.138           "path": "/app/src/spg/application/integration.py",
#23 1.138           "sha256": "2e9de3e1b05ad55f235473bcf085b2f2d0d073296bf739cbb1ad9c9400266d9a"
#23 1.138         }
#23 1.138       ],
#23 1.138       "sha256": "2e9de3e1b05ad55f235473bcf085b2f2d0d073296bf739cbb1ad9c9400266d9a"
#23 1.138     },
#23 1.138     "watt/src/spg/application/intent_owner_adapters.py": {
#23 1.138       "image_files": [
#23 1.138         {
#23 1.138           "path": "/app/src/spg/application/intent_owner_adapters.py",
#23 1.138           "sha256": "08e58a9495ffe55327238176272a707fc79f6f037227f36bd4cd350d84ec1777"
#23 1.138         }
#23 1.138       ],
#23 1.138       "sha256": "08e58a9495ffe55327238176272a707fc79f6f037227f36bd4cd350d84ec1777"
#23 1.138     },
#23 1.138     "watt/src/spg/application/intent_realization.py": {
#23 1.138       "image_files": [
#23 1.138         {
#23 1.138           "path": "/app/src/spg/application/intent_realization.py",
#23 1.138           "sha256": "dc0518e898e65bf07ce188b0cb09d2f46e791c5d6ec015b78fb0696a6a03fa90"
#23 1.138         }
#23 1.138       ],
#23 1.138       "sha256": "dc0518e898e65bf07ce188b0cb09d2f46e791c5d6ec015b78fb0696a6a03fa90"
#23 1.138     },
#23 1.138     "watt/src/spg/application/interaction.py": {
#23 1.138       "image_files": [
#23 1.138         {
#23 1.138           "path": "/app/src/spg/application/interaction.py",
#23 1.138           "sha256": "0091659b818d115c99003340b8ac0670c6c485cc292ea976009bb7edba841b14"
#23 1.138         }
#23 1.138       ],
#23 1.138       "sha256": "0091659b818d115c99003340b8ac0670c6c485cc292ea976009bb7edba841b14"
#23 1.138     },
#23 1.138     "watt/src/spg/application/interaction_strategy.py": {
#23 1.138       "image_files": [
#23 1.138         {
#23 1.138           "path": "/app/src/spg/application/interaction_strategy.py",
#23 1.138           "sha256": "be831c2fd252a19630632467b25d8b9c02c49ffac9a5c8f989fa22c0e0166a1b"
#23 1.138         }
#23 1.138       ],
#23 1.138       "sha256": "be831c2fd252a19630632467b25d8b9c02c49ffac9a5c8f989fa22c0e0166a1b"
#23 1.138     },
#23 1.138     "watt/src/spg/application/maintenance_recovery.py": {
#23 1.138       "image_files": [
#23 1.138         {
#23 1.138           "path": "/app/src/spg/application/maintenance_recovery.py",
#23 1.138           "sha256": "ee7e1ce6bb6e29db55cdd8a60caa85cb04a7d6f0a49bc6b4042293d15ee3b18e"
#23 1.138         }
#23 1.138       ],
#23 1.138       "sha256": "ee7e1ce6bb6e29db55cdd8a60caa85cb04a7d6f0a49bc6b4042293d15ee3b18e"
#23 1.138     },
#23 1.138     "watt/src/spg/application/managed_git_source.py": {
#23 1.138       "image_files": [
#23 1.138         {
#23 1.138           "path": "/app/src/spg/application/managed_git_source.py",
#23 1.138           "sha256": "6ab6077abc4387c068f8cbd1e6135d4dcef93d01ced8553efd2f6f11626b3bda"
#23 1.138         }
#23 1.138       ],
#23 1.138       "sha256": "6ab6077abc4387c068f8cbd1e6135d4dcef93d01ced8553efd2f6f11626b3bda"
#23 1.138     },
#23 1.138     "watt/src/spg/application/managed_greenfield_context.py": {
#23 1.138       "image_files": [
#23 1.138         {
#23 1.138           "path": "/app/src/spg/application/managed_greenfield_context.py",
#23 1.138           "sha256": "e2d25d794229a5ccfcbc7d6552bc2c3da7bf7aeac7f9d130e55e89e94f13be2c"
#23 1.138         }
#23 1.138       ],
#23 1.138       "sha256": "e2d25d794229a5ccfcbc7d6552bc2c3da7bf7aeac7f9d130e55e89e94f13be2c"
#23 1.138     },
#23 1.138     "watt/src/spg/application/materialization.py": {
#23 1.138       "image_files": [
#23 1.138         {
#23 1.138           "path": "/app/src/spg/application/materialization.py",
#23 1.138           "sha256": "58d292b03a5b889de2e1c1be239227d1681a471e56a1085b2da62758ea67b9de"
#23 1.138         }
#23 1.138       ],
#23 1.138       "sha256": "58d292b03a5b889de2e1c1be239227d1681a471e56a1085b2da62758ea67b9de"
#23 1.138     },
#23 1.138     "watt/src/spg/application/measurement.py": {
#23 1.138       "image_files": [
#23 1.138         {
#23 1.138           "path": "/app/src/spg/application/measurement.py",
#23 1.138           "sha256": "0c6958bdaa8aec58567402574a754f2ecb3c0b11622da6ed24cda3803f425501"
#23 1.138         }
#23 1.138       ],
#23 1.138       "sha256": "0c6958bdaa8aec58567402574a754f2ecb3c0b11622da6ed24cda3803f425501"
#23 1.138     },
#23 1.138     "watt/src/spg/application/multi_pwu_lineage.py": {
#23 1.138       "image_files": [
#23 1.138         {
#23 1.138           "path": "/app/src/spg/application/multi_pwu_lineage.py",
#23 1.138           "sha256": "8a184d453571c459c730a13bf1394090d5cefecd7815e3ebdbe31e11a3d8c074"
#23 1.138         }
#23 1.138       ],
#23 1.138       "sha256": "8a184d453571c459c730a13bf1394090d5cefecd7815e3ebdbe31e11a3d8c074"
#23 1.138     },
#23 1.138     "watt/src/spg/application/native_connector_qualification.py": {
#23 1.138       "image_files": [
#23 1.138         {
#23 1.138           "path": "/app/src/spg/application/native_connector_qualification.py",
#23 1.138           "sha256": "4c4f4600ad06fec41654c2be4fa659338d83064bc7ef85178783bedaada6971a"
#23 1.138         }
#23 1.138       ],
#23 1.138       "sha256": "4c4f4600ad06fec41654c2be4fa659338d83064bc7ef85178783bedaada6971a"
#23 1.138     },
#23 1.138     "watt/src/spg/application/native_git_operations.py": {
#23 1.138       "image_files": [
#23 1.138         {
#23 1.138           "path": "/app/src/spg/application/native_git_operations.py",
#23 1.138           "sha256": "3e7008d332c90bb60025fe69683deeedbed972f79ae3dc345de9c3c25e91fdd6"
#23 1.138         }
#23 1.138       ],
#23 1.138       "sha256": "3e7008d332c90bb60025fe69683deeedbed972f79ae3dc345de9c3c25e91fdd6"
#23 1.138     },
#23 1.138     "watt/src/spg/application/native_production_environment.py": {
#23 1.138       "image_files": [
#23 1.138         {
#23 1.138           "path": "/app/src/spg/application/native_production_environment.py",
#23 1.138           "sha256": "d2231d110284c175d5c8df2687398cf72de024296c338cc4d3fc46cda052f497"
#23 1.138         }
#23 1.138       ],
#23 1.138       "sha256": "d2231d110284c175d5c8df2687398cf72de024296c338cc4d3fc46cda052f497"
#23 1.138     },
#23 1.138     "watt/src/spg/application/native_production_record.py": {
#23 1.138       "image_files": [
#23 1.138         {
#23 1.138           "path": "/app/src/spg/application/native_production_record.py",
#23 1.138           "sha256": "4e75987a8cb82ccc82ee5e4ba6fa55dbe22b3fe7020813ce287cc7ae0ce2f45a"
#23 1.138         }
#23 1.138       ],
#23 1.138       "sha256": "4e75987a8cb82ccc82ee5e4ba6fa55dbe22b3fe7020813ce287cc7ae0ce2f45a"
#23 1.138     },
#23 1.138     "watt/src/spg/application/native_retention.py": {
#23 1.138       "image_files": [
#23 1.138         {
#23 1.138           "path": "/app/src/spg/application/native_retention.py",
#23 1.138           "sha256": "dbb540420c66617fe33e7c82836548ec84dc6c09d85847e7fc21cc8e8505dc15"
#23 1.138         }
#23 1.138       ],
#23 1.138       "sha256": "dbb540420c66617fe33e7c82836548ec84dc6c09d85847e7fc21cc8e8505dc15"
#23 1.138     },
#23 1.138     "watt/src/spg/application/native_vector.py": {
#23 1.138       "image_files": [
#23 1.138         {
#23 1.138           "path": "/app/src/spg/application/native_vector.py",
#23 1.138           "sha256": "6dca9c3b6ce71f602ab2daaf13b88087679e5c28299f2f88e8f1a050c5a4f799"
#23 1.138         }
#23 1.138       ],
#23 1.138       "sha256": "6dca9c3b6ce71f602ab2daaf13b88087679e5c28299f2f88e8f1a050c5a4f799"
#23 1.138     },
#23 1.138     "watt/src/spg/application/orchestration.py": {
#23 1.138       "image_files": [
#23 1.138         {
#23 1.138           "path": "/app/src/spg/application/orchestration.py",
#23 1.138           "sha256": "5848f5633dd1b2207995d81e6ee93d45f4e4da92956530d9ad5084006485c2ff"
#23 1.138         }
#23 1.138       ],
#23 1.138       "sha256": "5848f5633dd1b2207995d81e6ee93d45f4e4da92956530d9ad5084006485c2ff"
#23 1.138     },
#23 1.138     "watt/src/spg/application/owner_reality.py": {
#23 1.138       "image_files": [
#23 1.138         {
#23 1.138           "path": "/app/src/spg/application/owner_reality.py",
#23 1.138           "sha256": "1fa86b3b8d78a6afdb8378de3eec3ae05ac5391dc191369ea588692c32f74249"
#23 1.138         }
#23 1.138       ],
#23 1.138       "sha256": "1fa86b3b8d78a6afdb8378de3eec3ae05ac5391dc191369ea588692c32f74249"
#23 1.138     },
#23 1.138     "watt/src/spg/application/planning.py": {
#23 1.138       "image_files": [
#23 1.138         {
#23 1.138           "path": "/app/src/spg/application/planning.py",
#23 1.138           "sha256": "a084613cfb7e285b26def128758a6e83c93cbdc2e347181a32b221aab93ddc23"
#23 1.138         }
#23 1.138       ],
#23 1.138       "sha256": "a084613cfb7e285b26def128758a6e83c93cbdc2e347181a32b221aab93ddc23"
#23 1.138     },
#23 1.138     "watt/src/spg/application/post_admission.py": {
#23 1.138       "image_files": [
#23 1.138         {
#23 1.138           "path": "/app/src/spg/application/post_admission.py",
#23 1.138           "sha256": "d45302fecdf498bd95c4cff3e82612ac2c9ec97d8c9bbeeb39bec19943eaafc8"
#23 1.138         }
#23 1.138       ],
#23 1.138       "sha256": "d45302fecdf498bd95c4cff3e82612ac2c9ec97d8c9bbeeb39bec19943eaafc8"
#23 1.138     },
#23 1.138     "watt/src/spg/application/preparation.py": {
#23 1.138       "image_files": [
#23 1.138         {
#23 1.138           "path": "/app/src/spg/application/preparation.py",
#23 1.138           "sha256": "2d5c16329a927a868f6f2b90f17045738a367866cc78a679e3153f988f8a76e0"
#23 1.138         }
#23 1.138       ],
#23 1.138       "sha256": "2d5c16329a927a868f6f2b90f17045738a367866cc78a679e3153f988f8a76e0"
#23 1.138     },
#23 1.138     "watt/src/spg/application/preview_security.py": {
#23 1.138       "image_files": [
#23 1.138         {
#23 1.138           "path": "/app/src/spg/application/preview_security.py",
#23 1.138           "sha256": "54b8c31bdaaacbc61b264084283f095e1b6477a157d091e720baaa617bd0d62d"
#23 1.138         }
#23 1.138       ],
#23 1.138       "sha256": "54b8c31bdaaacbc61b264084283f095e1b6477a157d091e720baaa617bd0d62d"
#23 1.138     },
#23 1.138     "watt/src/spg/application/product_assets.py": {
#23 1.138       "image_files": [
#23 1.138         {
#23 1.138           "path": "/app/src/spg/application/product_assets.py",
#23 1.138           "sha256": "fa3a95ac7eb2042b0caef9a7154156ac4cd26bb742be3c83a64d47fba58d188a"
#23 1.138         }
#23 1.138       ],
#23 1.138       "sha256": "fa3a95ac7eb2042b0caef9a7154156ac4cd26bb742be3c83a64d47fba58d188a"
#23 1.138     },
#23 1.138     "watt/src/spg/application/product_experience.py": {
#23 1.138       "image_files": [
#23 1.138         {
#23 1.138           "path": "/app/src/spg/application/product_experience.py",
#23 1.138           "sha256": "979f3ca64696f146b1c6e79c526dde9f1cffeb3c56720e62dc553cd3cdcb8a3c"
#23 1.138         }
#23 1.138       ],
#23 1.138       "sha256": "979f3ca64696f146b1c6e79c526dde9f1cffeb3c56720e62dc553cd3cdcb8a3c"
#23 1.138     },
#23 1.138     "watt/src/spg/application/product_managed_source.py": {
#23 1.138       "image_files": [
#23 1.138         {
#23 1.138           "path": "/app/src/spg/application/product_managed_source.py",
#23 1.138           "sha256": "ffaf46e6f0ee885512fcbebc1845fa518d41c91ece7c03bd77bb6c036a9f6095"
#23 1.138         }
#23 1.138       ],
#23 1.138       "sha256": "ffaf46e6f0ee885512fcbebc1845fa518d41c91ece7c03bd77bb6c036a9f6095"
#23 1.138     },
#23 1.138     "watt/src/spg/application/production_admission.py": {
#23 1.138       "image_files": [
#23 1.138         {
#23 1.138           "path": "/app/src/spg/application/production_admission.py",
#23 1.138           "sha256": "812e9053041bee0e11e40868080d7fcdcbf0b894cfc54c8163fa64577119f220"
#23 1.138         }
#23 1.138       ],
#23 1.138       "sha256": "812e9053041bee0e11e40868080d7fcdcbf0b894cfc54c8163fa64577119f220"
#23 1.138     },
#23 1.138     "watt/src/spg/application/production_environment.py": {
#23 1.138       "image_files": [
#23 1.138         {
#23 1.138           "path": "/app/src/spg/application/production_environment.py",
#23 1.138           "sha256": "ae87d4310d8008c11bd45ed3fe64ac6fdafe6216b82c069fff19ade2b96ff8e2"
#23 1.138         }
#23 1.138       ],
#23 1.138       "sha256": "ae87d4310d8008c11bd45ed3fe64ac6fdafe6216b82c069fff19ade2b96ff8e2"
#23 1.138     },
#23 1.138     "watt/src/spg/application/production_environment_contracts.py": {
#23 1.138       "image_files": [
#23 1.138         {
#23 1.138           "path": "/app/src/spg/application/production_environment_contracts.py",
#23 1.138           "sha256": "a0c8b2fa95109ec1dd1201b56974710c530b990b1eec7fb98cf06a41ba279da5"
#23 1.138         }
#23 1.138       ],
#23 1.138       "sha256": "a0c8b2fa95109ec1dd1201b56974710c530b990b1eec7fb98cf06a41ba279da5"
#23 1.138     },
#23 1.138     "watt/src/spg/application/production_intelligence.py": {
#23 1.138       "image_files": [
#23 1.138         {
#23 1.138           "path": "/app/src/spg/application/production_intelligence.py",
#23 1.138           "sha256": "96ee56d331d17a29ca1bf90087b58da27517947b18f5e512373a74ae536a6c3b"
#23 1.138         }
#23 1.138       ],
#23 1.138       "sha256": "96ee56d331d17a29ca1bf90087b58da27517947b18f5e512373a74ae536a6c3b"
#23 1.138     },
#23 1.138     "watt/src/spg/application/reconciliation.py": {
#23 1.138       "image_files": [
#23 1.138         {
#23 1.138           "path": "/app/src/spg/application/reconciliation.py",
#23 1.138           "sha256": "1cec6fee59fdd2df1859a3dd2e908c46297ff04cf9aef0fd670603efce4964b7"
#23 1.138         }
#23 1.138       ],
#23 1.138       "sha256": "1cec6fee59fdd2df1859a3dd2e908c46297ff04cf9aef0fd670603efce4964b7"
#23 1.138     },
#23 1.138     "watt/src/spg/application/recovery.py": {
#23 1.138       "image_files": [
#23 1.138         {
#23 1.138           "path": "/app/src/spg/application/recovery.py",
#23 1.138           "sha256": "b4414715650912959f135f2758cb7c720b896ad7f6aa79cb55f9c4af8aac6fe9"
#23 1.138         }
#23 1.138       ],
#23 1.138       "sha256": "b4414715650912959f135f2758cb7c720b896ad7f6aa79cb55f9c4af8aac6fe9"
#23 1.138     },
#23 1.138     "watt/src/spg/application/refinement.py": {
#23 1.138       "image_files": [
#23 1.138         {
#23 1.138           "path": "/app/src/spg/application/refinement.py",
#23 1.138           "sha256": "9e1607b904f8424e809c3f0dbe6b8c776da0c4f2cb46d864c829a9ff81426798"
#23 1.138         }
#23 1.138       ],
#23 1.138       "sha256": "9e1607b904f8424e809c3f0dbe6b8c776da0c4f2cb46d864c829a9ff81426798"
#23 1.138     },
#23 1.138     "watt/src/spg/application/repository_branch_authority.py": {
#23 1.138       "image_files": [
#23 1.138         {
#23 1.138           "path": "/app/src/spg/application/repository_branch_authority.py",
#23 1.138           "sha256": "87ccaeea824ff7c07e05f0282b8b7a2e5674b653a0a588b417730b82ddbde3e5"
#23 1.138         }
#23 1.138       ],
#23 1.138       "sha256": "87ccaeea824ff7c07e05f0282b8b7a2e5674b653a0a588b417730b82ddbde3e5"
#23 1.138     },
#23 1.138     "watt/src/spg/application/response_contract.py": {
#23 1.138       "image_files": [
#23 1.138         {
#23 1.138           "path": "/app/src/spg/application/response_contract.py",
#23 1.138           "sha256": "8b86ba20b85e53f3aecd1283cc68c77945f46403657eff0d9908ef31c4de7d69"
#23 1.138         }
#23 1.138       ],
#23 1.138       "sha256": "8b86ba20b85e53f3aecd1283cc68c77945f46403657eff0d9908ef31c4de7d69"
#23 1.138     },
#23 1.138     "watt/src/spg/application/response_contract_expression.py": {
#23 1.138       "image_files": [
#23 1.138         {
#23 1.138           "path": "/app/src/spg/application/response_contract_expression.py",
#23 1.138           "sha256": "687d93e29ecad2e9078fcabd2334a6288cae18eb980c6a76d01e399683fabb5a"
#23 1.138         }
#23 1.138       ],
#23 1.138       "sha256": "687d93e29ecad2e9078fcabd2334a6288cae18eb980c6a76d01e399683fabb5a"
#23 1.138     },
#23 1.138     "watt/src/spg/application/runtime.py": {
#23 1.138       "image_files": [
#23 1.138         {
#23 1.138           "path": "/app/src/spg/application/runtime.py",
#23 1.138           "sha256": "b1106cdd07a6d9107c21439d04383b409fcac68125635f94e7738c5d7d5bbac5"
#23 1.138         }
#23 1.138       ],
#23 1.138       "sha256": "b1106cdd07a6d9107c21439d04383b409fcac68125635f94e7738c5d7d5bbac5"
#23 1.138     },
#23 1.138     "watt/src/spg/application/runtime_activation.py": {
#23 1.138       "image_files": [
#23 1.138         {
#23 1.138           "path": "/app/src/spg/application/runtime_activation.py",
#23 1.138           "sha256": "e21a30eb8aaf978ea48e510df1e51dc2c768ae29ea69f97f1623886ca3f7e6e0"
#23 1.138         }
#23 1.138       ],
#23 1.138       "sha256": "e21a30eb8aaf978ea48e510df1e51dc2c768ae29ea69f97f1623886ca3f7e6e0"
#23 1.138     },
#23 1.138     "watt/src/spg/application/runtime_commit.py": {
#23 1.138       "image_files": [
#23 1.138         {
#23 1.138           "path": "/app/src/spg/application/runtime_commit.py",
#23 1.138           "sha256": "77d8f5b805c14b186cd94315756e8d123bc5653d4e16df8a5fb254f71bdb4d38"
#23 1.138         }
#23 1.138       ],
#23 1.138       "sha256": "77d8f5b805c14b186cd94315756e8d123bc5653d4e16df8a5fb254f71bdb4d38"
#23 1.138     },
#23 1.138     "watt/src/spg/application/semantic_steps.py": {
#23 1.138       "image_files": [
#23 1.138         {
#23 1.138           "path": "/app/src/spg/application/semantic_steps.py",
#23 1.138           "sha256": "cd918c36d7ba59da6d6e08be3c17d545f62b87d2776882a0d6cd9cf6e2603c52"
#23 1.138         }
#23 1.138       ],
#23 1.138       "sha256": "cd918c36d7ba59da6d6e08be3c17d545f62b87d2776882a0d6cd9cf6e2603c52"
#23 1.138     },
#23 1.138     "watt/src/spg/application/software_runtime.py": {
#23 1.138       "image_files": [
#23 1.138         {
#23 1.138           "path": "/app/src/spg/application/software_runtime.py",
#23 1.138           "sha256": "0e9da3f749b875df09855acfda5ad572a0ea8cce8022e5abe02c9e41eb34ea56"
#23 1.138         }
#23 1.138       ],
#23 1.138       "sha256": "0e9da3f749b875df09855acfda5ad572a0ea8cce8022e5abe02c9e41eb34ea56"
#23 1.138     },
#23 1.138     "watt/src/spg/application/steering.py": {
#23 1.138       "image_files": [
#23 1.138         {
#23 1.138           "path": "/app/src/spg/application/steering.py",
#23 1.138           "sha256": "241c2af05157754aaf317573ed9879dbb345f9922247a2cd9d96e49b760aad1f"
#23 1.138         }
#23 1.138       ],
#23 1.138       "sha256": "241c2af05157754aaf317573ed9879dbb345f9922247a2cd9d96e49b760aad1f"
#23 1.138     },
#23 1.138     "watt/src/spg/application/steering_bootstrap.py": {
#23 1.138       "image_files": [
#23 1.138         {
#23 1.138           "path": "/app/src/spg/application/steering_bootstrap.py",
#23 1.138           "sha256": "52bbf70007f4e8bf59cb33754f29e646d9b96d2e3c3ca19c14a9df926f3ee62f"
#23 1.138         }
#23 1.138       ],
#23 1.138       "sha256": "52bbf70007f4e8bf59cb33754f29e646d9b96d2e3c3ca19c14a9df926f3ee62f"
#23 1.138     },
#23 1.138     "watt/src/spg/application/steering_decision.py": {
#23 1.138       "image_files": [
#23 1.138         {
#23 1.138           "path": "/app/src/spg/application/steering_decision.py",
#23 1.138           "sha256": "e1996accaa4590c7ab55d67aebe0c34f44fceb36fcc4aaa229259713c916b0ee"
#23 1.138         }
#23 1.138       ],
#23 1.138       "sha256": "e1996accaa4590c7ab55d67aebe0c34f44fceb36fcc4aaa229259713c916b0ee"
#23 1.138     },
#23 1.138     "watt/src/spg/application/steering_driver.py": {
#23 1.138       "image_files": [
#23 1.138         {
#23 1.138           "path": "/app/src/spg/application/steering_driver.py",
#23 1.138           "sha256": "fc7e1164a14cd31ae8b219afa7700654f0119b3d3ef9da43c616cdf3d08c7543"
#23 1.138         }
#23 1.138       ],
#23 1.138       "sha256": "fc7e1164a14cd31ae8b219afa7700654f0119b3d3ef9da43c616cdf3d08c7543"
#23 1.138     },
#23 1.138     "watt/src/spg/application/steering_production.py": {
#23 1.138       "image_files": [
#23 1.138         {
#23 1.138           "path": "/app/src/spg/application/steering_production.py",
#23 1.138           "sha256": "23fb60c70ab42394894163087196e4bbb53e8a775d0e64e7b84fbfec3da19261"
#23 1.138         }
#23 1.138       ],
#23 1.138       "sha256": "23fb60c70ab42394894163087196e4bbb53e8a775d0e64e7b84fbfec3da19261"
#23 1.138     },
#23 1.138     "watt/src/spg/application/verification.py": {
#23 1.138       "image_files": [
#23 1.138         {
#23 1.138           "path": "/app/src/spg/application/verification.py",
#23 1.138           "sha256": "20a267dd04857174f4e9e9f93f123a41a3207ffe9e8d8cfd198145a301f51e64"
#23 1.138         }
#23 1.138       ],
#23 1.138       "sha256": "20a267dd04857174f4e9e9f93f123a41a3207ffe9e8d8cfd198145a301f51e64"
#23 1.138     },
#23 1.138     "watt/src/spg/application/wic_context.py": {
#23 1.138       "image_files": [
#23 1.138         {
#23 1.138           "path": "/app/src/spg/application/wic_context.py",
#23 1.138           "sha256": "dc9446dd0a4e57f5422d7876747443f1aa1c54eeb02a658def69e0b1a4d3716a"
#23 1.138         }
#23 1.138       ],
#23 1.138       "sha256": "dc9446dd0a4e57f5422d7876747443f1aa1c54eeb02a658def69e0b1a4d3716a"
#23 1.138     },
#23 1.138     "watt/src/spg/application/wic_intelligence.py": {
#23 1.138       "image_files": [
#23 1.138         {
#23 1.138           "path": "/app/src/spg/application/wic_intelligence.py",
#23 1.138           "sha256": "f08019968f905e9a99bf9f3e365b91dda1617c3f2800ee39d1b32b0e72029b9c"
#23 1.138         }
#23 1.138       ],
#23 1.138       "sha256": "f08019968f905e9a99bf9f3e365b91dda1617c3f2800ee39d1b32b0e72029b9c"
#23 1.138     },
#23 1.138     "watt/src/spg/application/wic_reception.py": {
#23 1.138       "image_files": [
#23 1.138         {
#23 1.138           "path": "/app/src/spg/application/wic_reception.py",
#23 1.138           "sha256": "d47b7f48b772fa156b85a12897e7b06186e29f46677c8daee92b4daa28bf54e9"
#23 1.138         }
#23 1.138       ],
#23 1.138       "sha256": "d47b7f48b772fa156b85a12897e7b06186e29f46677c8daee92b4daa28bf54e9"
#23 1.138     },
#23 1.138     "watt/src/spg/application/wic_response.py": {
#23 1.138       "image_files": [
#23 1.138         {
#23 1.138           "path": "/app/src/spg/application/wic_response.py",
#23 1.138           "sha256": "1f1388c95260c5351f279f25bc0bf9a77712159aafc76505c7c3c4f7762a2fa4"
#23 1.138         }
#23 1.138       ],
#23 1.138       "sha256": "1f1388c95260c5351f279f25bc0bf9a77712159aafc76505c7c3c4f7762a2fa4"
#23 1.138     },
#23 1.138     "watt/src/spg/application/work.py": {
#23 1.138       "image_files": [
#23 1.138         {
#23 1.138           "path": "/app/src/spg/application/work.py",
#23 1.138           "sha256": "86d7f50932d6c6a377aa50e548b76fd01a15765b44339b308e15c1539471e52b"
#23 1.138         }
#23 1.138       ],
#23 1.138       "sha256": "86d7f50932d6c6a377aa50e548b76fd01a15765b44339b308e15c1539471e52b"
#23 1.138     },
#23 1.138     "watt/src/spg/cli.py": {
#23 1.138       "image_files": [
#23 1.138         {
#23 1.138           "path": "/app/src/spg/cli.py",
#23 1.138           "sha256": "151a1b38a1dda4640774bc783a2c3a3326e575810f5adea5238d11f1f74c66d0"
#23 1.138         }
#23 1.138       ],
#23 1.138       "sha256": "151a1b38a1dda4640774bc783a2c3a3326e575810f5adea5238d11f1f74c66d0"
#23 1.138     },
#23 1.138     "watt/src/spg/config.py": {
#23 1.138       "image_files": [
#23 1.138         {
#23 1.138           "path": "/app/src/spg/config.py",
#23 1.138           "sha256": "bbff451b9efeca0922bf93c37e155474c66c38ab8b2cbaed0b6f850c4bd00f04"
#23 1.138         }
#23 1.138       ],
#23 1.138       "sha256": "bbff451b9efeca0922bf93c37e155474c66c38ab8b2cbaed0b6f850c4bd00f04"
#23 1.138     },
#23 1.138     "watt/src/spg/domain/__init__.py": {
#23 1.138       "image_files": [
#23 1.138         {
#23 1.138           "path": "/app/src/spg/domain/__init__.py",
#23 1.138           "sha256": "a7ed0965d83a0910c2e142cf4fac159cdb1a5638117f4c26d5f7747a1f5e719b"
#23 1.138         }
#23 1.138       ],
#23 1.138       "sha256": "a7ed0965d83a0910c2e142cf4fac159cdb1a5638117f4c26d5f7747a1f5e719b"
#23 1.138     },
#23 1.138     "watt/src/spg/domain/action_admission.py": {
#23 1.138       "image_files": [
#23 1.138         {
#23 1.138           "path": "/app/src/spg/domain/action_admission.py",
#23 1.138           "sha256": "9c99c82e8b71e996b0dbd517afaed6093ff86eea1d79b181b5f4b15dcaf97ac9"
#23 1.138         }
#23 1.138       ],
#23 1.138       "sha256": "9c99c82e8b71e996b0dbd517afaed6093ff86eea1d79b181b5f4b15dcaf97ac9"
#23 1.138     },
#23 1.138     "watt/src/spg/domain/assets.py": {
#23 1.138       "image_files": [
#23 1.138         {
#23 1.138           "path": "/app/src/spg/domain/assets.py",
#23 1.138           "sha256": "3b0e5b9e07cb8e2dc4404ecb4d92016e31511b613d0f756ba6ad21893dbb6d07"
#23 1.138         }
#23 1.138       ],
#23 1.138       "sha256": "3b0e5b9e07cb8e2dc4404ecb4d92016e31511b613d0f756ba6ad21893dbb6d07"
#23 1.138     },
#23 1.138     "watt/src/spg/domain/brownfield_delivery.py": {
#23 1.138       "image_files": [
#23 1.138         {
#23 1.138           "path": "/app/src/spg/domain/brownfield_delivery.py",
#23 1.138           "sha256": "ba819191fbd2cb16090b29771ae27235286db314424f0bc58769fad67834e537"
#23 1.138         }
#23 1.138       ],
#23 1.138       "sha256": "ba819191fbd2cb16090b29771ae27235286db314424f0bc58769fad67834e537"
#23 1.138     },
#23 1.138     "watt/src/spg/domain/change.py": {
#23 1.138       "image_files": [
#23 1.138         {
#23 1.138           "path": "/app/src/spg/domain/change.py",
#23 1.138           "sha256": "fc57d0b801e5c58aab1d4e58c09ce07f4c12c032ffb61b72e2ade698ab090481"
#23 1.138         }
#23 1.138       ],
#23 1.138       "sha256": "fc57d0b801e5c58aab1d4e58c09ce07f4c12c032ffb61b72e2ade698ab090481"
#23 1.138     },
#23 1.138     "watt/src/spg/domain/cloud_delivery.py": {
#23 1.138       "image_files": [
#23 1.138         {
#23 1.138           "path": "/app/src/spg/domain/cloud_delivery.py",
#23 1.138           "sha256": "ca7cb40dcc3aa15a59b44e54eec2f053e21f61c2d8f79c9cfaf897c5c4787c79"
#23 1.138         }
#23 1.138       ],
#23 1.138       "sha256": "ca7cb40dcc3aa15a59b44e54eec2f053e21f61c2d8f79c9cfaf897c5c4787c79"
#23 1.138     },
#23 1.138     "watt/src/spg/domain/completion.py": {
#23 1.138       "image_files": [
#23 1.138         {
#23 1.138           "path": "/app/src/spg/domain/completion.py",
#23 1.138           "sha256": "8f83188e5a73d4f4651ddde3eb06f119305b02554fb4b9c69844441e46e7b18c"
#23 1.138         }
#23 1.138       ],
#23 1.138       "sha256": "8f83188e5a73d4f4651ddde3eb06f119305b02554fb4b9c69844441e46e7b18c"
#23 1.138     },
#23 1.138     "watt/src/spg/domain/connectors.py": {
#23 1.138       "image_files": [
#23 1.138         {
#23 1.138           "path": "/app/src/spg/domain/connectors.py",
#23 1.138           "sha256": "54157418e749713545bb4020adf222b7df330dad8df0ff802003953332b29936"
#23 1.138         }
#23 1.138       ],
#23 1.138       "sha256": "54157418e749713545bb4020adf222b7df330dad8df0ff802003953332b29936"
#23 1.138     },
#23 1.138     "watt/src/spg/domain/conversation.py": {
#23 1.138       "image_files": [
#23 1.138         {
#23 1.138           "path": "/app/src/spg/domain/conversation.py",
#23 1.138           "sha256": "df68ef8b626409e6815ab2486a29818b59b6dfe05f01c0df21f2db3d4198669f"
#23 1.138         }
#23 1.138       ],
#23 1.138       "sha256": "df68ef8b626409e6815ab2486a29818b59b6dfe05f01c0df21f2db3d4198669f"
#23 1.138     },
#23 1.138     "watt/src/spg/domain/delivery.py": {
#23 1.138       "image_files": [
#23 1.138         {
#23 1.138           "path": "/app/src/spg/domain/delivery.py",
#23 1.138           "sha256": "c02700c0f7668e045b57702ac930f3221047d8266e05e3983809d33a3b3dcc00"
#23 1.138         }
#23 1.138       ],
#23 1.138       "sha256": "c02700c0f7668e045b57702ac930f3221047d8266e05e3983809d33a3b3dcc00"
#23 1.138     },
#23 1.138     "watt/src/spg/domain/design_intent.py": {
#23 1.138       "image_files": [
#23 1.138         {
#23 1.138           "path": "/app/src/spg/domain/design_intent.py",
#23 1.138           "sha256": "22302d2ffa5dfe86472801eedb4de07bfdd4c11f3713436415c982aec0315030"
#23 1.138         }
#23 1.138       ],
#23 1.138       "sha256": "22302d2ffa5dfe86472801eedb4de07bfdd4c11f3713436415c982aec0315030"
#23 1.138     },
#23 1.138     "watt/src/spg/domain/engineering_semantics.py": {
#23 1.138       "image_files": [
#23 1.138         {
#23 1.138           "path": "/app/src/spg/domain/engineering_semantics.py",
#23 1.138           "sha256": "c2ddc2dde60077e51c197ad1e6a676dea13bc4261a3df7f9992818e79c13b179"
#23 1.138         }
#23 1.138       ],
#23 1.138       "sha256": "c2ddc2dde60077e51c197ad1e6a676dea13bc4261a3df7f9992818e79c13b179"
#23 1.138     },
#23 1.138     "watt/src/spg/domain/execution.py": {
#23 1.138       "image_files": [
#23 1.138         {
#23 1.138           "path": "/app/src/spg/domain/execution.py",
#23 1.138           "sha256": "81f566271243a06ac6965617307cc4c0d707fa03d66a271751c9afe84f880b19"
#23 1.138         }
#23 1.138       ],
#23 1.138       "sha256": "81f566271243a06ac6965617307cc4c0d707fa03d66a271751c9afe84f880b19"
#23 1.138     },
#23 1.138     "watt/src/spg/domain/execution_backend.py": {
#23 1.138       "image_files": [
#23 1.138         {
#23 1.138           "path": "/app/src/spg/domain/execution_backend.py",
#23 1.138           "sha256": "4b05a701fe5a92d571fd7788df2daa9556d6b7db0564a3c49ec8d5bb513edbc8"
#23 1.138         }
#23 1.138       ],
#23 1.138       "sha256": "4b05a701fe5a92d571fd7788df2daa9556d6b7db0564a3c49ec8d5bb513edbc8"
#23 1.138     },
#23 1.138     "watt/src/spg/domain/executor.py": {
#23 1.138       "image_files": [
#23 1.138         {
#23 1.138           "path": "/app/src/spg/domain/executor.py",
#23 1.138           "sha256": "37e5ba1e6836da41784554b03b44bc92659ec3e869800941d1743745dc92654b"
#23 1.138         }
#23 1.138       ],
#23 1.138       "sha256": "37e5ba1e6836da41784554b03b44bc92659ec3e869800941d1743745dc92654b"
#23 1.138     },
#23 1.138     "watt/src/spg/domain/external_search.py": {
#23 1.138       "image_files": [
#23 1.138         {
#23 1.138           "path": "/app/src/spg/domain/external_search.py",
#23 1.138           "sha256": "a708c3555ec63f18e480bceb6f0259c73b7d8cca3bcd47291f86f6e5983f29fd"
#23 1.138         }
#23 1.138       ],
#23 1.138       "sha256": "a708c3555ec63f18e480bceb6f0259c73b7d8cca3bcd47291f86f6e5983f29fd"
#23 1.138     },
#23 1.138     "watt/src/spg/domain/governance.py": {
#23 1.138       "image_files": [
#23 1.138         {
#23 1.138           "path": "/app/src/spg/domain/governance.py",
#23 1.138           "sha256": "854286c892c6744d96916f04ab75cc8e150c885f26d32593c4383c83e22d94e9"
#23 1.138         }
#23 1.138       ],
#23 1.138       "sha256": "854286c892c6744d96916f04ab75cc8e150c885f26d32593c4383c83e22d94e9"
#23 1.138     },
#23 1.138     "watt/src/spg/domain/governed_obligation.py": {
#23 1.138       "image_files": [
#23 1.138         {
#23 1.138           "path": "/app/src/spg/domain/governed_obligation.py",
#23 1.138           "sha256": "1c748be1314c06c608420cfbb81f1780e4ef96e3bea91d81dc2c3bd87f63c88f"
#23 1.138         }
#23 1.138       ],
#23 1.138       "sha256": "1c748be1314c06c608420cfbb81f1780e4ef96e3bea91d81dc2c3bd87f63c88f"
#23 1.138     },
#23 1.138     "watt/src/spg/domain/guided_design.py": {
#23 1.138       "image_files": [
#23 1.138         {
#23 1.138           "path": "/app/src/spg/domain/guided_design.py",
#23 1.138           "sha256": "f5482895bf5ed5dc3cc3e38bfc4a8f4b010854af80ed1779f80751172ba8d438"
#23 1.138         }
#23 1.138       ],
#23 1.138       "sha256": "f5482895bf5ed5dc3cc3e38bfc4a8f4b010854af80ed1779f80751172ba8d438"
#23 1.138     },
#23 1.138     "watt/src/spg/domain/human_visible.py": {
#23 1.138       "image_files": [
#23 1.138         {
#23 1.138           "path": "/app/src/spg/domain/human_visible.py",
#23 1.138           "sha256": "d8c4b94acb4528918224cfb57144f7fd0227a4464749e294cc272b0ca1ff022e"
#23 1.138         }
#23 1.138       ],
#23 1.138       "sha256": "d8c4b94acb4528918224cfb57144f7fd0227a4464749e294cc272b0ca1ff022e"
#23 1.138     },
#23 1.138     "watt/src/spg/domain/integration.py": {
#23 1.138       "image_files": [
#23 1.138         {
#23 1.138           "path": "/app/src/spg/domain/integration.py",
#23 1.138           "sha256": "7f454d7a31838aeb258ad96d85bdd9c9e716c21183320c34899f2fcb303c789a"
#23 1.138         }
#23 1.138       ],
#23 1.138       "sha256": "7f454d7a31838aeb258ad96d85bdd9c9e716c21183320c34899f2fcb303c789a"
#23 1.138     },
#23 1.138     "watt/src/spg/domain/intent_realization.py": {
#23 1.138       "image_files": [
#23 1.138         {
#23 1.138           "path": "/app/src/spg/domain/intent_realization.py",
#23 1.138           "sha256": "efa8adc6e82f11fab6da45f775588e0518e75f12e8cd739741417252446b37a8"
#23 1.138         }
#23 1.138       ],
#23 1.138       "sha256": "efa8adc6e82f11fab6da45f775588e0518e75f12e8cd739741417252446b37a8"
#23 1.138     },
#23 1.138     "watt/src/spg/domain/interaction.py": {
#23 1.138       "image_files": [
#23 1.138         {
#23 1.138           "path": "/app/src/spg/domain/interaction.py",
#23 1.138           "sha256": "9bbe801f734c512d96f68697340b48ccbad17d74ceeafc91a983acb42045fb1a"
#23 1.138         }
#23 1.138       ],
#23 1.138       "sha256": "9bbe801f734c512d96f68697340b48ccbad17d74ceeafc91a983acb42045fb1a"
#23 1.138     },
#23 1.138     "watt/src/spg/domain/interaction_actions.py": {
#23 1.138       "image_files": [
#23 1.138         {
#23 1.138           "path": "/app/src/spg/domain/interaction_actions.py",
#23 1.138           "sha256": "929f525d020a5c6dc4031450b1a4856a02164977c4e1fc62ecc4e04369cf870a"
#23 1.138         }
#23 1.138       ],
#23 1.138       "sha256": "929f525d020a5c6dc4031450b1a4856a02164977c4e1fc62ecc4e04369cf870a"
#23 1.138     },
#23 1.138     "watt/src/spg/domain/maintenance_recovery.py": {
#23 1.138       "image_files": [
#23 1.138         {
#23 1.138           "path": "/app/src/spg/domain/maintenance_recovery.py",
#23 1.138           "sha256": "e2d5496a640b5a007fe68f677b4b4ff2528a9c7f4759903e95546a4bb9a4ed84"
#23 1.138         }
#23 1.138       ],
#23 1.138       "sha256": "e2d5496a640b5a007fe68f677b4b4ff2528a9c7f4759903e95546a4bb9a4ed84"
#23 1.138     },
#23 1.138     "watt/src/spg/domain/materialization.py": {
#23 1.138       "image_files": [
#23 1.138         {
#23 1.138           "path": "/app/src/spg/domain/materialization.py",
#23 1.138           "sha256": "a6737943d5366ce2c21fa1e22777fbb064a21b4de69258f298d6cf95cbb66505"
#23 1.138         }
#23 1.138       ],
#23 1.138       "sha256": "a6737943d5366ce2c21fa1e22777fbb064a21b4de69258f298d6cf95cbb66505"
#23 1.138     },
#23 1.138     "watt/src/spg/domain/measurement.py": {
#23 1.138       "image_files": [
#23 1.138         {
#23 1.138           "path": "/app/src/spg/domain/measurement.py",
#23 1.138           "sha256": "cda84861044efc02bc7d6bac7a958dfecf174add38a5c2f30d89709e5731f12a"
#23 1.138         }
#23 1.138       ],
#23 1.138       "sha256": "cda84861044efc02bc7d6bac7a958dfecf174add38a5c2f30d89709e5731f12a"
#23 1.138     },
#23 1.138     "watt/src/spg/domain/model_runtime.py": {
#23 1.138       "image_files": [
#23 1.138         {
#23 1.138           "path": "/app/src/spg/domain/model_runtime.py",
#23 1.138           "sha256": "5441f9667ae0e9fd1142ee75a2b3f49febd253d532b409d7c03de7200d952b68"
#23 1.138         }
#23 1.138       ],
#23 1.138       "sha256": "5441f9667ae0e9fd1142ee75a2b3f49febd253d532b409d7c03de7200d952b68"
#23 1.138     },
#23 1.138     "watt/src/spg/domain/native_execution.py": {
#23 1.138       "image_files": [
#23 1.138         {
#23 1.138           "path": "/app/src/spg/domain/native_execution.py",
#23 1.138           "sha256": "fcaff1409ed14147a9c1c2c040c95dfdab6d393010f0fa4fc032fc57a323e3f9"
#23 1.138         }
#23 1.138       ],
#23 1.138       "sha256": "fcaff1409ed14147a9c1c2c040c95dfdab6d393010f0fa4fc032fc57a323e3f9"
#23 1.138     },
#23 1.138     "watt/src/spg/domain/native_retention.py": {
#23 1.138       "image_files": [
#23 1.138         {
#23 1.138           "path": "/app/src/spg/domain/native_retention.py",
#23 1.138           "sha256": "2e664af21bbc8d162431076be7ffd6c7ef621fb7460edf38de6ef8dcfc7bf263"
#23 1.138         }
#23 1.138       ],
#23 1.138       "sha256": "2e664af21bbc8d162431076be7ffd6c7ef621fb7460edf38de6ef8dcfc7bf263"
#23 1.138     },
#23 1.138     "watt/src/spg/domain/native_vector.py": {
#23 1.138       "image_files": [
#23 1.138         {
#23 1.138           "path": "/app/src/spg/domain/native_vector.py",
#23 1.138           "sha256": "0e0bbd0315e3717bdd7ad2b2b484e42b31a61195e9b6307b74a8b0718e4232d8"
#23 1.138         }
#23 1.138       ],
#23 1.138       "sha256": "0e0bbd0315e3717bdd7ad2b2b484e42b31a61195e9b6307b74a8b0718e4232d8"
#23 1.138     },
#23 1.138     "watt/src/spg/domain/planning.py": {
#23 1.138       "image_files": [
#23 1.138         {
#23 1.138           "path": "/app/src/spg/domain/planning.py",
#23 1.138           "sha256": "715518b2f18ade882ab838e4f8ae26799995578cdc4a9a61b3a6762d8a439445"
#23 1.138         }
#23 1.138       ],
#23 1.138       "sha256": "715518b2f18ade882ab838e4f8ae26799995578cdc4a9a61b3a6762d8a439445"
#23 1.138     },
#23 1.138     "watt/src/spg/domain/preparation.py": {
#23 1.138       "image_files": [
#23 1.138         {
#23 1.138           "path": "/app/src/spg/domain/preparation.py",
#23 1.138           "sha256": "b52a8226ba1336339e36ca548062bd3d3ec2497a2677540b700eacbb9f6505b2"
#23 1.138         }
#23 1.138       ],
#23 1.138       "sha256": "b52a8226ba1336339e36ca548062bd3d3ec2497a2677540b700eacbb9f6505b2"
#23 1.138     },
#23 1.138     "watt/src/spg/domain/product.py": {
#23 1.138       "image_files": [
#23 1.138         {
#23 1.138           "path": "/app/src/spg/domain/product.py",
#23 1.138           "sha256": "e989698581b825abc4e5882f86f3cb027bcc75ca36af93ba5f563c3d53ee468d"
#23 1.138         }
#23 1.138       ],
#23 1.138       "sha256": "e989698581b825abc4e5882f86f3cb027bcc75ca36af93ba5f563c3d53ee468d"
#23 1.138     },
#23 1.138     "watt/src/spg/domain/production_environment.py": {
#23 1.138       "image_files": [
#23 1.138         {
#23 1.138           "path": "/app/src/spg/domain/production_environment.py",
#23 1.138           "sha256": "005182dbff50b3879ee739b1ea656ff2603594bf834beb9f8d6814df726ccec1"
#23 1.138         }
#23 1.138       ],
#23 1.138       "sha256": "005182dbff50b3879ee739b1ea656ff2603594bf834beb9f8d6814df726ccec1"
#23 1.138     },
#23 1.138     "watt/src/spg/domain/production_intelligence.py": {
#23 1.138       "image_files": [
#23 1.138         {
#23 1.138           "path": "/app/src/spg/domain/production_intelligence.py",
#23 1.138           "sha256": "071fb1c2d41228fda184478929cbf539ce1480d9394de33f26ebf6ef874e5ed9"
#23 1.138         }
#23 1.138       ],
#23 1.138       "sha256": "071fb1c2d41228fda184478929cbf539ce1480d9394de33f26ebf6ef874e5ed9"
#23 1.138     },
#23 1.138     "watt/src/spg/domain/recovery.py": {
#23 1.138       "image_files": [
#23 1.138         {
#23 1.138           "path": "/app/src/spg/domain/recovery.py",
#23 1.138           "sha256": "10b4a7acbd631906e241383834ae53f78b9e6b512273c282e56817c2955bf2dd"
#23 1.138         }
#23 1.138       ],
#23 1.138       "sha256": "10b4a7acbd631906e241383834ae53f78b9e6b512273c282e56817c2955bf2dd"
#23 1.138     },
#23 1.138     "watt/src/spg/domain/refinement.py": {
#23 1.138       "image_files": [
#23 1.138         {
#23 1.138           "path": "/app/src/spg/domain/refinement.py",
#23 1.138           "sha256": "12c6b21f8b12308ab362df83fec1327a2b47ab57abe392dca1ba8d4228717b6b"
#23 1.138         }
#23 1.138       ],
#23 1.138       "sha256": "12c6b21f8b12308ab362df83fec1327a2b47ab57abe392dca1ba8d4228717b6b"
#23 1.138     },
#23 1.138     "watt/src/spg/domain/refinement_contract.py": {
#23 1.138       "image_files": [
#23 1.138         {
#23 1.138           "path": "/app/src/spg/domain/refinement_contract.py",
#23 1.138           "sha256": "29b7ad014ee9d1a50025194334fb6c92eace1f0156c9b1e4ccbffbeda3aedd98"
#23 1.138         }
#23 1.138       ],
#23 1.138       "sha256": "29b7ad014ee9d1a50025194334fb6c92eace1f0156c9b1e4ccbffbeda3aedd98"
#23 1.138     },
#23 1.138     "watt/src/spg/domain/repository_actions.py": {
#23 1.138       "image_files": [
#23 1.138         {
#23 1.138           "path": "/app/src/spg/domain/repository_actions.py",
#23 1.138           "sha256": "0bcbf06603d257b00e433c9885426c1654ec85d6de7f547cb7ab7c7ff39c383b"
#23 1.138         }
#23 1.138       ],
#23 1.138       "sha256": "0bcbf06603d257b00e433c9885426c1654ec85d6de7f547cb7ab7c7ff39c383b"
#23 1.138     },
#23 1.138     "watt/src/spg/domain/response_contract.py": {
#23 1.138       "image_files": [
#23 1.138         {
#23 1.138           "path": "/app/src/spg/domain/response_contract.py",
#23 1.138           "sha256": "4afd935b5ea0b37929ffd3549cf28a19110f29c4c3f90ff6744930145f32d7f1"
#23 1.138         }
#23 1.138       ],
#23 1.138       "sha256": "4afd935b5ea0b37929ffd3549cf28a19110f29c4c3f90ff6744930145f32d7f1"
#23 1.138     },
#23 1.138     "watt/src/spg/domain/runtime.py": {
#23 1.138       "image_files": [
#23 1.138         {
#23 1.138           "path": "/app/src/spg/domain/runtime.py",
#23 1.138           "sha256": "0fa5f3683c244803e370d2174b6398056a1c4c2f6e4382eff16214e1d254c4c2"
#23 1.138         }
#23 1.138       ],
#23 1.138       "sha256": "0fa5f3683c244803e370d2174b6398056a1c4c2f6e4382eff16214e1d254c4c2"
#23 1.138     },
#23 1.138     "watt/src/spg/domain/runtime_activation.py": {
#23 1.138       "image_files": [
#23 1.138         {
#23 1.138           "path": "/app/src/spg/domain/runtime_activation.py",
#23 1.138           "sha256": "90d45630419ab078737dcdfce489e90eada93e0647a0e04471a0537164f33812"
#23 1.138         }
#23 1.138       ],
#23 1.138       "sha256": "90d45630419ab078737dcdfce489e90eada93e0647a0e04471a0537164f33812"
#23 1.138     },
#23 1.138     "watt/src/spg/domain/runtime_commit.py": {
#23 1.138       "image_files": [
#23 1.138         {
#23 1.138           "path": "/app/src/spg/domain/runtime_commit.py",
#23 1.138           "sha256": "258bcdaeef2b100c667473f14cddba5e049d829d54cebbbc6313d2e6d1a23927"
#23 1.138         }
#23 1.138       ],
#23 1.138       "sha256": "258bcdaeef2b100c667473f14cddba5e049d829d54cebbbc6313d2e6d1a23927"
#23 1.138     },
#23 1.138     "watt/src/spg/domain/semantic_provenance.py": {
#23 1.138       "image_files": [
#23 1.138         {
#23 1.138           "path": "/app/src/spg/domain/semantic_provenance.py",
#23 1.138           "sha256": "a8c8c4c06c7f6a62b327475637b776b0ebe1864969cb4f9202fe0da479bb7e8d"
#23 1.138         }
#23 1.138       ],
#23 1.138       "sha256": "a8c8c4c06c7f6a62b327475637b776b0ebe1864969cb4f9202fe0da479bb7e8d"
#23 1.138     },
#23 1.138     "watt/src/spg/domain/steering.py": {
#23 1.138       "image_files": [
#23 1.138         {
#23 1.138           "path": "/app/src/spg/domain/steering.py",
#23 1.138           "sha256": "caca9660d775a23a268acf2772ef8b79d8d2bd683f153c1ab79b14bc61ca13f8"
#23 1.138         }
#23 1.138       ],
#23 1.138       "sha256": "caca9660d775a23a268acf2772ef8b79d8d2bd683f153c1ab79b14bc61ca13f8"
#23 1.138     },
#23 1.138     "watt/src/spg/domain/verification.py": {
#23 1.138       "image_files": [
#23 1.138         {
#23 1.138           "path": "/app/src/spg/domain/verification.py",
#23 1.138           "sha256": "3c9dc93bd493abbd468a7fad63f109388d8a4ffb5bb6a6f10fea537632833ac8"
#23 1.138         }
#23 1.138       ],
#23 1.138       "sha256": "3c9dc93bd493abbd468a7fad63f109388d8a4ffb5bb6a6f10fea537632833ac8"
#23 1.138     },
#23 1.138     "watt/src/spg/domain/verifier.py": {
#23 1.138       "image_files": [
#23 1.138         {
#23 1.138           "path": "/app/src/spg/domain/verifier.py",
#23 1.138           "sha256": "1c39898c64e005ea056c0d61e10c5630ecfa0132d99c87350ac25dd78129cca3"
#23 1.138         }
#23 1.138       ],
#23 1.138       "sha256": "1c39898c64e005ea056c0d61e10c5630ecfa0132d99c87350ac25dd78129cca3"
#23 1.138     },
#23 1.138     "watt/src/spg/domain/wic_intelligence.py": {
#23 1.138       "image_files": [
#23 1.138         {
#23 1.138           "path": "/app/src/spg/domain/wic_intelligence.py",
#23 1.138           "sha256": "02eb875a9b4fe722d2e3425238aaf37a10f981f588c2098f297572c1dee97bfe"
#23 1.138         }
#23 1.138       ],
#23 1.138       "sha256": "02eb875a9b4fe722d2e3425238aaf37a10f981f588c2098f297572c1dee97bfe"
#23 1.138     },
#23 1.138     "watt/src/spg/domain/wic_reception.py": {
#23 1.138       "image_files": [
#23 1.138         {
#23 1.138           "path": "/app/src/spg/domain/wic_reception.py",
#23 1.138           "sha256": "0c193f1a9ad43c2e859b4f09cbc2165a48155a42357b7175613b648ed261f160"
#23 1.138         }
#23 1.138       ],
#23 1.138       "sha256": "0c193f1a9ad43c2e859b4f09cbc2165a48155a42357b7175613b648ed261f160"
#23 1.138     },
#23 1.138     "watt/src/spg/domain/wic_response.py": {
#23 1.138       "image_files": [
#23 1.138         {
#23 1.138           "path": "/app/src/spg/domain/wic_response.py",
#23 1.138           "sha256": "57518de35bdf9c8dbaf9660fecf16c4b62a0caaf37941114aab558fae1fc31e5"
#23 1.138         }
#23 1.138       ],
#23 1.138       "sha256": "57518de35bdf9c8dbaf9660fecf16c4b62a0caaf37941114aab558fae1fc31e5"
#23 1.138     },
#23 1.138     "watt/src/spg/evaluation/__init__.py": {
#23 1.138       "image_files": [
#23 1.138         {
#23 1.138           "path": "/app/src/spg/evaluation/__init__.py",
#23 1.138           "sha256": "b3cda578a36d38b934b5c090c3e246bb3dc0bb66073978df843456034cba6356"
#23 1.138         }
#23 1.138       ],
#23 1.138       "sha256": "b3cda578a36d38b934b5c090c3e246bb3dc0bb66073978df843456034cba6356"
#23 1.138     },
#23 1.138     "watt/src/spg/evaluation/admin_dashboard.py": {
#23 1.138       "image_files": [
#23 1.138         {
#23 1.138           "path": "/app/src/spg/evaluation/admin_dashboard.py",
#23 1.138           "sha256": "78b10c434da664a817e416922acbb7269241e3915c5ff7cb5c21b8cfc6ce09ed"
#23 1.138         }
#23 1.138       ],
#23 1.138       "sha256": "78b10c434da664a817e416922acbb7269241e3915c5ff7cb5c21b8cfc6ce09ed"
#23 1.138     },
#23 1.138     "watt/src/spg/evaluation/admin_projection.py": {
#23 1.138       "image_files": [
#23 1.138         {
#23 1.138           "path": "/app/src/spg/evaluation/admin_projection.py",
#23 1.138           "sha256": "f726dee6bd7538b12ec0b95d095a10ad3abb06a10e8a2baaf7121779a590407b"
#23 1.138         }
#23 1.138       ],
#23 1.138       "sha256": "f726dee6bd7538b12ec0b95d095a10ad3abb06a10e8a2baaf7121779a590407b"
#23 1.138     },
#23 1.138     "watt/src/spg/evaluation/campaign_worker.py": {
#23 1.138       "image_files": [
#23 1.138         {
#23 1.138           "path": "/app/src/spg/evaluation/campaign_worker.py",
#23 1.138           "sha256": "64e3442d600f791a3c1d30caf379ccf696fa2413a09a182831c067e636ab141e"
#23 1.138         }
#23 1.138       ],
#23 1.138       "sha256": "64e3442d600f791a3c1d30caf379ccf696fa2413a09a182831c067e636ab141e"
#23 1.138     },
#23 1.138     "watt/src/spg/evaluation/catalog.py": {
#23 1.138       "image_files": [
#23 1.138         {
#23 1.138           "path": "/app/src/spg/evaluation/catalog.py",
#23 1.138           "sha256": "2c298a1216d23e493e593d12f5f81b3904b08ab2cf4bc40e66a4e816dbf857bf"
#23 1.138         }
#23 1.138       ],
#23 1.138       "sha256": "2c298a1216d23e493e593d12f5f81b3904b08ab2cf4bc40e66a4e816dbf857bf"
#23 1.138     },
#23 1.138     "watt/src/spg/evaluation/contracts.py": {
#23 1.138       "image_files": [
#23 1.138         {
#23 1.138           "path": "/app/src/spg/evaluation/contracts.py",
#23 1.138           "sha256": "27db1866d05b573d93dfc3d561b4844ced27c26ff5b85bb81ab148d3b0f23d0e"
#23 1.138         }
#23 1.138       ],
#23 1.138       "sha256": "27db1866d05b573d93dfc3d561b4844ced27c26ff5b85bb81ab148d3b0f23d0e"
#23 1.138     },
#23 1.138     "watt/src/spg/evaluation/human_interaction_regressions.py": {
#23 1.138       "image_files": [
#23 1.138         {
#23 1.138           "path": "/app/src/spg/evaluation/human_interaction_regressions.py",
#23 1.138           "sha256": "36eb88a9f229b1896737c599ef7a584ba6cff39e97d7dd0ff886357869111160"
#23 1.138         }
#23 1.138       ],
#23 1.138       "sha256": "36eb88a9f229b1896737c599ef7a584ba6cff39e97d7dd0ff886357869111160"
#23 1.138     },
#23 1.138     "watt/src/spg/evaluation/judgment.py": {
#23 1.138       "image_files": [
#23 1.138         {
#23 1.138           "path": "/app/src/spg/evaluation/judgment.py",
#23 1.138           "sha256": "d02d818535b1b007d4623932e2d403adb5b25f870b1dd5a8006730b4a01a3e1b"
#23 1.138         }
#23 1.138       ],
#23 1.138       "sha256": "d02d818535b1b007d4623932e2d403adb5b25f870b1dd5a8006730b4a01a3e1b"
#23 1.138     },
#23 1.138     "watt/src/spg/evaluation/managed_greenfield_regressions.py": {
#23 1.138       "image_files": [
#23 1.138         {
#23 1.138           "path": "/app/src/spg/evaluation/managed_greenfield_regressions.py",
#23 1.138           "sha256": "97cbf3e6480381901906da8e8c7358eed45e400982decc8d0b6c693228e75451"
#23 1.138         }
#23 1.138       ],
#23 1.138       "sha256": "97cbf3e6480381901906da8e8c7358eed45e400982decc8d0b6c693228e75451"
#23 1.138     },
#23 1.138     "watt/src/spg/evaluation/open_wic_baseline.py": {
#23 1.138       "image_files": [
#23 1.138         {
#23 1.138           "path": "/app/src/spg/evaluation/open_wic_baseline.py",
#23 1.138           "sha256": "ac5ad0d541f3d3f9b0c1ecb0c159235ba613a5557b5f82db747660a194c4b05e"
#23 1.138         }
#23 1.138       ],
#23 1.138       "sha256": "ac5ad0d541f3d3f9b0c1ecb0c159235ba613a5557b5f82db747660a194c4b05e"
#23 1.138     },
#23 1.138     "watt/src/spg/evaluation/operations.py": {
#23 1.138       "image_files": [
#23 1.138         {
#23 1.138           "path": "/app/src/spg/evaluation/operations.py",
#23 1.138           "sha256": "ed6b732408ac9d70fd1f1c598356ab8ad0025da98a643a6c10cf8b29a3d0d343"
#23 1.138         }
#23 1.138       ],
#23 1.138       "sha256": "ed6b732408ac9d70fd1f1c598356ab8ad0025da98a643a6c10cf8b29a3d0d343"
#23 1.138     },
#23 1.138     "watt/src/spg/evaluation/pilot.py": {
#23 1.138       "image_files": [
#23 1.138         {
#23 1.138           "path": "/app/src/spg/evaluation/pilot.py",
#23 1.138           "sha256": "48697bb23c0fae42194ed6d6c209bb90e150b2329c1264b07d6bb923d77a64a5"
#23 1.138         }
#23 1.138       ],
#23 1.138       "sha256": "48697bb23c0fae42194ed6d6c209bb90e150b2329c1264b07d6bb923d77a64a5"
#23 1.138     },
#23 1.138     "watt/src/spg/evaluation/production_trace.py": {
#23 1.138       "image_files": [
#23 1.138         {
#23 1.138           "path": "/app/src/spg/evaluation/production_trace.py",
#23 1.138           "sha256": "12231c6b760295bfe0de227695b21de2e12b296b422350f0cab0ea7171963368"
#23 1.138         }
#23 1.138       ],
#23 1.138       "sha256": "12231c6b760295bfe0de227695b21de2e12b296b422350f0cab0ea7171963368"
#23 1.138     },
#23 1.138     "watt/src/spg/evaluation/pytest_lineage.py": {
#23 1.138       "image_files": [
#23 1.138         {
#23 1.138           "path": "/app/src/spg/evaluation/pytest_lineage.py",
#23 1.138           "sha256": "45079e89ebbcc46e697dbf23d76a462976667a513f7ab32bc047eb30c7cb6785"
#23 1.138         }
#23 1.138       ],
#23 1.138       "sha256": "45079e89ebbcc46e697dbf23d76a462976667a513f7ab32bc047eb30c7cb6785"
#23 1.138     },
#23 1.138     "watt/src/spg/evaluation/release_gate.py": {
#23 1.138       "image_files": [
#23 1.138         {
#23 1.138           "path": "/app/src/spg/evaluation/release_gate.py",
#23 1.138           "sha256": "bb320e15ce43f1a06779e0b02ca6c901945c98a0f8a6ca1c8550eff3b3823038"
#23 1.138         }
#23 1.138       ],
#23 1.138       "sha256": "bb320e15ce43f1a06779e0b02ca6c901945c98a0f8a6ca1c8550eff3b3823038"
#23 1.138     },
#23 1.138     "watt/src/spg/evaluation/service.py": {
#23 1.138       "image_files": [
#23 1.138         {
#23 1.138           "path": "/app/src/spg/evaluation/service.py",
#23 1.138           "sha256": "8e5568d806579f5f6b2388e6b18737c2c19f23f57cddf9d5eb5697510b6eaa4c"
#23 1.138         }
#23 1.138       ],
#23 1.138       "sha256": "8e5568d806579f5f6b2388e6b18737c2c19f23f57cddf9d5eb5697510b6eaa4c"
#23 1.138     },
#23 1.138     "watt/src/spg/evaluation/work_registry.py": {
#23 1.138       "image_files": [
#23 1.138         {
#23 1.138           "path": "/app/src/spg/evaluation/work_registry.py",
#23 1.138           "sha256": "239cafdb815eb8ba8828a6b06dd4bb40c8df9715a96513c452ec05a44934e762"
#23 1.138         }
#23 1.138       ],
#23 1.138       "sha256": "239cafdb815eb8ba8828a6b06dd4bb40c8df9715a96513c452ec05a44934e762"
#23 1.138     },
#23 1.138     "watt/src/spg/executor/__init__.py": {
#23 1.138       "image_files": [
#23 1.138         {
#23 1.138           "path": "/app/src/spg/executor/__init__.py",
#23 1.138           "sha256": "6e6cc01ebfcc04a9c6d6476e2ae3d770ebf0486e4e125d73a0acda7ade7fe566"
#23 1.138         }
#23 1.138       ],
#23 1.138       "sha256": "6e6cc01ebfcc04a9c6d6476e2ae3d770ebf0486e4e125d73a0acda7ade7fe566"
#23 1.138     },
#23 1.138     "watt/src/spg/executor/context.py": {
#23 1.138       "image_files": [
#23 1.138         {
#23 1.138           "path": "/app/src/spg/executor/context.py",
#23 1.138           "sha256": "a33546d267a12b7f9ea41a176d12e3bc00d44ba8921444da09e90b16443bbb2c"
#23 1.138         }
#23 1.138       ],
#23 1.138       "sha256": "a33546d267a12b7f9ea41a176d12e3bc00d44ba8921444da09e90b16443bbb2c"
#23 1.138     },
#23 1.138     "watt/src/spg/executor/git_operations.py": {
#23 1.138       "image_files": [
#23 1.138         {
#23 1.138           "path": "/app/src/spg/executor/git_operations.py",
#23 1.138           "sha256": "09d5222296bc9d0e20da241feee269d3e12fde076a4efd1e5b24558add0a7600"
#23 1.138         }
#23 1.138       ],
#23 1.138       "sha256": "09d5222296bc9d0e20da241feee269d3e12fde076a4efd1e5b24558add0a7600"
#23 1.138     },
#23 1.138     "watt/src/spg/executor/kernel.py": {
#23 1.138       "image_files": [
#23 1.138         {
#23 1.138           "path": "/app/src/spg/executor/kernel.py",
#23 1.138           "sha256": "291318bbf8ac3da4e217eda1f67b080b8ce48d3cd0e5cfbd3b6039094525aff4"
#23 1.138         }
#23 1.138       ],
#23 1.138       "sha256": "291318bbf8ac3da4e217eda1f67b080b8ce48d3cd0e5cfbd3b6039094525aff4"
#23 1.138     },
#23 1.138     "watt/src/spg/executor/recovery.py": {
#23 1.138       "image_files": [
#23 1.138         {
#23 1.138           "path": "/app/src/spg/executor/recovery.py",
#23 1.138           "sha256": "8efdd155adc3cd0eca789ce7137f04e0900bb8046f3a29157d0fa6dd469af2f7"
#23 1.138         }
#23 1.138       ],
#23 1.138       "sha256": "8efdd155adc3cd0eca789ce7137f04e0900bb8046f3a29157d0fa6dd469af2f7"
#23 1.138     },
#23 1.138     "watt/src/spg/executor/tools.py": {
#23 1.138       "image_files": [
#23 1.138         {
#23 1.138           "path": "/app/src/spg/executor/tools.py",
#23 1.138           "sha256": "4db56250253d46d0f6bc8592c52ac44be2568125f9f35632ed1265cc057cf1f8"
#23 1.138         }
#23 1.138       ],
#23 1.138       "sha256": "4db56250253d46d0f6bc8592c52ac44be2568125f9f35632ed1265cc057cf1f8"
#23 1.138     },
#23 1.138     "watt/src/spg/executor_coordinator.py": {
#23 1.138       "image_files": [
#23 1.138         {
#23 1.138           "path": "/app/src/spg/executor_coordinator.py",
#23 1.138           "sha256": "ba577e2a79b71dc4ea1b5a545ba541809b1fb0756db212431d07d940f84369db"
#23 1.138         }
#23 1.138       ],
#23 1.138       "sha256": "ba577e2a79b71dc4ea1b5a545ba541809b1fb0756db212431d07d940f84369db"
#23 1.138     },
#23 1.138     "watt/src/spg/executor_service.py": {
#23 1.138       "image_files": [
#23 1.138         {
#23 1.138           "path": "/app/src/spg/executor_service.py",
#23 1.138           "sha256": "bdca4a13b04d274522fa747ba714bad3b4a8b1bbe06f48d6163e291ecd395352"
#23 1.138         }
#23 1.138       ],
#23 1.138       "sha256": "bdca4a13b04d274522fa747ba714bad3b4a8b1bbe06f48d6163e291ecd395352"
#23 1.138     },
#23 1.138     "watt/src/spg/executor_worker.py": {
#23 1.138       "image_files": [
#23 1.138         {
#23 1.138           "path": "/app/src/spg/executor_worker.py",
#23 1.138           "sha256": "06bdc8da3018f4a0a79ade255942a4369816139b9995f1310e5916e4d291d362"
#23 1.138         }
#23 1.138       ],
#23 1.138       "sha256": "06bdc8da3018f4a0a79ade255942a4369816139b9995f1310e5916e4d291d362"
#23 1.138     },
#23 1.138     "watt/src/spg/infrastructure/__init__.py": {
#23 1.138       "image_files": [
#23 1.138         {
#23 1.138           "path": "/app/src/spg/infrastructure/__init__.py",
#23 1.138           "sha256": "7676bc993d0efa7abbd63c2033dcf5f590fda29423bbdc7f297487b3a2f59ade"
#23 1.138         }
#23 1.138       ],
#23 1.138       "sha256": "7676bc993d0efa7abbd63c2033dcf5f590fda29423bbdc7f297487b3a2f59ade"
#23 1.138     },
#23 1.138     "watt/src/spg/infrastructure/aliyun_cloud.py": {
#23 1.138       "image_files": [
#23 1.138         {
#23 1.138           "path": "/app/src/spg/infrastructure/aliyun_cloud.py",
#23 1.138           "sha256": "55fb0b6b8ad04fef4390867fb27d1a601f789bd46dd8bd6854c81b1b543169af"
#23 1.138         }
#23 1.138       ],
#23 1.138       "sha256": "55fb0b6b8ad04fef4390867fb27d1a601f789bd46dd8bd6854c81b1b543169af"
#23 1.138     },
#23 1.138     "watt/src/spg/infrastructure/candidate_preview_runtime.py": {
#23 1.138       "image_files": [
#23 1.138         {
#23 1.138           "path": "/app/src/spg/infrastructure/candidate_preview_runtime.py",
#23 1.138           "sha256": "1bf42dc2c18186e4eac09b7744bd4126eb8c4ca08f9f042f8ac3d66ab107eb27"
#23 1.138         }
#23 1.138       ],
#23 1.138       "sha256": "1bf42dc2c18186e4eac09b7744bd4126eb8c4ca08f9f042f8ac3d66ab107eb27"
#23 1.138     },
#23 1.138     "watt/src/spg/infrastructure/cloud_delivery_artifact.py": {
#23 1.138       "image_files": [
#23 1.138         {
#23 1.138           "path": "/app/src/spg/infrastructure/cloud_delivery_artifact.py",
#23 1.138           "sha256": "205aaf67b60c161f1916ff2ae1c3c3d0434d088475f6ec7343634c0d4aa8b72a"
#23 1.138         }
#23 1.138       ],
#23 1.138       "sha256": "205aaf67b60c161f1916ff2ae1c3c3d0434d088475f6ec7343634c0d4aa8b72a"
#23 1.138     },
#23 1.138     "watt/src/spg/infrastructure/cloud_delivery_commands.py": {
#23 1.138       "image_files": [
#23 1.138         {
#23 1.138           "path": "/app/src/spg/infrastructure/cloud_delivery_commands.py",
#23 1.138           "sha256": "81ef9db59a2847836734feb9b4dfd0a6969050656788a2874e6a32a39d2e4313"
#23 1.138         }
#23 1.138       ],
#23 1.138       "sha256": "81ef9db59a2847836734feb9b4dfd0a6969050656788a2874e6a32a39d2e4313"
#23 1.138     },
#23 1.138     "watt/src/spg/infrastructure/cloud_delivery_network.py": {
#23 1.138       "image_files": [
#23 1.138         {
#23 1.138           "path": "/app/src/spg/infrastructure/cloud_delivery_network.py",
#23 1.138           "sha256": "ecc3e892a9f635f0411be34571639d6f77df313fd26a3074aca39c1b5738f6bf"
#23 1.138         }
#23 1.138       ],
#23 1.138       "sha256": "ecc3e892a9f635f0411be34571639d6f77df313fd26a3074aca39c1b5738f6bf"
#23 1.138     },
#23 1.138     "watt/src/spg/infrastructure/configured_executor.py": {
#23 1.138       "image_files": [
#23 1.138         {
#23 1.138           "path": "/app/src/spg/infrastructure/configured_executor.py",
#23 1.138           "sha256": "aabddaaae85df07aa522108cafeab71bcab81d538a5455fdae37081a5943f1ab"
#23 1.138         }
#23 1.138       ],
#23 1.138       "sha256": "aabddaaae85df07aa522108cafeab71bcab81d538a5455fdae37081a5943f1ab"
#23 1.138     },
#23 1.138     "watt/src/spg/infrastructure/content_identity.py": {
#23 1.138       "image_files": [
#23 1.138         {
#23 1.138           "path": "/app/src/spg/infrastructure/content_identity.py",
#23 1.138           "sha256": "5e3bf835446561641076ad454b3609dc248c91054a9a639883c4246fa1fc0bca"
#23 1.138         }
#23 1.138       ],
#23 1.138       "sha256": "5e3bf835446561641076ad454b3609dc248c91054a9a639883c4246fa1fc0bca"
#23 1.138     },
#23 1.138     "watt/src/spg/infrastructure/executor_boundary.py": {
#23 1.138       "image_files": [
#23 1.138         {
#23 1.138           "path": "/app/src/spg/infrastructure/executor_boundary.py",
#23 1.138           "sha256": "ad2f58fe59037cc12b28b31e5c62e958062ea85956ba7de1f4ac9fd69b3a879f"
#23 1.138         }
#23 1.138       ],
#23 1.138       "sha256": "ad2f58fe59037cc12b28b31e5c62e958062ea85956ba7de1f4ac9fd69b3a879f"
#23 1.138     },
#23 1.138     "watt/src/spg/infrastructure/executor_runtime/__init__.py": {
#23 1.138       "image_files": [
#23 1.138         {
#23 1.138           "path": "/app/src/spg/infrastructure/executor_runtime/__init__.py",
#23 1.138           "sha256": "7fd0ad3f3a5817f27d55deeccb0af1bf404c51780677375f055f196f318c0663"
#23 1.138         }
#23 1.138       ],
#23 1.138       "sha256": "7fd0ad3f3a5817f27d55deeccb0af1bf404c51780677375f055f196f318c0663"
#23 1.138     },
#23 1.138     "watt/src/spg/infrastructure/executor_runtime/backends.py": {
#23 1.138       "image_files": [
#23 1.138         {
#23 1.138           "path": "/app/src/spg/infrastructure/executor_runtime/backends.py",
#23 1.138           "sha256": "2d5c8abc387e2d207591824fdd834877224183805d9b52b798eb1d71e719776e"
#23 1.138         }
#23 1.138       ],
#23 1.138       "sha256": "2d5c8abc387e2d207591824fdd834877224183805d9b52b798eb1d71e719776e"
#23 1.138     },
#23 1.138     "watt/src/spg/infrastructure/executor_runtime/git_inference.py": {
#23 1.138       "image_files": [
#23 1.138         {
#23 1.138           "path": "/app/src/spg/infrastructure/executor_runtime/git_inference.py",
#23 1.138           "sha256": "ed2ead366abb803e001f51e55a14d4a3425d3ecd927158f8cc41bdec78c34ed8"
#23 1.138         }
#23 1.138       ],
#23 1.138       "sha256": "ed2ead366abb803e001f51e55a14d4a3425d3ecd927158f8cc41bdec78c34ed8"
#23 1.138     },
#23 1.138     "watt/src/spg/infrastructure/executor_runtime/inference.py": {
#23 1.138       "image_files": [
#23 1.138         {
#23 1.138           "path": "/app/src/spg/infrastructure/executor_runtime/inference.py",
#23 1.138           "sha256": "a6fff2741d92e051afa6c8b71cefe7aed0be910c689a712d1f135e3f96b2f5ec"
#23 1.138         }
#23 1.138       ],
#23 1.138       "sha256": "a6fff2741d92e051afa6c8b71cefe7aed0be910c689a712d1f135e3f96b2f5ec"
#23 1.138     },
#23 1.138     "watt/src/spg/infrastructure/executor_runtime/landlock_sandbox.py": {
#23 1.138       "image_files": [
#23 1.138         {
#23 1.138           "path": "/app/src/spg/infrastructure/executor_runtime/landlock_sandbox.py",
#23 1.138           "sha256": "de9a02c14de8804263a235e86e8a1a293f740f13f9f54e8c306ec1d0b72b4625"
#23 1.138         }
#23 1.138       ],
#23 1.138       "sha256": "de9a02c14de8804263a235e86e8a1a293f740f13f9f54e8c306ec1d0b72b4625"
#23 1.138     },
#23 1.138     "watt/src/spg/infrastructure/executor_runtime/local_storage.py": {
#23 1.138       "image_files": [
#23 1.138         {
#23 1.138           "path": "/app/src/spg/infrastructure/executor_runtime/local_storage.py",
#23 1.138           "sha256": "65a85e929f30f64d4f0df00a334691985edb946dbeb0ca145ba58e158dd782e9"
#23 1.138         }
#23 1.138       ],
#23 1.138       "sha256": "65a85e929f30f64d4f0df00a334691985edb946dbeb0ca145ba58e158dd782e9"
#23 1.138     },
#23 1.138     "watt/src/spg/infrastructure/executor_runtime/native_compatibility_executor.py": {
#23 1.138       "image_files": [
#23 1.138         {
#23 1.138           "path": "/app/src/spg/infrastructure/executor_runtime/native_compatibility_executor.py",
#23 1.138           "sha256": "49975fa8df948295811481ecb94abc8339e86c692563ab258451f2ef66d3838c"
#23 1.138         }
#23 1.138       ],
#23 1.138       "sha256": "49975fa8df948295811481ecb94abc8339e86c692563ab258451f2ef66d3838c"
#23 1.138     },
#23 1.138     "watt/src/spg/infrastructure/executor_runtime/postgres_store.py": {
#23 1.138       "image_files": [
#23 1.138         {
#23 1.138           "path": "/app/src/spg/infrastructure/executor_runtime/postgres_store.py",
#23 1.138           "sha256": "13a3c91c9ddd0a8bb642a15fa0a77b4ee86b142b7bc615126f992c26bef181ce"
#23 1.138         }
#23 1.138       ],
#23 1.138       "sha256": "13a3c91c9ddd0a8bb642a15fa0a77b4ee86b142b7bc615126f992c26bef181ce"
#23 1.138     },
#23 1.138     "watt/src/spg/infrastructure/executor_runtime/production_environment_tool_host.py": {
#23 1.138       "image_files": [
#23 1.138         {
#23 1.138           "path": "/app/src/spg/infrastructure/executor_runtime/production_environment_tool_host.py",
#23 1.138           "sha256": "2556db3d9816ca8fc75126cf8c7d21eb68554c775416eb4d5f3c4d6d19bd9bdf"
#23 1.138         }
#23 1.138       ],
#23 1.138       "sha256": "2556db3d9816ca8fc75126cf8c7d21eb68554c775416eb4d5f3c4d6d19bd9bdf"
#23 1.138     },
#23 1.138     "watt/src/spg/infrastructure/executor_runtime/production_evidence.py": {
#23 1.138       "image_files": [
#23 1.138         {
#23 1.138           "path": "/app/src/spg/infrastructure/executor_runtime/production_evidence.py",
#23 1.138           "sha256": "48c3d62c0b21ad3f3db8f2db6f233c94fff68e5c323cd6955c47dae49e0ec549"
#23 1.138         }
#23 1.138       ],
#23 1.138       "sha256": "48c3d62c0b21ad3f3db8f2db6f233c94fff68e5c323cd6955c47dae49e0ec549"
#23 1.138     },
#23 1.138     "watt/src/spg/infrastructure/executor_runtime/remote_tool_host.py": {
#23 1.138       "image_files": [
#23 1.138         {
#23 1.138           "path": "/app/src/spg/infrastructure/executor_runtime/remote_tool_host.py",
#23 1.138           "sha256": "8900eb22f455f2610e186576d044d5ede4cc3ddc3f16c5edd05bdcf2390144d7"
#23 1.138         }
#23 1.138       ],
#23 1.138       "sha256": "8900eb22f455f2610e186576d044d5ede4cc3ddc3f16c5edd05bdcf2390144d7"
#23 1.138     },
#23 1.138     "watt/src/spg/infrastructure/executor_runtime/runtime_ports.py": {
#23 1.138       "image_files": [
#23 1.138         {
#23 1.138           "path": "/app/src/spg/infrastructure/executor_runtime/runtime_ports.py",
#23 1.138           "sha256": "8d259a7df517b6df73e6e84c6a9d2c90059d20e0644b768177c74770c755cbf1"
#23 1.138         }
#23 1.138       ],
#23 1.138       "sha256": "8d259a7df517b6df73e6e84c6a9d2c90059d20e0644b768177c74770c755cbf1"
#23 1.138     },
#23 1.138     "watt/src/spg/infrastructure/executor_runtime/tool_host.py": {
#23 1.138       "image_files": [
#23 1.138         {
#23 1.138           "path": "/app/src/spg/infrastructure/executor_runtime/tool_host.py",
#23 1.138           "sha256": "5025815e5c1176c90c86d6aec85275c452776b88749dc8f21d57861346517540"
#23 1.138         }
#23 1.138       ],
#23 1.138       "sha256": "5025815e5c1176c90c86d6aec85275c452776b88749dc8f21d57861346517540"
#23 1.138     },
#23 1.138     "watt/src/spg/infrastructure/executor_runtime/worker.py": {
#23 1.138       "image_files": [
#23 1.138         {
#23 1.138           "path": "/app/src/spg/infrastructure/executor_runtime/worker.py",
#23 1.138           "sha256": "152d4d12fa800674f7f9234cd38c6bd7fc8abb1f0a3ac220b1ee42b4dfca51ec"
#23 1.138         }
#23 1.138       ],
#23 1.138       "sha256": "152d4d12fa800674f7f9234cd38c6bd7fc8abb1f0a3ac220b1ee42b4dfca51ec"
#23 1.138     },
#23 1.138     "watt/src/spg/infrastructure/executor_runtime/workspace_host.py": {
#23 1.138       "image_files": [
#23 1.138         {
#23 1.138           "path": "/app/src/spg/infrastructure/executor_runtime/workspace_host.py",
#23 1.138           "sha256": "421fde2801c337e52ff5072610248046bd7a434127c7afa1771fd45ec07e380b"
#23 1.138         }
#23 1.138       ],
#23 1.138       "sha256": "421fde2801c337e52ff5072610248046bd7a434127c7afa1771fd45ec07e380b"
#23 1.138     },
#23 1.138     "watt/src/spg/infrastructure/git_checkout.py": {
#23 1.138       "image_files": [
#23 1.138         {
#23 1.138           "path": "/app/src/spg/infrastructure/git_checkout.py",
#23 1.138           "sha256": "6846e6ab845ad65814a53b7739cab3fc05f8608dcdac4101b9c015c5d8538cf7"
#23 1.138         }
#23 1.138       ],
#23 1.138       "sha256": "6846e6ab845ad65814a53b7739cab3fc05f8608dcdac4101b9c015c5d8538cf7"
#23 1.138     },
#23 1.138     "watt/src/spg/infrastructure/git_integration.py": {
#23 1.138       "image_files": [
#23 1.138         {
#23 1.138           "path": "/app/src/spg/infrastructure/git_integration.py",
#23 1.138           "sha256": "d1f082c63f23293d61f1bbf23837cca2c3468252ceb26e4cf800d587424ecef3"
#23 1.138         }
#23 1.138       ],
#23 1.138       "sha256": "d1f082c63f23293d61f1bbf23837cca2c3468252ceb26e4cf800d587424ecef3"
#23 1.138     },
#23 1.138     "watt/src/spg/infrastructure/git_join.py": {
#23 1.138       "image_files": [
#23 1.138         {
#23 1.138           "path": "/app/src/spg/infrastructure/git_join.py",
#23 1.138           "sha256": "471b4c8f97c32c10272da1e24c30bcf8c047ec49381b036221afccee6b107dfa"
#23 1.138         }
#23 1.138       ],
#23 1.138       "sha256": "471b4c8f97c32c10272da1e24c30bcf8c047ec49381b036221afccee6b107dfa"
#23 1.138     },
#23 1.138     "watt/src/spg/infrastructure/git_maintenance.py": {
#23 1.138       "image_files": [
#23 1.138         {
#23 1.138           "path": "/app/src/spg/infrastructure/git_maintenance.py",
#23 1.138           "sha256": "128ffd2cf7f5b9f2a889d7e129b360ce3ff2ae992bb9f755d098539f198f7407"
#23 1.138         }
#23 1.138       ],
#23 1.138       "sha256": "128ffd2cf7f5b9f2a889d7e129b360ce3ff2ae992bb9f755d098539f198f7407"
#23 1.138     },
#23 1.138     "watt/src/spg/infrastructure/git_observation.py": {
#23 1.138       "image_files": [
#23 1.138         {
#23 1.138           "path": "/app/src/spg/infrastructure/git_observation.py",
#23 1.138           "sha256": "67814c4e7d10619d9145dff499c59abf5002719671a579b1b6a0c70ab2743ba4"
#23 1.138         }
#23 1.138       ],
#23 1.138       "sha256": "67814c4e7d10619d9145dff499c59abf5002719671a579b1b6a0c70ab2743ba4"
#23 1.138     },
#23 1.138     "watt/src/spg/infrastructure/git_repository.py": {
#23 1.138       "image_files": [
#23 1.138         {
#23 1.138           "path": "/app/src/spg/infrastructure/git_repository.py",
#23 1.138           "sha256": "3828b032f2625885e0c9d62d7fbf173af940377cbccd502b4651c240dbea7b88"
#23 1.138         }
#23 1.138       ],
#23 1.138       "sha256": "3828b032f2625885e0c9d62d7fbf173af940377cbccd502b4651c240dbea7b88"
#23 1.138     },
#23 1.138     "watt/src/spg/infrastructure/git_snapshot.py": {
#23 1.138       "image_files": [
#23 1.138         {
#23 1.138           "path": "/app/src/spg/infrastructure/git_snapshot.py",
#23 1.138           "sha256": "eb693af2069ede38eddacd06c50e0cbeb063b1ecf79f4ec936a951237e1ea5b6"
#23 1.138         }
#23 1.138       ],
#23 1.138       "sha256": "eb693af2069ede38eddacd06c50e0cbeb063b1ecf79f4ec936a951237e1ea5b6"
#23 1.138     },
#23 1.138     "watt/src/spg/infrastructure/git_workspace.py": {
#23 1.138       "image_files": [
#23 1.138         {
#23 1.138           "path": "/app/src/spg/infrastructure/git_workspace.py",
#23 1.138           "sha256": "f68c25ca6beb72a782687bd60e7d94b1a412b2ff1789878aa92c6afb50d2f3b1"
#23 1.138         }
#23 1.138       ],
#23 1.138       "sha256": "f68c25ca6beb72a782687bd60e7d94b1a412b2ff1789878aa92c6afb50d2f3b1"
#23 1.138     },
#23 1.138     "watt/src/spg/infrastructure/managed_source_provider.py": {
#23 1.138       "image_files": [
#23 1.138         {
#23 1.138           "path": "/app/src/spg/infrastructure/managed_source_provider.py",
#23 1.138           "sha256": "23eacd1845d8d0736e5c2be1e8c4dcd8129e3aa20dcc466a618ff991e05b5ac0"
#23 1.138         }
#23 1.138       ],
#23 1.138       "sha256": "23eacd1845d8d0736e5c2be1e8c4dcd8129e3aa20dcc466a618ff991e05b5ac0"
#23 1.138     },
#23 1.138     "watt/src/spg/infrastructure/model_runtime.py": {
#23 1.138       "image_files": [
#23 1.138         {
#23 1.138           "path": "/app/src/spg/infrastructure/model_runtime.py",
#23 1.138           "sha256": "7cba0f471f6fa7a6788fc933c2ec6d6898d49aef831fa3ae28c91db1ce3f5aaa"
#23 1.138         }
#23 1.138       ],
#23 1.138       "sha256": "7cba0f471f6fa7a6788fc933c2ec6d6898d49aef831fa3ae28c91db1ce3f5aaa"
#23 1.138     },
#23 1.138     "watt/src/spg/infrastructure/performance.py": {
#23 1.138       "image_files": [
#23 1.138         {
#23 1.138           "path": "/app/src/spg/infrastructure/performance.py",
#23 1.138           "sha256": "54159937e6dc118669dbc6cf4c4f8f6f68c6aae79006eb6be825b25dd2253fb4"
#23 1.138         }
#23 1.138       ],
#23 1.138       "sha256": "54159937e6dc118669dbc6cf4c4f8f6f68c6aae79006eb6be825b25dd2253fb4"
#23 1.138     },
#23 1.138     "watt/src/spg/infrastructure/persistence/__init__.py": {
#23 1.138       "image_files": [
#23 1.138         {
#23 1.138           "path": "/app/src/spg/infrastructure/persistence/__init__.py",
#23 1.138           "sha256": "172a34ec50ecdacc4a7f168e6e0cbaf6c7415e2f3d38b4353253db02b51d81f7"
#23 1.138         }
#23 1.138       ],
#23 1.138       "sha256": "172a34ec50ecdacc4a7f168e6e0cbaf6c7415e2f3d38b4353253db02b51d81f7"
#23 1.138     },
#23 1.138     "watt/src/spg/infrastructure/persistence/asset_schema.py": {
#23 1.138       "image_files": [
#23 1.138         {
#23 1.138           "path": "/app/src/spg/infrastructure/persistence/asset_schema.py",
#23 1.138           "sha256": "025a2efca19016bdb2fa1a2f86164cd9dad236c920302cb18f53719a3b0c66da"
#23 1.138         }
#23 1.138       ],
#23 1.138       "sha256": "025a2efca19016bdb2fa1a2f86164cd9dad236c920302cb18f53719a3b0c66da"
#23 1.138     },
#23 1.138     "watt/src/spg/infrastructure/persistence/auth_schema.py": {
#23 1.138       "image_files": [
#23 1.138         {
#23 1.138           "path": "/app/src/spg/infrastructure/persistence/auth_schema.py",
#23 1.138           "sha256": "3ce812f3b425d8eb0e7515d0f72dd6e2e774e6d9239ddf0aa833d44024d60410"
#23 1.138         }
#23 1.138       ],
#23 1.138       "sha256": "3ce812f3b425d8eb0e7515d0f72dd6e2e774e6d9239ddf0aa833d44024d60410"
#23 1.138     },
#23 1.138     "watt/src/spg/infrastructure/persistence/cloud_delivery_schema.py": {
#23 1.138       "image_files": [
#23 1.138         {
#23 1.138           "path": "/app/src/spg/infrastructure/persistence/cloud_delivery_schema.py",
#23 1.138           "sha256": "2dbcf95539a458371b995a672a919e53fc17c740a4e9676ce199041cf166a7cb"
#23 1.138         }
#23 1.138       ],
#23 1.138       "sha256": "2dbcf95539a458371b995a672a919e53fc17c740a4e9676ce199041cf166a7cb"
#23 1.138     },
#23 1.138     "watt/src/spg/infrastructure/persistence/concurrency.py": {
#23 1.138       "image_files": [
#23 1.138         {
#23 1.138           "path": "/app/src/spg/infrastructure/persistence/concurrency.py",
#23 1.138           "sha256": "f2764482d12ea00b42a13bd4d07e0216f99300fa8c6eb35b6af84a75d5afc32e"
#23 1.138         }
#23 1.138       ],
#23 1.138       "sha256": "f2764482d12ea00b42a13bd4d07e0216f99300fa8c6eb35b6af84a75d5afc32e"
#23 1.138     },
#23 1.138     "watt/src/spg/infrastructure/persistence/connector_schema.py": {
#23 1.138       "image_files": [
#23 1.138         {
#23 1.138           "path": "/app/src/spg/infrastructure/persistence/connector_schema.py",
#23 1.138           "sha256": "57721380aa34052b54e4e5d6704fe450b3cd69b45265a062087cf86b74ab732e"
#23 1.138         }
#23 1.138       ],
#23 1.138       "sha256": "57721380aa34052b54e4e5d6704fe450b3cd69b45265a062087cf86b74ab732e"
#23 1.138     },
#23 1.138     "watt/src/spg/infrastructure/persistence/control_room_schema.py": {
#23 1.138       "image_files": [
#23 1.138         {
#23 1.138           "path": "/app/src/spg/infrastructure/persistence/control_room_schema.py",
#23 1.138           "sha256": "305a43adb18314344156b58a384972bd5b80bfd93bd99f7bc5ac93052ff2d6af"
#23 1.138         }
#23 1.138       ],
#23 1.138       "sha256": "305a43adb18314344156b58a384972bd5b80bfd93bd99f7bc5ac93052ff2d6af"
#23 1.138     },
#23 1.138     "watt/src/spg/infrastructure/persistence/database.py": {
#23 1.138       "image_files": [
#23 1.138         {
#23 1.138           "path": "/app/src/spg/infrastructure/persistence/database.py",
#23 1.138           "sha256": "f8ecf3727e5f81887a9ba822f776bcca83740911fc45aac74905495aa5043657"
#23 1.138         }
#23 1.138       ],
#23 1.138       "sha256": "f8ecf3727e5f81887a9ba822f776bcca83740911fc45aac74905495aa5043657"
#23 1.138     },
#23 1.138     "watt/src/spg/infrastructure/persistence/delivery_schema.py": {
#23 1.138       "image_files": [
#23 1.138         {
#23 1.138           "path": "/app/src/spg/infrastructure/persistence/delivery_schema.py",
#23 1.138           "sha256": "93b9fbf5fcf4380384aeedc26b4a4652767ec107ccb1b7eabfedabff1a8a1b91"
#23 1.138         }
#23 1.138       ],
#23 1.138       "sha256": "93b9fbf5fcf4380384aeedc26b4a4652767ec107ccb1b7eabfedabff1a8a1b91"
#23 1.138     },
#23 1.138     "watt/src/spg/infrastructure/persistence/evaluation_schema.py": {
#23 1.138       "image_files": [
#23 1.138         {
#23 1.138           "path": "/app/src/spg/infrastructure/persistence/evaluation_schema.py",
#23 1.138           "sha256": "abc98746b06fb1020f296e53faef66871e05108fcce8a843c7722d5d7c346348"
#23 1.138         }
#23 1.138       ],
#23 1.138       "sha256": "abc98746b06fb1020f296e53faef66871e05108fcce8a843c7722d5d7c346348"
#23 1.138     },
#23 1.138     "watt/src/spg/infrastructure/persistence/github_delivery_schema.py": {
#23 1.138       "image_files": [
#23 1.138         {
#23 1.138           "path": "/app/src/spg/infrastructure/persistence/github_delivery_schema.py",
#23 1.138           "sha256": "8ad36a3196a211978046dab180da1b36cdebbbc4e4ff5276976dfde694676191"
#23 1.138         }
#23 1.138       ],
#23 1.138       "sha256": "8ad36a3196a211978046dab180da1b36cdebbbc4e4ff5276976dfde694676191"
#23 1.138     },
#23 1.138     "watt/src/spg/infrastructure/persistence/guided_design_schema.py": {
#23 1.138       "image_files": [
#23 1.138         {
#23 1.138           "path": "/app/src/spg/infrastructure/persistence/guided_design_schema.py",
#23 1.138           "sha256": "42401efe8b0949a67218aa1c0746d380166868fbc6cd9c1409a147b56c0da44a"
#23 1.138         }
#23 1.138       ],
#23 1.138       "sha256": "42401efe8b0949a67218aa1c0746d380166868fbc6cd9c1409a147b56c0da44a"
#23 1.138     },
#23 1.138     "watt/src/spg/infrastructure/persistence/guided_design_store.py": {
#23 1.138       "image_files": [
#23 1.138         {
#23 1.138           "path": "/app/src/spg/infrastructure/persistence/guided_design_store.py",
#23 1.138           "sha256": "fd0072886e030f2adcb72dba2fdbd1d8d1b0796070e326018b4c9f925df58734"
#23 1.138         }
#23 1.138       ],
#23 1.138       "sha256": "fd0072886e030f2adcb72dba2fdbd1d8d1b0796070e326018b4c9f925df58734"
#23 1.138     },
#23 1.138     "watt/src/spg/infrastructure/persistence/human_visible_schema.py": {
#23 1.138       "image_files": [
#23 1.138         {
#23 1.138           "path": "/app/src/spg/infrastructure/persistence/human_visible_schema.py",
#23 1.138           "sha256": "f7f0971223d476a93419d5d6890f6e20979cef67296cd3d5c5cc06bbba9582e5"
#23 1.138         }
#23 1.138       ],
#23 1.138       "sha256": "f7f0971223d476a93419d5d6890f6e20979cef67296cd3d5c5cc06bbba9582e5"
#23 1.138     },
#23 1.138     "watt/src/spg/infrastructure/persistence/intent_realization_schema.py": {
#23 1.138       "image_files": [
#23 1.138         {
#23 1.138           "path": "/app/src/spg/infrastructure/persistence/intent_realization_schema.py",
#23 1.138           "sha256": "5e8157ca9eaf197558826f9ed8c9e495c2111badf29fafd29bc7fc75372925e7"
#23 1.138         }
#23 1.138       ],
#23 1.138       "sha256": "5e8157ca9eaf197558826f9ed8c9e495c2111badf29fafd29bc7fc75372925e7"
#23 1.138     },
#23 1.138     "watt/src/spg/infrastructure/persistence/intent_realization_store.py": {
#23 1.138       "image_files": [
#23 1.138         {
#23 1.138           "path": "/app/src/spg/infrastructure/persistence/intent_realization_store.py",
#23 1.138           "sha256": "bb66d4820fc5b8a06421db1561a4f0c168157654eb95ee187464ea58d1ad9861"
#23 1.138         }
#23 1.138       ],
#23 1.138       "sha256": "bb66d4820fc5b8a06421db1561a4f0c168157654eb95ee187464ea58d1ad9861"
#23 1.138     },
#23 1.138     "watt/src/spg/infrastructure/persistence/interaction_store.py": {
#23 1.138       "image_files": [
#23 1.138         {
#23 1.138           "path": "/app/src/spg/infrastructure/persistence/interaction_store.py",
#23 1.138           "sha256": "635f2dcd78590ea1626988e73a579137f7211d5507ac624e1fb0a44b82e1a7ea"
#23 1.138         }
#23 1.138       ],
#23 1.138       "sha256": "635f2dcd78590ea1626988e73a579137f7211d5507ac624e1fb0a44b82e1a7ea"
#23 1.138     },
#23 1.138     "watt/src/spg/infrastructure/persistence/managed_repository_schema.py": {
#23 1.138       "image_files": [
#23 1.138         {
#23 1.138           "path": "/app/src/spg/infrastructure/persistence/managed_repository_schema.py",
#23 1.138           "sha256": "0841ea5b203c5aa7f6f67da6cdb9611efee2e4fd628c0406f6219ec4c2ac8ea3"
#23 1.138         }
#23 1.138       ],
#23 1.138       "sha256": "0841ea5b203c5aa7f6f67da6cdb9611efee2e4fd628c0406f6219ec4c2ac8ea3"
#23 1.138     },
#23 1.138     "watt/src/spg/infrastructure/persistence/metadata.py": {
#23 1.138       "image_files": [
#23 1.138         {
#23 1.138           "path": "/app/src/spg/infrastructure/persistence/metadata.py",
#23 1.138           "sha256": "9c00125d2c4f54d539c5cb02265213feea751971fe2643a3bfd4d3a0039cbc6f"
#23 1.138         }
#23 1.138       ],
#23 1.138       "sha256": "9c00125d2c4f54d539c5cb02265213feea751971fe2643a3bfd4d3a0039cbc6f"
#23 1.138     },
#23 1.138     "watt/src/spg/infrastructure/persistence/native_execution_schema.py": {
#23 1.138       "image_files": [
#23 1.138         {
#23 1.138           "path": "/app/src/spg/infrastructure/persistence/native_execution_schema.py",
#23 1.138           "sha256": "eda5483453b70a88ab2bebfb0eb1dc08fc42da37f45f2b276897efab854b9955"
#23 1.138         }
#23 1.138       ],
#23 1.138       "sha256": "eda5483453b70a88ab2bebfb0eb1dc08fc42da37f45f2b276897efab854b9955"
#23 1.138     },
#23 1.138     "watt/src/spg/infrastructure/persistence/product_schema.py": {
#23 1.138       "image_files": [
#23 1.138         {
#23 1.138           "path": "/app/src/spg/infrastructure/persistence/product_schema.py",
#23 1.138           "sha256": "e85228d617170ed4cbaf1fc8e5d964d8588050748522749db9df44d3af4be73d"
#23 1.138         }
#23 1.138       ],
#23 1.138       "sha256": "e85228d617170ed4cbaf1fc8e5d964d8588050748522749db9df44d3af4be73d"
#23 1.138     },
#23 1.138     "watt/src/spg/infrastructure/persistence/product_store.py": {
#23 1.138       "image_files": [
#23 1.138         {
#23 1.138           "path": "/app/src/spg/infrastructure/persistence/product_store.py",
#23 1.138           "sha256": "852a31c5fc41128881b1939886f7e50c021b7214ff9c569ea0bd26a3d8a16166"
#23 1.138         }
#23 1.138       ],
#23 1.138       "sha256": "852a31c5fc41128881b1939886f7e50c021b7214ff9c569ea0bd26a3d8a16166"
#23 1.138     },
#23 1.138     "watt/src/spg/infrastructure/persistence/projection_reads.py": {
#23 1.138       "image_files": [
#23 1.138         {
#23 1.138           "path": "/app/src/spg/infrastructure/persistence/projection_reads.py",
#23 1.138           "sha256": "a0c2d9e7c642b45984894ab4171195ed677c399cd324ccfbc65c12dab56ba89e"
#23 1.138         }
#23 1.138       ],
#23 1.138       "sha256": "a0c2d9e7c642b45984894ab4171195ed677c399cd324ccfbc65c12dab56ba89e"
#23 1.138     },
#23 1.138     "watt/src/spg/infrastructure/persistence/quality_schema.py": {
#23 1.138       "image_files": [
#23 1.138         {
#23 1.138           "path": "/app/src/spg/infrastructure/persistence/quality_schema.py",
#23 1.138           "sha256": "6bae9f085f9180ce29519984bfb5c9b8a1d9b1caa87a7f0f345f951e3ea71194"
#23 1.138         }
#23 1.138       ],
#23 1.138       "sha256": "6bae9f085f9180ce29519984bfb5c9b8a1d9b1caa87a7f0f345f951e3ea71194"
#23 1.138     },
#23 1.138     "watt/src/spg/infrastructure/persistence/runtime_schema.py": {
#23 1.138       "image_files": [
#23 1.138         {
#23 1.138           "path": "/app/src/spg/infrastructure/persistence/runtime_schema.py",
#23 1.138           "sha256": "ef5e64e0bf5293a798aa7e40e1adbbc939d209bdcd975f4086a95a73b89a00c1"
#23 1.138         }
#23 1.138       ],
#23 1.138       "sha256": "ef5e64e0bf5293a798aa7e40e1adbbc939d209bdcd975f4086a95a73b89a00c1"
#23 1.138     },
#23 1.138     "watt/src/spg/infrastructure/persistence/runtime_store.py": {
#23 1.138       "image_files": [
#23 1.138         {
#23 1.138           "path": "/app/src/spg/infrastructure/persistence/runtime_store.py",
#23 1.138           "sha256": "eeb513ee00ed0ccae2022310b061303d2f03b060056ed6493b10c0c09fd39467"
#23 1.138         }
#23 1.138       ],
#23 1.138       "sha256": "eeb513ee00ed0ccae2022310b061303d2f03b060056ed6493b10c0c09fd39467"
#23 1.138     },
#23 1.138     "watt/src/spg/infrastructure/persistence/steering_schema.py": {
#23 1.138       "image_files": [
#23 1.138         {
#23 1.138           "path": "/app/src/spg/infrastructure/persistence/steering_schema.py",
#23 1.138           "sha256": "08358bfcec9d40e9d09fd8661b00424682dfc9ad4448abb8fd2468eb63e7443f"
#23 1.138         }
#23 1.138       ],
#23 1.138       "sha256": "08358bfcec9d40e9d09fd8661b00424682dfc9ad4448abb8fd2468eb63e7443f"
#23 1.138     },
#23 1.138     "watt/src/spg/infrastructure/persistence/steering_store.py": {
#23 1.138       "image_files": [
#23 1.138         {
#23 1.138           "path": "/app/src/spg/infrastructure/persistence/steering_store.py",
#23 1.138           "sha256": "d2bb2f9a116d98a9a0bfcdf5d51cd3992054d7249c95b987fbe70184db7f9cb6"
#23 1.138         }
#23 1.138       ],
#23 1.138       "sha256": "d2bb2f9a116d98a9a0bfcdf5d51cd3992054d7249c95b987fbe70184db7f9cb6"
#23 1.138     },
#23 1.138     "watt/src/spg/infrastructure/persistence/unit_of_work.py": {
#23 1.138       "image_files": [
#23 1.138         {
#23 1.138           "path": "/app/src/spg/infrastructure/persistence/unit_of_work.py",
#23 1.138           "sha256": "aaa0cbc411d9c74cdf1ba20d5d07acab554f22a086cc4229e424ce8e05404eaf"
#23 1.138         }
#23 1.138       ],
#23 1.138       "sha256": "aaa0cbc411d9c74cdf1ba20d5d07acab554f22a086cc4229e424ce8e05404eaf"
#23 1.138     },
#23 1.138     "watt/src/spg/infrastructure/production_environment.py": {
#23 1.138       "image_files": [
#23 1.138         {
#23 1.138           "path": "/app/src/spg/infrastructure/production_environment.py",
#23 1.138           "sha256": "88fb9eca2bfc73818651d205936edd0be5a2dc27a2ed057016602fa88a1eebdc"
#23 1.138         }
#23 1.138       ],
#23 1.138       "sha256": "88fb9eca2bfc73818651d205936edd0be5a2dc27a2ed057016602fa88a1eebdc"
#23 1.138     },
#23 1.138     "watt/src/spg/infrastructure/production_environment_store.py": {
#23 1.138       "image_files": [
#23 1.138         {
#23 1.138           "path": "/app/src/spg/infrastructure/production_environment_store.py",
#23 1.138           "sha256": "89993b73d83610f704eaf52e772ce15a928729c24153d65e559ab37029b998f0"
#23 1.138         }
#23 1.138       ],
#23 1.138       "sha256": "89993b73d83610f704eaf52e772ce15a928729c24153d65e559ab37029b998f0"
#23 1.138     },
#23 1.138     "watt/src/spg/infrastructure/repository_lock.py": {
#23 1.138       "image_files": [
#23 1.138         {
#23 1.138           "path": "/app/src/spg/infrastructure/repository_lock.py",
#23 1.138           "sha256": "28afc14a6180a1d0767cabe878ea158bde25326d5a6e1ce5264474d585570549"
#23 1.138         }
#23 1.138       ],
#23 1.138       "sha256": "28afc14a6180a1d0767cabe878ea158bde25326d5a6e1ce5264474d585570549"
#23 1.138     },
#23 1.138     "watt/src/spg/infrastructure/runtime_activation.py": {
#23 1.138       "image_files": [
#23 1.138         {
#23 1.138           "path": "/app/src/spg/infrastructure/runtime_activation.py",
#23 1.138           "sha256": "c28158f766f7bacc81716099cdb009f3821eba41885854071fb729acec91565d"
#23 1.138         }
#23 1.138       ],
#23 1.138       "sha256": "c28158f766f7bacc81716099cdb009f3821eba41885854071fb729acec91565d"
#23 1.138     },
#23 1.138     "watt/src/spg/providers/__init__.py": {
#23 1.138       "image_files": [
#23 1.138         {
#23 1.138           "path": "/app/src/spg/providers/__init__.py",
#23 1.138           "sha256": "0e3499eb605ac12b587e4f6801486b3dd8e08d863c7fd5b547a268f2b7dbb359"
#23 1.138         }
#23 1.138       ],
#23 1.138       "sha256": "0e3499eb605ac12b587e4f6801486b3dd8e08d863c7fd5b547a268f2b7dbb359"
#23 1.138     },
#23 1.138     "watt/src/spg/providers/contract_verifier.py": {
#23 1.138       "image_files": [
#23 1.138         {
#23 1.138           "path": "/app/src/spg/providers/contract_verifier.py",
#23 1.138           "sha256": "3295955ae5e303456ae29dda6ba14b209b670ea616443ad1f9a57d1ef37cd57c"
#23 1.138         }
#23 1.138       ],
#23 1.138       "sha256": "3295955ae5e303456ae29dda6ba14b209b670ea616443ad1f9a57d1ef37cd57c"
#23 1.138     },
#23 1.138     "watt/src/spg/providers/deepseek_fast_reception.py": {
#23 1.138       "image_files": [
#23 1.138         {
#23 1.138           "path": "/app/src/spg/providers/deepseek_fast_reception.py",
#23 1.138           "sha256": "b545af953a39b2fb19b1673c69b02e8a0b3bed1485325a9bd47928c10b1c8983"
#23 1.138         }
#23 1.138       ],
#23 1.138       "sha256": "b545af953a39b2fb19b1673c69b02e8a0b3bed1485325a9bd47928c10b1c8983"
#23 1.138     },
#23 1.138     "watt/src/spg/providers/deepseek_interaction.py": {
#23 1.138       "image_files": [
#23 1.138         {
#23 1.138           "path": "/app/src/spg/providers/deepseek_interaction.py",
#23 1.138           "sha256": "c55b55320839f17ee13ca5560b9e5f72a689a8252dc4597f3efb3547f27c1e84"
#23 1.138         }
#23 1.138       ],
#23 1.138       "sha256": "c55b55320839f17ee13ca5560b9e5f72a689a8252dc4597f3efb3547f27c1e84"
#23 1.138     },
#23 1.138     "watt/src/spg/providers/deepseek_semantic.py": {
#23 1.138       "image_files": [
#23 1.138         {
#23 1.138           "path": "/app/src/spg/providers/deepseek_semantic.py",
#23 1.138           "sha256": "79b9f05e60df8feda14f9742d7af1b2f138a40d3829570a76eea007519706ee7"
#23 1.138         }
#23 1.138       ],
#23 1.138       "sha256": "79b9f05e60df8feda14f9742d7af1b2f138a40d3829570a76eea007519706ee7"
#23 1.138     },
#23 1.138     "watt/src/spg/providers/deterministic_executor.py": {
#23 1.138       "image_files": [
#23 1.138         {
#23 1.138           "path": "/app/src/spg/providers/deterministic_executor.py",
#23 1.138           "sha256": "d9dec31208dd9414a4c9cb8069612e252a80818c099ea847f5c0dd69f0ce0362"
#23 1.138         }
#23 1.138       ],
#23 1.138       "sha256": "d9dec31208dd9414a4c9cb8069612e252a80818c099ea847f5c0dd69f0ce0362"
#23 1.138     },
#23 1.138     "watt/src/spg/providers/deterministic_verifier.py": {
#23 1.138       "image_files": [
#23 1.138         {
#23 1.138           "path": "/app/src/spg/providers/deterministic_verifier.py",
#23 1.138           "sha256": "a1b5726efb27c6d0e1990b14c5b86250b098944de384f30416fd6055abd7864d"
#23 1.138         }
#23 1.138       ],
#23 1.138       "sha256": "a1b5726efb27c6d0e1990b14c5b86250b098944de384f30416fd6055abd7864d"
#23 1.138     },
#23 1.138     "watt/src/spg/providers/external_search.py": {
#23 1.138       "image_files": [
#23 1.138         {
#23 1.138           "path": "/app/src/spg/providers/external_search.py",
#23 1.138           "sha256": "28d90c036829a0e8f6882c4c70e08ec3600d291d7086b060dbe0e18736c4e5da"
#23 1.138         }
#23 1.138       ],
#23 1.138       "sha256": "28d90c036829a0e8f6882c4c70e08ec3600d291d7086b060dbe0e18736c4e5da"
#23 1.138     },
#23 1.138     "watt/src/spg/providers/fulfillment_candidate.py": {
#23 1.138       "image_files": [
#23 1.138         {
#23 1.138           "path": "/app/src/spg/providers/fulfillment_candidate.py",
#23 1.138           "sha256": "a9dfb4492222c1269989e8208bc70a8377a3ff57f51f3dee18db111fda73bdbb"
#23 1.138         }
#23 1.138       ],
#23 1.138       "sha256": "a9dfb4492222c1269989e8208bc70a8377a3ff57f51f3dee18db111fda73bdbb"
#23 1.138     },
#23 1.138     "watt/src/spg/providers/interaction_contract.py": {
#23 1.138       "image_files": [
#23 1.138         {
#23 1.138           "path": "/app/src/spg/providers/interaction_contract.py",
#23 1.138           "sha256": "3d34cc3b4c7e4f284a827ffa500e948d3633344ecab344e5d157bd7d4b3f87c3"
#23 1.138         }
#23 1.138       ],
#23 1.138       "sha256": "3d34cc3b4c7e4f284a827ffa500e948d3633344ecab344e5d157bd7d4b3f87c3"
#23 1.138     },
#23 1.138     "watt/src/spg/providers/managed_context_fulfillment.py": {
#23 1.138       "image_files": [
#23 1.138         {
#23 1.138           "path": "/app/src/spg/providers/managed_context_fulfillment.py",
#23 1.138           "sha256": "78a573d4cbead423fea5ec8e6a85524e89b03aca0812931d76dadd66438bf266"
#23 1.138         }
#23 1.138       ],
#23 1.138       "sha256": "78a573d4cbead423fea5ec8e6a85524e89b03aca0812931d76dadd66438bf266"
#23 1.138     },
#23 1.138     "watt/src/spg/providers/protected_context_verifier.py": {
#23 1.138       "image_files": [
#23 1.138         {
#23 1.138           "path": "/app/src/spg/providers/protected_context_verifier.py",
#23 1.138           "sha256": "0d165b92d7f2901733650abc7b821e8e8f72564de460024a36c60c20b92a46b1"
#23 1.138         }
#23 1.138       ],
#23 1.138       "sha256": "0d165b92d7f2901733650abc7b821e8e8f72564de460024a36c60c20b92a46b1"
#23 1.138     },
#23 1.138     "watt/src/spg/providers/repository_change_proposal.py": {
#23 1.138       "image_files": [
#23 1.138         {
#23 1.138           "path": "/app/src/spg/providers/repository_change_proposal.py",
#23 1.138           "sha256": "0d8844d6abb4ca7515610b4437d31e5487aa086bba668ff079df7af140a69d60"
#23 1.138         }
#23 1.138       ],
#23 1.138       "sha256": "0d8844d6abb4ca7515610b4437d31e5487aa086bba668ff079df7af140a69d60"
#23 1.138     },
#23 1.138     "watt/src/spg/providers/repository_code_verifier.py": {
#23 1.138       "image_files": [
#23 1.138         {
#23 1.138           "path": "/app/src/spg/providers/repository_code_verifier.py",
#23 1.138           "sha256": "8746653ee2275b3a6b2f99071a1e02d9bdb851760a45f8bf3fd7d23a9295e844"
#23 1.138         }
#23 1.138       ],
#23 1.138       "sha256": "8746653ee2275b3a6b2f99071a1e02d9bdb851760a45f8bf3fd7d23a9295e844"
#23 1.138     },
#23 1.138     "watt/src/spg/providers/repository_markdown_verifier.py": {
#23 1.138       "image_files": [
#23 1.138         {
#23 1.138           "path": "/app/src/spg/providers/repository_markdown_verifier.py",
#23 1.138           "sha256": "9d900fdd65b7b883cfce1b0cc8066be572efeaadf6fab5b3547e933d65835ebd"
#23 1.138         }
#23 1.138       ],
#23 1.138       "sha256": "9d900fdd65b7b883cfce1b0cc8066be572efeaadf6fab5b3547e933d65835ebd"
#23 1.138     },
#23 1.138     "watt/src/spg/providers/rule_based_planner.py": {
#23 1.138       "image_files": [
#23 1.138         {
#23 1.138           "path": "/app/src/spg/providers/rule_based_planner.py",
#23 1.138           "sha256": "41a1efe4e7f0a247aa22201c8da550bd98d3e1255d69afb3b66cef9dcba8b83d"
#23 1.138         }
#23 1.138       ],
#23 1.138       "sha256": "41a1efe4e7f0a247aa22201c8da550bd98d3e1255d69afb3b66cef9dcba8b83d"
#23 1.138     },
#23 1.138     "watt/src/spg/providers/semantic_wire.py": {
#23 1.138       "image_files": [
#23 1.138         {
#23 1.138           "path": "/app/src/spg/providers/semantic_wire.py",
#23 1.138           "sha256": "ff24611f9cdcdb11385063c7de748085c3f2f5a43de1c361c9e2a43c401eff4d"
#23 1.138         }
#23 1.138       ],
#23 1.138       "sha256": "ff24611f9cdcdb11385063c7de748085c3f2f5a43de1c361c9e2a43c401eff4d"
#23 1.138     },
#23 1.138     "watt/src/spg/providers/static_html_semantic_verifier.py": {
#23 1.138       "image_files": [
#23 1.138         {
#23 1.138           "path": "/app/src/spg/providers/static_html_semantic_verifier.py",
#23 1.138           "sha256": "7a518e180469234e873036d9cb1642922935ecbe713788efbf7675e21c9daa35"
#23 1.138         }
#23 1.138       ],
#23 1.138       "sha256": "7a518e180469234e873036d9cb1642922935ecbe713788efbf7675e21c9daa35"
#23 1.138     },
#23 1.138     "watt/src/spg/providers/verification_receipts.py": {
#23 1.138       "image_files": [
#23 1.138         {
#23 1.138           "path": "/app/src/spg/providers/verification_receipts.py",
#23 1.138           "sha256": "79dcb0c59bb375e7dec1320ba6d3886918ff6cf6b43fb6ca7329c7f0699d03f0"
#23 1.138         }
#23 1.138       ],
#23 1.138       "sha256": "79dcb0c59bb375e7dec1320ba6d3886918ff6cf6b43fb6ca7329c7f0699d03f0"
#23 1.138     },
#23 1.138     "watt/src/spg/tool_host_api.py": {
#23 1.138       "image_files": [
#23 1.138         {
#23 1.138           "path": "/app/src/spg/tool_host_api.py",
#23 1.138           "sha256": "164872cb795793ad720d6f1f5a15b2095a5b6f926bdfa994078acd57269f48b7"
#23 1.138         }
#23 1.138       ],
#23 1.138       "sha256": "164872cb795793ad720d6f1f5a15b2095a5b6f926bdfa994078acd57269f48b7"
#23 1.138     },
#23 1.138     "watt/src/spg/web/__init__.py": {
#23 1.138       "image_files": [
#23 1.138         {
#23 1.138           "path": "/app/src/spg/web/__init__.py",
#23 1.138           "sha256": "07539e3157cf48d07eb899f23e227f30465e17760a367305764b3c396b76bf10"
#23 1.138         }
#23 1.138       ],
#23 1.138       "sha256": "07539e3157cf48d07eb899f23e227f30465e17760a367305764b3c396b76bf10"
#23 1.138     },
#23 1.138     "watt/src/spg/web/admin.css": {
#23 1.138       "image_files": [
#23 1.138         {
#23 1.138           "path": "/app/src/spg/web/admin.css",
#23 1.138           "sha256": "269b064b2ed1c25a2a9c5ffd8a919b38273c377420d49b7bc2df5f1fd1195b7c"
#23 1.138         }
#23 1.138       ],
#23 1.138       "sha256": "269b064b2ed1c25a2a9c5ffd8a919b38273c377420d49b7bc2df5f1fd1195b7c"
#23 1.138     },
#23 1.138     "watt/src/spg/web/admin.html": {
#23 1.138       "image_files": [
#23 1.138         {
#23 1.138           "path": "/app/src/spg/web/admin.html",
#23 1.138           "sha256": "7208fd72f57c762b3dc907f284c2a6c55cce4104a9e2a9daf97905459c18ac8d"
#23 1.138         }
#23 1.138       ],
#23 1.138       "sha256": "7208fd72f57c762b3dc907f284c2a6c55cce4104a9e2a9daf97905459c18ac8d"
#23 1.138     },
#23 1.138     "watt/src/spg/web/admin.js": {
#23 1.138       "image_files": [
#23 1.138         {
#23 1.138           "path": "/app/src/spg/web/admin.js",
#23 1.138           "sha256": "57f399c0db73745ca2ecf6dbd5bb2a2364638fcb641d74fd91534cd51b017bc2"
#23 1.138         }
#23 1.138       ],
#23 1.138       "sha256": "57f399c0db73745ca2ecf6dbd5bb2a2364638fcb641d74fd91534cd51b017bc2"
#23 1.138     },
#23 1.138     "watt/src/spg/web/advanced.html": {
#23 1.138       "image_files": [
#23 1.138         {
#23 1.138           "path": "/app/src/spg/web/advanced.html",
#23 1.138           "sha256": "4ac48a0f4462f4b972cbd3a2bc725d23f940e1107694b50c481a1954f1b3ba3b"
#23 1.138         }
#23 1.138       ],
#23 1.138       "sha256": "4ac48a0f4462f4b972cbd3a2bc725d23f940e1107694b50c481a1954f1b3ba3b"
#23 1.138     },
#23 1.138     "watt/src/spg/web/app.js": {
#23 1.138       "image_files": [
#23 1.138         {
#23 1.138           "path": "/app/src/spg/web/app.js",
#23 1.138           "sha256": "859467885fd05e9f874ffff33464df6dd953b8fddb6c4a407460ad87393c1e25"
#23 1.138         }
#23 1.138       ],
#23 1.138       "sha256": "859467885fd05e9f874ffff33464df6dd953b8fddb6c4a407460ad87393c1e25"
#23 1.138     },
#23 1.138     "watt/src/spg/web/appearance.css": {
#23 1.138       "image_files": [
#23 1.138         {
#23 1.138           "path": "/app/src/spg/web/appearance.css",
#23 1.138           "sha256": "6912e866766b8b6e8df52f8d5187312bc61a29697abc982a6442321ef4e48c2c"
#23 1.138         }
#23 1.138       ],
#23 1.138       "sha256": "6912e866766b8b6e8df52f8d5187312bc61a29697abc982a6442321ef4e48c2c"
#23 1.138     },
#23 1.138     "watt/src/spg/web/appearance.js": {
#23 1.138       "image_files": [
#23 1.138         {
#23 1.138           "path": "/app/src/spg/web/appearance.js",
#23 1.138           "sha256": "d23d3a4419922cc5aea0b0dbef76dde100160a8a5c6d44f50c167da8f3331783"
#23 1.138         }
#23 1.138       ],
#23 1.138       "sha256": "d23d3a4419922cc5aea0b0dbef76dde100160a8a5c6d44f50c167da8f3331783"
#23 1.138     },
#23 1.138     "watt/src/spg/web/cloud_delivery.js": {
#23 1.138       "image_files": [
#23 1.138         {
#23 1.138           "path": "/app/src/spg/web/cloud_delivery.js",
#23 1.138           "sha256": "9b40ed0afc470b98daa98d3bbfa00a6903c5e5d84412d2db339ae02f03621849"
#23 1.138         }
#23 1.138       ],
#23 1.138       "sha256": "9b40ed0afc470b98daa98d3bbfa00a6903c5e5d84412d2db339ae02f03621849"
#23 1.138     },
#23 1.138     "watt/src/spg/web/control-room.js": {
#23 1.138       "image_files": [
#23 1.138         {
#23 1.138           "path": "/app/src/spg/web/control-room.js",
#23 1.138           "sha256": "d81d95ab3ed4c0013e964dc38e531991f99b690ef1f208070bdfb809b87883cf"
#23 1.138         }
#23 1.138       ],
#23 1.138       "sha256": "d81d95ab3ed4c0013e964dc38e531991f99b690ef1f208070bdfb809b87883cf"
#23 1.138     },
#23 1.138     "watt/src/spg/web/delivery.css": {
#23 1.138       "image_files": [
#23 1.138         {
#23 1.138           "path": "/app/src/spg/web/delivery.css",
#23 1.138           "sha256": "6244f57e0fbc3a8558114d50a1ad82fdb9a4232b0166dd881655b00529babbae"
#23 1.138         }
#23 1.138       ],
#23 1.138       "sha256": "6244f57e0fbc3a8558114d50a1ad82fdb9a4232b0166dd881655b00529babbae"
#23 1.138     },
#23 1.138     "watt/src/spg/web/delivery.html": {
#23 1.138       "image_files": [
#23 1.138         {
#23 1.138           "path": "/app/src/spg/web/delivery.html",
#23 1.138           "sha256": "1744fd0a78d440755a6c66b2484a355424b738e947b879a72c196ccffb06c2fb"
#23 1.138         }
#23 1.138       ],
#23 1.138       "sha256": "1744fd0a78d440755a6c66b2484a355424b738e947b879a72c196ccffb06c2fb"
#23 1.138     },
#23 1.138     "watt/src/spg/web/delivery.js": {
#23 1.138       "image_files": [
#23 1.138         {
#23 1.138           "path": "/app/src/spg/web/delivery.js",
#23 1.138           "sha256": "f513c6e0104a6db1327e74b656495f634c29cbecc25b2f8d313d28010e96cbac"
#23 1.138         }
#23 1.138       ],
#23 1.138       "sha256": "f513c6e0104a6db1327e74b656495f634c29cbecc25b2f8d313d28010e96cbac"
#23 1.138     },
#23 1.138     "watt/src/spg/web/delivery_action.js": {
#23 1.138       "image_files": [
#23 1.138         {
#23 1.138           "path": "/app/src/spg/web/delivery_action.js",
#23 1.138           "sha256": "62edafac8e340eb75d2391e9aff09629f3f6384fca537d0a1d15e14a851e6b84"
#23 1.138         }
#23 1.138       ],
#23 1.138       "sha256": "62edafac8e340eb75d2391e9aff09629f3f6384fca537d0a1d15e14a851e6b84"
#23 1.138     },
#23 1.138     "watt/src/spg/web/experience.css": {
#23 1.138       "image_files": [
#23 1.138         {
#23 1.138           "path": "/app/src/spg/web/experience.css",
#23 1.138           "sha256": "2bd9b30cc992eb97c672b3094ad0db1a1a019ffbb4e46d3d32395dc4c2b920aa"
#23 1.138         }
#23 1.138       ],
#23 1.138       "sha256": "2bd9b30cc992eb97c672b3094ad0db1a1a019ffbb4e46d3d32395dc4c2b920aa"
#23 1.138     },
#23 1.138     "watt/src/spg/web/experience.js": {
#23 1.138       "image_files": [
#23 1.138         {
#23 1.138           "path": "/app/src/spg/web/experience.js",
#23 1.138           "sha256": "94a30da3842bf6fd8427d55e99b5fd0c9bb63ae78f00ca94b2113012a997eeb9"
#23 1.138         }
#23 1.138       ],
#23 1.138       "sha256": "94a30da3842bf6fd8427d55e99b5fd0c9bb63ae78f00ca94b2113012a997eeb9"
#23 1.138     },
#23 1.138     "watt/src/spg/web/index.html": {
#23 1.138       "image_files": [
#23 1.138         {
#23 1.138           "path": "/app/src/spg/web/index.html",
#23 1.138           "sha256": "a28809d0f4abe77d05a225e1bce5100f534dceee3fc0c08a2d04b49d8a80d366"
#23 1.138         }
#23 1.138       ],
#23 1.138       "sha256": "a28809d0f4abe77d05a225e1bce5100f534dceee3fc0c08a2d04b49d8a80d366"
#23 1.138     },
#23 1.138     "watt/src/spg/web/p1-readiness.js": {
#23 1.138       "image_files": [
#23 1.138         {
#23 1.138           "path": "/app/src/spg/web/p1-readiness.js",
#23 1.138           "sha256": "17e2c001ae8e92514ba63806316503acd07f1d96ce24cfdddfc5e07b83017566"
#23 1.138         }
#23 1.138       ],
#23 1.138       "sha256": "17e2c001ae8e92514ba63806316503acd07f1d96ce24cfdddfc5e07b83017566"
#23 1.138     },
#23 1.138     "watt/src/spg/web/response-presentation.js": {
#23 1.138       "image_files": [
#23 1.138         {
#23 1.138           "path": "/app/src/spg/web/response-presentation.js",
#23 1.138           "sha256": "b99a2354b8c740e2519a75b7acc3a104c6bb05fbd3aad5a78566782fb8406615"
#23 1.138         }
#23 1.138       ],
#23 1.138       "sha256": "b99a2354b8c740e2519a75b7acc3a104c6bb05fbd3aad5a78566782fb8406615"
#23 1.138     },
#23 1.138     "watt/src/spg/web/state.js": {
#23 1.138       "image_files": [
#23 1.138         {
#23 1.138           "path": "/app/src/spg/web/state.js",
#23 1.138           "sha256": "d202a5f9b9f61cdbb340dd87acdbe7dd2193939d9cc7771192ee76247b383fa1"
#23 1.138         }
#23 1.138       ],
#23 1.138       "sha256": "d202a5f9b9f61cdbb340dd87acdbe7dd2193939d9cc7771192ee76247b383fa1"
#23 1.138     },
#23 1.138     "watt/src/spg/web/styles.css": {
#23 1.138       "image_files": [
#23 1.138         {
#23 1.138           "path": "/app/src/spg/web/styles.css",
#23 1.138           "sha256": "e185029c356531e76e1732c0967b18d978e158176a20de39bb065443c426ad17"
#23 1.138         }
#23 1.138       ],
#23 1.138       "sha256": "e185029c356531e76e1732c0967b18d978e158176a20de39bb065443c426ad17"
#23 1.138     },
#23 1.138     "watt/tests/conftest.py": {
#23 1.138       "image_files": [
#23 1.138         {
#23 1.138           "path": "/qualification/tests/conftest.py",
#23 1.138           "sha256": "28673c3813cb3443c00860953cd1566d96f2e15d25b01934e9a9b0249827045b"
#23 1.138         }
#23 1.138       ],
#23 1.138       "sha256": "28673c3813cb3443c00860953cd1566d96f2e15d25b01934e9a9b0249827045b"
#23 1.138     },
#23 1.138     "watt/tests/integration/conftest.py": {
#23 1.138       "image_files": [
#23 1.138         {
#23 1.138           "path": "/qualification/tests/integration/conftest.py",
#23 1.138           "sha256": "8b53fc325b4926485e167018d23d0291eb58df01f9f56b3c758781a9e126a7b6"
#23 1.138         }
#23 1.138       ],
#23 1.138       "sha256": "8b53fc325b4926485e167018d23d0291eb58df01f9f56b3c758781a9e126a7b6"
#23 1.138     },
#23 1.138     "watt/tests/integration/test_admin_productization.py": {
#23 1.138       "image_files": [
#23 1.138         {
#23 1.138           "path": "/qualification/tests/integration/test_admin_productization.py",
#23 1.138           "sha256": "0ca945d8655cfccaca40bcab3cb62fe79d5024f05127d12ce5ed76843ef14bed"
#23 1.138         }
#23 1.138       ],
#23 1.138       "sha256": "0ca945d8655cfccaca40bcab3cb62fe79d5024f05127d12ce5ed76843ef14bed"
#23 1.138     },
#23 1.138     "watt/tests/integration/test_admin_universal_trace.py": {
#23 1.138       "image_files": [
#23 1.138         {
#23 1.138           "path": "/qualification/tests/integration/test_admin_universal_trace.py",
#23 1.138           "sha256": "ffdbc71751caa437ff8e5244f4794c3c9221256275fdf264128b1b91f3e38857"
#23 1.138         }
#23 1.138       ],
#23 1.138       "sha256": "ffdbc71751caa437ff8e5244f4794c3c9221256275fdf264128b1b91f3e38857"
#23 1.138     },
#23 1.138     "watt/tests/integration/test_admin_ux_v2.py": {
#23 1.138       "image_files": [
#23 1.138         {
#23 1.138           "path": "/qualification/tests/integration/test_admin_ux_v2.py",
#23 1.138           "sha256": "25e9735dc306d62b5bd18175d33873e6d4c273e93a8dfa9afb7efeef60c408e1"
#23 1.138         }
#23 1.138       ],
#23 1.138       "sha256": "25e9735dc306d62b5bd18175d33873e6d4c273e93a8dfa9afb7efeef60c408e1"
#23 1.138     },
#23 1.138     "watt/tests/integration/test_authenticated_authority.py": {
#23 1.138       "image_files": [
#23 1.138         {
#23 1.138           "path": "/qualification/tests/integration/test_authenticated_authority.py",
#23 1.138           "sha256": "fd981742da33b2a9b3217197117113d858073ed32639c5805686786a323ce6d2"
#23 1.138         }
#23 1.138       ],
#23 1.138       "sha256": "fd981742da33b2a9b3217197117113d858073ed32639c5805686786a323ce6d2"
#23 1.138     },
#23 1.138     "watt/tests/integration/test_brownfield_native_production_flow.py": {
#23 1.138       "image_files": [
#23 1.138         {
#23 1.138           "path": "/qualification/tests/integration/test_brownfield_native_production_flow.py",
#23 1.138           "sha256": "509cb9c6aa12b2d84e9b64c2b2600f8a82c560a8c561dd1ab06364636cfad535"
#23 1.138         }
#23 1.138       ],
#23 1.138       "sha256": "509cb9c6aa12b2d84e9b64c2b2600f8a82c560a8c561dd1ab06364636cfad535"
#23 1.138     },
#23 1.138     "watt/tests/integration/test_c1_contract_continuity.py": {
#23 1.138       "image_files": [
#23 1.138         {
#23 1.138           "path": "/qualification/tests/integration/test_c1_contract_continuity.py",
#23 1.138           "sha256": "f87d69c762c1c997a19247d6031125e8634e4db1815f4be3a81635d49e2d8b33"
#23 1.138         }
#23 1.138       ],
#23 1.138       "sha256": "f87d69c762c1c997a19247d6031125e8634e4db1815f4be3a81635d49e2d8b33"
#23 1.138     },
#23 1.138     "watt/tests/integration/test_c2_workspace_preflight_events.py": {
#23 1.138       "image_files": [
#23 1.138         {
#23 1.138           "path": "/qualification/tests/integration/test_c2_workspace_preflight_events.py",
#23 1.138           "sha256": "38ed4ef7031ba5d70fbb4aaaebfff51f4329974b368c5bbb2a8c4251cf293463"
#23 1.138         }
#23 1.138       ],
#23 1.138       "sha256": "38ed4ef7031ba5d70fbb4aaaebfff51f4329974b368c5bbb2a8c4251cf293463"
#23 1.138     },
#23 1.138     "watt/tests/integration/test_c3_fulfillment_receipts.py": {
#23 1.138       "image_files": [
#23 1.138         {
#23 1.138           "path": "/qualification/tests/integration/test_c3_fulfillment_receipts.py",
#23 1.138           "sha256": "11ba9d9b5de008034523f2daf422b6d0f10b44995e047aaaf0e8462e146df479"
#23 1.138         }
#23 1.138       ],
#23 1.138       "sha256": "11ba9d9b5de008034523f2daf422b6d0f10b44995e047aaaf0e8462e146df479"
#23 1.138     },
#23 1.138     "watt/tests/integration/test_capacity_scheduling.py": {
#23 1.138       "image_files": [
#23 1.138         {
#23 1.138           "path": "/qualification/tests/integration/test_capacity_scheduling.py",
#23 1.138           "sha256": "1bc4b6fde0ab35f0b48aa286898e78efa2a889cfd4dc7d782b5c754036f51ff6"
#23 1.138         }
#23 1.138       ],
#23 1.138       "sha256": "1bc4b6fde0ab35f0b48aa286898e78efa2a889cfd4dc7d782b5c754036f51ff6"
#23 1.138     },
#23 1.138     "watt/tests/integration/test_cloud_delivery_flow.py": {
#23 1.138       "image_files": [
#23 1.138         {
#23 1.138           "path": "/qualification/tests/integration/test_cloud_delivery_flow.py",
#23 1.138           "sha256": "03a80ee9f6b5f7d921598d27bee79323ce61adba9b8a9c199846253cf5fbd209"
#23 1.138         }
#23 1.138       ],
#23 1.138       "sha256": "03a80ee9f6b5f7d921598d27bee79323ce61adba9b8a9c199846253cf5fbd209"
#23 1.138     },
#23 1.138     "watt/tests/integration/test_connector_capabilities.py": {
#23 1.138       "image_files": [
#23 1.138         {
#23 1.138           "path": "/qualification/tests/integration/test_connector_capabilities.py",
#23 1.138           "sha256": "786a4ad189772f7523f404497c622d0cbd62f58eb2fb140fb05b5e3fc2a35fa7"
#23 1.138         }
#23 1.138       ],
#23 1.138       "sha256": "786a4ad189772f7523f404497c622d0cbd62f58eb2fb140fb05b5e3fc2a35fa7"
#23 1.138     },
#23 1.138     "watt/tests/integration/test_control_room_agreements.py": {
#23 1.138       "image_files": [
#23 1.138         {
#23 1.138           "path": "/qualification/tests/integration/test_control_room_agreements.py",
#23 1.138           "sha256": "ae2c5a1d7b8756ebbeff3a6df8c40d78b51a0d3f936134849c66eab0c8b34d05"
#23 1.138         }
#23 1.138       ],
#23 1.138       "sha256": "ae2c5a1d7b8756ebbeff3a6df8c40d78b51a0d3f936134849c66eab0c8b34d05"
#23 1.138     },
#23 1.138     "watt/tests/integration/test_conversation_context_continuity.py": {
#23 1.138       "image_files": [
#23 1.138         {
#23 1.138           "path": "/qualification/tests/integration/test_conversation_context_continuity.py",
#23 1.138           "sha256": "8f8b71b0b5f42683d06577355e1c785a1df3bb89bad4bd9c22c711ea80ab6993"
#23 1.138         }
#23 1.138       ],
#23 1.138       "sha256": "8f8b71b0b5f42683d06577355e1c785a1df3bb89bad4bd9c22c711ea80ab6993"
#23 1.138     },
#23 1.138     "watt/tests/integration/test_current_work_realization.py": {
#23 1.138       "image_files": [
#23 1.138         {
#23 1.138           "path": "/qualification/tests/integration/test_current_work_realization.py",
#23 1.138           "sha256": "cc596cbed0ea5edcc94d36f726f039cf18144def4da514ae4da1616758d23a94"
#23 1.138         }
#23 1.138       ],
#23 1.138       "sha256": "cc596cbed0ea5edcc94d36f726f039cf18144def4da514ae4da1616758d23a94"
#23 1.138     },
#23 1.138     "watt/tests/integration/test_dcp2_production_measurement.py": {
#23 1.138       "image_files": [
#23 1.138         {
#23 1.138           "path": "/qualification/tests/integration/test_dcp2_production_measurement.py",
#23 1.138           "sha256": "e6dd94fc825099fa837d7856b72ebc7e44c1b241dfc110f4cc7e4634bd5c4827"
#23 1.138         }
#23 1.138       ],
#23 1.138       "sha256": "e6dd94fc825099fa837d7856b72ebc7e44c1b241dfc110f4cc7e4634bd5c4827"
#23 1.138     },
#23 1.138     "watt/tests/integration/test_decision_context_work_admission.py": {
#23 1.138       "image_files": [
#23 1.138         {
#23 1.138           "path": "/qualification/tests/integration/test_decision_context_work_admission.py",
#23 1.138           "sha256": "30decc480e655f613b42b25a2fe220191681ff73fc9cfc45aa432197649f7097"
#23 1.138         }
#23 1.138       ],
#23 1.138       "sha256": "30decc480e655f613b42b25a2fe220191681ff73fc9cfc45aa432197649f7097"
#23 1.138     },
#23 1.138     "watt/tests/integration/test_delivery_observation.py": {
#23 1.138       "image_files": [
#23 1.138         {
#23 1.138           "path": "/qualification/tests/integration/test_delivery_observation.py",
#23 1.138           "sha256": "f5ad68ba6bcf8943374d8189d96ebd9f397407f0fa200572650bd101f394d864"
#23 1.138         }
#23 1.138       ],
#23 1.138       "sha256": "f5ad68ba6bcf8943374d8189d96ebd9f397407f0fa200572650bd101f394d864"
#23 1.139     },
#23 1.139     "watt/tests/integration/test_external_search_interaction.py": {
#23 1.139       "image_files": [
#23 1.139         {
#23 1.139           "path": "/qualification/tests/integration/test_external_search_interaction.py",
#23 1.139           "sha256": "e259b579b7d25545060fa966d25c103d3e8bf5e7e431c8ed170ac12ccd264d16"
#23 1.139         }
#23 1.139       ],
#23 1.139       "sha256": "e259b579b7d25545060fa966d25c103d3e8bf5e7e431c8ed170ac12ccd264d16"
#23 1.139     },
#23 1.139     "watt/tests/integration/test_github_governed_delivery.py": {
#23 1.139       "image_files": [
#23 1.139         {
#23 1.139           "path": "/qualification/tests/integration/test_github_governed_delivery.py",
#23 1.139           "sha256": "9fb4eb10dcdb76359f80d41ac40a6f176813fd795340dc38941c797151679bfd"
#23 1.139         }
#23 1.139       ],
#23 1.139       "sha256": "9fb4eb10dcdb76359f80d41ac40a6f176813fd795340dc38941c797151679bfd"
#23 1.139     },
#23 1.139     "watt/tests/integration/test_guided_interaction_calibration.py": {
#23 1.139       "image_files": [
#23 1.139         {
#23 1.139           "path": "/qualification/tests/integration/test_guided_interaction_calibration.py",
#23 1.139           "sha256": "03b87b9fec0b6fe4f092c8e95ef2857a7415621e02a07734738d637e0daaf7cd"
#23 1.139         }
#23 1.139       ],
#23 1.139       "sha256": "03b87b9fec0b6fe4f092c8e95ef2857a7415621e02a07734738d637e0daaf7cd"
#23 1.139     },
#23 1.139     "watt/tests/integration/test_human_interaction_authority.py": {
#23 1.139       "image_files": [
#23 1.139         {
#23 1.139           "path": "/qualification/tests/integration/test_human_interaction_authority.py",
#23 1.139           "sha256": "a181ed8f47c43eba80968793a33896cd01304c535a3a70de15f59cfc331a0e7e"
#23 1.139         }
#23 1.139       ],
#23 1.139       "sha256": "a181ed8f47c43eba80968793a33896cd01304c535a3a70de15f59cfc331a0e7e"
#23 1.139     },
#23 1.139     "watt/tests/integration/test_intent_realization_ledger.py": {
#23 1.139       "image_files": [
#23 1.139         {
#23 1.139           "path": "/qualification/tests/integration/test_intent_realization_ledger.py",
#23 1.139           "sha256": "ba690d8642c4e96d27c534b7236e93e1b53c566607c4c500aa6f2d6b33bcec40"
#23 1.139         }
#23 1.139       ],
#23 1.139       "sha256": "ba690d8642c4e96d27c534b7236e93e1b53c566607c4c500aa6f2d6b33bcec40"
#23 1.139     },
#23 1.139     "watt/tests/integration/test_intent_repository_observation.py": {
#23 1.139       "image_files": [
#23 1.139         {
#23 1.139           "path": "/qualification/tests/integration/test_intent_repository_observation.py",
#23 1.139           "sha256": "eca99b1896146f3654dfc68ece58f880ed736e9e5b3d42594e1db4b939c7d79f"
#23 1.139         }
#23 1.139       ],
#23 1.139       "sha256": "eca99b1896146f3654dfc68ece58f880ed736e9e5b3d42594e1db4b939c7d79f"
#23 1.139     },
#23 1.139     "watt/tests/integration/test_lifecycle_repository_actions.py": {
#23 1.139       "image_files": [
#23 1.139         {
#23 1.139           "path": "/qualification/tests/integration/test_lifecycle_repository_actions.py",
#23 1.139           "sha256": "0e31f9a2ecda32a0bda526b6660d0d27ae58cd47dc2e08468bdc116c7ec1ddb8"
#23 1.139         }
#23 1.139       ],
#23 1.139       "sha256": "0e31f9a2ecda32a0bda526b6660d0d27ae58cd47dc2e08468bdc116c7ec1ddb8"
#23 1.139     },
#23 1.139     "watt/tests/integration/test_managed_git_source.py": {
#23 1.139       "image_files": [
#23 1.139         {
#23 1.139           "path": "/qualification/tests/integration/test_managed_git_source.py",
#23 1.139           "sha256": "497c5339379efedf660f4d75b40303059d9b1f11e9498b3c14c80444d8a05745"
#23 1.139         }
#23 1.139       ],
#23 1.139       "sha256": "497c5339379efedf660f4d75b40303059d9b1f11e9498b3c14c80444d8a05745"
#23 1.139     },
#23 1.139     "watt/tests/integration/test_managed_greenfield_context.py": {
#23 1.139       "image_files": [
#23 1.139         {
#23 1.139           "path": "/qualification/tests/integration/test_managed_greenfield_context.py",
#23 1.139           "sha256": "0695d397ac554e5c6b386611b8ebbb36c7ba61e1c5459c6a3a97a902ab0a7c73"
#23 1.139         }
#23 1.139       ],
#23 1.139       "sha256": "0695d397ac554e5c6b386611b8ebbb36c7ba61e1c5459c6a3a97a902ab0a7c73"
#23 1.139     },
#23 1.139     "watt/tests/integration/test_multi_pwu_runtime.py": {
#23 1.139       "image_files": [
#23 1.139         {
#23 1.139           "path": "/qualification/tests/integration/test_multi_pwu_runtime.py",
#23 1.139           "sha256": "d38a4d8f37f5bed407f7a4ac09c5ca070197723af4f03c4fd9201f2d98672c8f"
#23 1.139         }
#23 1.139       ],
#23 1.139       "sha256": "d38a4d8f37f5bed407f7a4ac09c5ca070197723af4f03c4fd9201f2d98672c8f"
#23 1.139     },
#23 1.139     "watt/tests/integration/test_mvp_api.py": {
#23 1.139       "image_files": [
#23 1.139         {
#23 1.139           "path": "/qualification/tests/integration/test_mvp_api.py",
#23 1.139           "sha256": "e0a745527ebd49386d18f177bdc378f167581cd78bc74cc3a6442e5338a239c7"
#23 1.139         }
#23 1.139       ],
#23 1.139       "sha256": "e0a745527ebd49386d18f177bdc378f167581cd78bc74cc3a6442e5338a239c7"
#23 1.139     },
#23 1.139     "watt/tests/integration/test_mvp_app_work_flow.py": {
#23 1.139       "image_files": [
#23 1.139         {
#23 1.139           "path": "/qualification/tests/integration/test_mvp_app_work_flow.py",
#23 1.139           "sha256": "0f18e84a170dd3a4e4fb415aacfaba9659b028b4ed0e00d96f4721c671e19afe"
#23 1.139         }
#23 1.139       ],
#23 1.139       "sha256": "0f18e84a170dd3a4e4fb415aacfaba9659b028b4ed0e00d96f4721c671e19afe"
#23 1.139     },
#23 1.139     "watt/tests/integration/test_mvp_long_lived_work_admission.py": {
#23 1.139       "image_files": [
#23 1.139         {
#23 1.139           "path": "/qualification/tests/integration/test_mvp_long_lived_work_admission.py",
#23 1.139           "sha256": "c72b373da2d0ceff4e189360171ef41df36af05221feb3c03180b44d738489fa"
#23 1.139         }
#23 1.139       ],
#23 1.139       "sha256": "c72b373da2d0ceff4e189360171ef41df36af05221feb3c03180b44d738489fa"
#23 1.139     },
#23 1.139     "watt/tests/integration/test_mvp_plan_steering_truth.py": {
#23 1.139       "image_files": [
#23 1.139         {
#23 1.139           "path": "/qualification/tests/integration/test_mvp_plan_steering_truth.py",
#23 1.139           "sha256": "69c83607444e80ac4d5c2a4809f801c992022f83842f7a05e8307be0b2d8b726"
#23 1.139         }
#23 1.139       ],
#23 1.139       "sha256": "69c83607444e80ac4d5c2a4809f801c992022f83842f7a05e8307be0b2d8b726"
#23 1.139     },
#23 1.139     "watt/tests/integration/test_mvp_semantic_step_execution.py": {
#23 1.139       "image_files": [
#23 1.139         {
#23 1.139           "path": "/qualification/tests/integration/test_mvp_semantic_step_execution.py",
#23 1.139           "sha256": "584f12ba65213e1c4a408f4e4f7ac150841ae5e255e641bf9aa6a33db7b3a083"
#23 1.139         }
#23 1.139       ],
#23 1.139       "sha256": "584f12ba65213e1c4a408f4e4f7ac150841ae5e255e641bf9aa6a33db7b3a083"
#23 1.139     },
#23 1.139     "watt/tests/integration/test_native_executor_runtime.py": {
#23 1.139       "image_files": [
#23 1.139         {
#23 1.139           "path": "/qualification/tests/integration/test_native_executor_runtime.py",
#23 1.139           "sha256": "7e3f5896894df7924c2f5f7db2eff70af8ae461a47ddedf20eacccde837dfa93"
#23 1.139         }
#23 1.139       ],
#23 1.139       "sha256": "7e3f5896894df7924c2f5f7db2eff70af8ae461a47ddedf20eacccde837dfa93"
#23 1.139     },
#23 1.139     "watt/tests/integration/test_owner_default_wiring.py": {
#23 1.139       "image_files": [
#23 1.139         {
#23 1.139           "path": "/qualification/tests/integration/test_owner_default_wiring.py",
#23 1.139           "sha256": "ad0491d0ef9728d3ce2bb80b1ab95b0a2fa3061787a4a4058b9e96077cde34f9"
#23 1.139         }
#23 1.139       ],
#23 1.139       "sha256": "ad0491d0ef9728d3ce2bb80b1ab95b0a2fa3061787a4a4058b9e96077cde34f9"
#23 1.139     },
#23 1.139     "watt/tests/integration/test_p1_brownfield_product.py": {
#23 1.139       "image_files": [
#23 1.139         {
#23 1.139           "path": "/qualification/tests/integration/test_p1_brownfield_product.py",
#23 1.139           "sha256": "7b13c2822981cd756bbef69bd9da1f7e1b12372502d146662d64c687468459ce"
#23 1.139         }
#23 1.139       ],
#23 1.139       "sha256": "7b13c2822981cd756bbef69bd9da1f7e1b12372502d146662d64c687468459ce"
#23 1.139     },
#23 1.139     "watt/tests/integration/test_p1_schema_hygiene.py": {
#23 1.139       "image_files": [
#23 1.139         {
#23 1.139           "path": "/qualification/tests/integration/test_p1_schema_hygiene.py",
#23 1.139           "sha256": "471e0c8d5c9ca62254855718f42020cd6163788e4d4ea3fa8e6ec3059d7aa96f"
#23 1.139         }
#23 1.139       ],
#23 1.139       "sha256": "471e0c8d5c9ca62254855718f42020cd6163788e4d4ea3fa8e6ec3059d7aa96f"
#23 1.139     },
#23 1.139     "watt/tests/integration/test_postgresql_persistence.py": {
#23 1.139       "image_files": [
#23 1.139         {
#23 1.139           "path": "/qualification/tests/integration/test_postgresql_persistence.py",
#23 1.139           "sha256": "5d9fc7f171e343fd353897ebd140803e18fe522f7e8e715dda1530064462534c"
#23 1.139         }
#23 1.139       ],
#23 1.139       "sha256": "5d9fc7f171e343fd353897ebd140803e18fe522f7e8e715dda1530064462534c"
#23 1.139     },
#23 1.139     "watt/tests/integration/test_preview_namespace.py": {
#23 1.139       "image_files": [
#23 1.139         {
#23 1.139           "path": "/qualification/tests/integration/test_preview_namespace.py",
#23 1.139           "sha256": "b321f4bdff8e4349b5e9af362823e905034c8f3963b9e5c1a824ea03789cdb44"
#23 1.139         }
#23 1.139       ],
#23 1.139       "sha256": "b321f4bdff8e4349b5e9af362823e905034c8f3963b9e5c1a824ea03789cdb44"
#23 1.139     },
#23 1.139     "watt/tests/integration/test_product_experience_attention.py": {
#23 1.139       "image_files": [
#23 1.139         {
#23 1.139           "path": "/qualification/tests/integration/test_product_experience_attention.py",
#23 1.139           "sha256": "4b3dfc356f341e4757862314999acc8db113c80a4ef7bfdd5475c0e81a7483b6"
#23 1.139         }
#23 1.139       ],
#23 1.139       "sha256": "4b3dfc356f341e4757862314999acc8db113c80a4ef7bfdd5475c0e81a7483b6"
#23 1.139     },
#23 1.139     "watt/tests/integration/test_product_managed_source_gitea.py": {
#23 1.139       "image_files": [
#23 1.139         {
#23 1.139           "path": "/qualification/tests/integration/test_product_managed_source_gitea.py",
#23 1.139           "sha256": "59fbab58c372ce24e143e9720611be06c4fd6ecfec7055c6a8333226a38e4fae"
#23 1.139         }
#23 1.139       ],
#23 1.139       "sha256": "59fbab58c372ce24e143e9720611be06c4fd6ecfec7055c6a8333226a38e4fae"
#23 1.139     },
#23 1.139     "watt/tests/integration/test_quality_admin.py": {
#23 1.139       "image_files": [
#23 1.139         {
#23 1.139           "path": "/qualification/tests/integration/test_quality_admin.py",
#23 1.139           "sha256": "ce86d21c4af2517a569458fcee9b984aa8694ac751f4a5e4ce2b4ef404f1968b"
#23 1.139         }
#23 1.139       ],
#23 1.139       "sha256": "ce86d21c4af2517a569458fcee9b984aa8694ac751f4a5e4ce2b4ef404f1968b"
#23 1.139     },
#23 1.139     "watt/tests/integration/test_quality_campaign_controls.py": {
#23 1.139       "image_files": [
#23 1.139         {
#23 1.139           "path": "/qualification/tests/integration/test_quality_campaign_controls.py",
#23 1.139           "sha256": "4de65b83d226e206a3fc9d22cc15bba80b04a8f915c7be78de128f2520eb241b"
#23 1.139         }
#23 1.139       ],
#23 1.139       "sha256": "4de65b83d226e206a3fc9d22cc15bba80b04a8f915c7be78de128f2520eb241b"
#23 1.139     },
#23 1.139     "watt/tests/integration/test_quality_live_holdout.py": {
#23 1.139       "image_files": [
#23 1.139         {
#23 1.139           "path": "/qualification/tests/integration/test_quality_live_holdout.py",
#23 1.139           "sha256": "eae52b5dab596215aa1f5e48b0ac3881f10bdf1adc02d234a9456b0f91a9eefe"
#23 1.139         }
#23 1.139       ],
#23 1.139       "sha256": "eae52b5dab596215aa1f5e48b0ac3881f10bdf1adc02d234a9456b0f91a9eefe"
#23 1.139     },
#23 1.139     "watt/tests/integration/test_quality_pilot_production.py": {
#23 1.139       "image_files": [
#23 1.139         {
#23 1.139           "path": "/qualification/tests/integration/test_quality_pilot_production.py",
#23 1.139           "sha256": "5de80e4ee79cae4b9b88d0722531bca785b851117e7294c57578a626ee937171"
#23 1.139         }
#23 1.139       ],
#23 1.139       "sha256": "5de80e4ee79cae4b9b88d0722531bca785b851117e7294c57578a626ee937171"
#23 1.139     },
#23 1.139     "watt/tests/integration/test_runtime_spine.py": {
#23 1.139       "image_files": [
#23 1.139         {
#23 1.139           "path": "/qualification/tests/integration/test_runtime_spine.py",
#23 1.139           "sha256": "0fbec35dd2d6424c85b627bddab732db7939e11c3ee891ad152a5db010339506"
#23 1.139         }
#23 1.139       ],
#23 1.139       "sha256": "0fbec35dd2d6424c85b627bddab732db7939e11c3ee891ad152a5db010339506"
#23 1.139     },
#23 1.139     "watt/tests/integration/test_s2a_preparation.py": {
#23 1.139       "image_files": [
#23 1.139         {
#23 1.139           "path": "/qualification/tests/integration/test_s2a_preparation.py",
#23 1.139           "sha256": "e78c4dbe7b1f5d8c26c52028422817cdcaf13823d5b27c38e9076b6d14f6f017"
#23 1.139         }
#23 1.139       ],
#23 1.139       "sha256": "e78c4dbe7b1f5d8c26c52028422817cdcaf13823d5b27c38e9076b6d14f6f017"
#23 1.139     },
#23 1.139     "watt/tests/integration/test_s2b_execution_observation.py": {
#23 1.139       "image_files": [
#23 1.139         {
#23 1.139           "path": "/qualification/tests/integration/test_s2b_execution_observation.py",
#23 1.139           "sha256": "5daa00fc74322be27ca6b1f52dd2fdb56224cb3314c6592769b135de1346620f"
#23 1.139         }
#23 1.139       ],
#23 1.139       "sha256": "5daa00fc74322be27ca6b1f52dd2fdb56224cb3314c6592769b135de1346620f"
#23 1.139     },
#23 1.139     "watt/tests/integration/test_s3a_completion_evaluation.py": {
#23 1.139       "image_files": [
#23 1.139         {
#23 1.139           "path": "/qualification/tests/integration/test_s3a_completion_evaluation.py",
#23 1.139           "sha256": "7b14f9468278ac8f18f5fc28222914768877d29fac6b8770d83d835b4c530be0"
#23 1.139         }
#23 1.139       ],
#23 1.139       "sha256": "7b14f9468278ac8f18f5fc28222914768877d29fac6b8770d83d835b4c530be0"
#23 1.139     },
#23 1.139     "watt/tests/integration/test_s3b_verification_satisfaction.py": {
#23 1.139       "image_files": [
#23 1.139         {
#23 1.139           "path": "/qualification/tests/integration/test_s3b_verification_satisfaction.py",
#23 1.139           "sha256": "8aa3aa2a0808287d1d5911c7fab326cdbc33efb42df560cc2acd2d2e42a7aff0"
#23 1.139         }
#23 1.139       ],
#23 1.139       "sha256": "8aa3aa2a0808287d1d5911c7fab326cdbc33efb42df560cc2acd2d2e42a7aff0"
#23 1.139     },
#23 1.139     "watt/tests/integration/test_s3c_candidate_governance.py": {
#23 1.139       "image_files": [
#23 1.139         {
#23 1.139           "path": "/qualification/tests/integration/test_s3c_candidate_governance.py",
#23 1.139           "sha256": "1849d8bc8bb683cf8bfb028ff450e36671766ea87b53a73b69de0b49a4c6bcf1"
#23 1.139         }
#23 1.139       ],
#23 1.139       "sha256": "1849d8bc8bb683cf8bfb028ff450e36671766ea87b53a73b69de0b49a4c6bcf1"
#23 1.139     },
#23 1.139     "watt/tests/integration/test_s4a_repository_integration.py": {
#23 1.139       "image_files": [
#23 1.139         {
#23 1.139           "path": "/qualification/tests/integration/test_s4a_repository_integration.py",
#23 1.139           "sha256": "b90d64addd203f1d7c2e979c6f9c9eb9c692eefcf48e6d52327c7f917354869b"
#23 1.139         }
#23 1.139       ],
#23 1.139       "sha256": "b90d64addd203f1d7c2e979c6f9c9eb9c692eefcf48e6d52327c7f917354869b"
#23 1.139     },
#23 1.139     "watt/tests/integration/test_s4b_runtime_commit.py": {
#23 1.139       "image_files": [
#23 1.139         {
#23 1.139           "path": "/qualification/tests/integration/test_s4b_runtime_commit.py",
#23 1.139           "sha256": "d092dcb2581873ebb39ea949fd8a14196d46d4a598d9f52d22ce240f90460fa5"
#23 1.139         }
#23 1.139       ],
#23 1.139       "sha256": "d092dcb2581873ebb39ea949fd8a14196d46d4a598d9f52d22ce240f90460fa5"
#23 1.139     },
#23 1.139     "watt/tests/integration/test_s5a_recovery_assessment.py": {
#23 1.139       "image_files": [
#23 1.139         {
#23 1.139           "path": "/qualification/tests/integration/test_s5a_recovery_assessment.py",
#23 1.139           "sha256": "a1368e4926ac58a0894954ce85c0d8d5266698f3f36897596373ac81621da743"
#23 1.139         }
#23 1.139       ],
#23 1.139       "sha256": "a1368e4926ac58a0894954ce85c0d8d5266698f3f36897596373ac81621da743"
#23 1.139     },
#23 1.139     "watt/tests/integration/test_s5b_recovery_reconciliation.py": {
#23 1.139       "image_files": [
#23 1.139         {
#23 1.139           "path": "/qualification/tests/integration/test_s5b_recovery_reconciliation.py",
#23 1.139           "sha256": "c9813892086fe6a3fd00200ae6ba2baf14a68803f4bf6fedaa62ee6ba97dbef2"
#23 1.139         }
#23 1.139       ],
#23 1.139       "sha256": "c9813892086fe6a3fd00200ae6ba2baf14a68803f4bf6fedaa62ee6ba97dbef2"
#23 1.139     },
#23 1.139     "watt/tests/integration/test_s5c_attempt_recovery.py": {
#23 1.139       "image_files": [
#23 1.139         {
#23 1.139           "path": "/qualification/tests/integration/test_s5c_attempt_recovery.py",
#23 1.139           "sha256": "ee00cc6eb21d6b3f05642dbebbfd32bf1c63259152aeeae33a80f9671d7c7e65"
#23 1.139         }
#23 1.139       ],
#23 1.139       "sha256": "ee00cc6eb21d6b3f05642dbebbfd32bf1c63259152aeeae33a80f9671d7c7e65"
#23 1.139     },
#23 1.139     "watt/tests/integration/test_s6c2_r4b_maintenance_recovery.py": {
#23 1.139       "image_files": [
#23 1.139         {
#23 1.139           "path": "/qualification/tests/integration/test_s6c2_r4b_maintenance_recovery.py",
#23 1.139           "sha256": "93661e22099337f82a9f7486ee59e68be312ba9dcb61b77b815521b4fb671379"
#23 1.139         }
#23 1.139       ],
#23 1.139       "sha256": "93661e22099337f82a9f7486ee59e68be312ba9dcb61b77b815521b4fb671379"
#23 1.139     },
#23 1.139     "watt/tests/integration/test_software_delivery.py": {
#23 1.139       "image_files": [
#23 1.139         {
#23 1.139           "path": "/qualification/tests/integration/test_software_delivery.py",
#23 1.139           "sha256": "492f8c89e4482162f3384d3bebf9ccd55794c76a9c8b4f49f1f8e4d164eeeb13"
#23 1.139         }
#23 1.139       ],
#23 1.139       "sha256": "492f8c89e4482162f3384d3bebf9ccd55794c76a9c8b4f49f1f8e4d164eeeb13"
#23 1.139     },
#23 1.139     "watt/tests/integration/test_wic_governed_work_admission.py": {
#23 1.139       "image_files": [
#23 1.139         {
#23 1.139           "path": "/qualification/tests/integration/test_wic_governed_work_admission.py",
#23 1.139           "sha256": "e779d9b66dd576e8c952212db8583145c3fef0a992e2c43522ba74d3d11a1989"
#23 1.139         }
#23 1.139       ],
#23 1.139       "sha256": "e779d9b66dd576e8c952212db8583145c3fef0a992e2c43522ba74d3d11a1989"
#23 1.139     },
#23 1.139     "watt/tests/integration/test_wic_pre_work_interaction.py": {
#23 1.139       "image_files": [
#23 1.139         {
#23 1.139           "path": "/qualification/tests/integration/test_wic_pre_work_interaction.py",
#23 1.139           "sha256": "7bd173d0c121cd4de191fde4c13cdacc7074e581d9216d93c2af6e253bda5576"
#23 1.139         }
#23 1.139       ],
#23 1.139       "sha256": "7bd173d0c121cd4de191fde4c13cdacc7074e581d9216d93c2af6e253bda5576"
#23 1.139     },
#23 1.139     "watt/tests/integration/test_wic_response_contract.py": {
#23 1.139       "image_files": [
#23 1.139         {
#23 1.139           "path": "/qualification/tests/integration/test_wic_response_contract.py",
#23 1.139           "sha256": "4c037dfe0d77dd526b0ec1caff5fa56ba5d2ae9ef19a9173f1f0e52a2e538523"
#23 1.139         }
#23 1.139       ],
#23 1.139       "sha256": "4c037dfe0d77dd526b0ec1caff5fa56ba5d2ae9ef19a9173f1f0e52a2e538523"
#23 1.139     },
#23 1.139     "watt/tests/integration/test_work_convergence.py": {
#23 1.139       "image_files": [
#23 1.139         {
#23 1.139           "path": "/qualification/tests/integration/test_work_convergence.py",
#23 1.139           "sha256": "4aa4030f16f07d550ef6ad98a2ad4a0e804431759d39270a616624c728d9f736"
#23 1.139         }
#23 1.139       ],
#23 1.139       "sha256": "4aa4030f16f07d550ef6ad98a2ad4a0e804431759d39270a616624c728d9f736"
#23 1.139     },
#23 1.139     "watt/tests/integration/test_work_delivery.py": {
#23 1.139       "image_files": [
#23 1.139         {
#23 1.139           "path": "/qualification/tests/integration/test_work_delivery.py",
#23 1.139           "sha256": "7d5afd01c34b106c245d60cf6293390880d7030baa8146fd8809e52ea2ba6ccb"
#23 1.139         }
#23 1.139       ],
#23 1.139       "sha256": "7d5afd01c34b106c245d60cf6293390880d7030baa8146fd8809e52ea2ba6ccb"
#23 1.139     },
#23 1.139     "watt/tests/integration/test_workspace_independent_work.py": {
#23 1.139       "image_files": [
#23 1.139         {
#23 1.139           "path": "/qualification/tests/integration/test_workspace_independent_work.py",
#23 1.139           "sha256": "d59e58585380edc9777dc5d8e0c125cf19070344ee567ab8f9633cef90d5b37a"
#23 1.139         }
#23 1.139       ],
#23 1.139       "sha256": "d59e58585380edc9777dc5d8e0c125cf19070344ee567ab8f9633cef90d5b37a"
#23 1.139     },
#23 1.139     "watt/tests/irk_test_fixtures.py": {
#23 1.139       "image_files": [
#23 1.139         {
#23 1.139           "path": "/qualification/tests/irk_test_fixtures.py",
#23 1.139           "sha256": "4ad3a9b74ad95156bd71e2268a0660b7a21b4dba1eb932ee51825d9c3dca1618"
#23 1.139         }
#23 1.139       ],
#23 1.139       "sha256": "4ad3a9b74ad95156bd71e2268a0660b7a21b4dba1eb932ee51825d9c3dca1618"
#23 1.139     },
#23 1.139     "watt/tests/js/test_admin_surface.cjs": {
#23 1.139       "image_files": [
#23 1.139         {
#23 1.139           "path": "/qualification/tests/js/test_admin_surface.cjs",
#23 1.139           "sha256": "e478764ea07947b2efcb45f00e714837c06d1e3547e10429589a6c79d8704856"
#23 1.139         }
#23 1.139       ],
#23 1.139       "sha256": "e478764ea07947b2efcb45f00e714837c06d1e3547e10429589a6c79d8704856"
#23 1.139     },
#23 1.139     "watt/tests/js/test_cloud_delivery_surface.cjs": {
#23 1.139       "image_files": [
#23 1.139         {
#23 1.139           "path": "/qualification/tests/js/test_cloud_delivery_surface.cjs",
#23 1.139           "sha256": "bd55c7382f18d68ceba66252dc48f1274867e98a617fab836dc1ca8d4d20a86d"
#23 1.139         }
#23 1.139       ],
#23 1.139       "sha256": "bd55c7382f18d68ceba66252dc48f1274867e98a617fab836dc1ca8d4d20a86d"
#23 1.139     },
#23 1.139     "watt/tests/js/test_delivery_integrity_surface.cjs": {
#23 1.139       "image_files": [
#23 1.139         {
#23 1.139           "path": "/qualification/tests/js/test_delivery_integrity_surface.cjs",
#23 1.139           "sha256": "a5508a1f35e278238ac96660ae592fb796990bf07e66ea7e77a253dd1a7111d3"
#23 1.139         }
#23 1.139       ],
#23 1.139       "sha256": "a5508a1f35e278238ac96660ae592fb796990bf07e66ea7e77a253dd1a7111d3"
#23 1.139     },
#23 1.139     "watt/tests/js/test_delivery_observation_surface.cjs": {
#23 1.139       "image_files": [
#23 1.139         {
#23 1.139           "path": "/qualification/tests/js/test_delivery_observation_surface.cjs",
#23 1.139           "sha256": "976075de29a6d8881b53968810ca382fe285d8200f9e33a7b56819b476f58fcd"
#23 1.139         }
#23 1.139       ],
#23 1.139       "sha256": "976075de29a6d8881b53968810ca382fe285d8200f9e33a7b56819b476f58fcd"
#23 1.139     },
#23 1.139     "watt/tests/js/test_product_workspace_quadrants.cjs": {
#23 1.139       "image_files": [
#23 1.139         {
#23 1.139           "path": "/qualification/tests/js/test_product_workspace_quadrants.cjs",
#23 1.139           "sha256": "7e65e6deb3b5a5e8c1a35d12cfdacf51ce62252ba09dd836860958676bf9f8aa"
#23 1.139         }
#23 1.139       ],
#23 1.139       "sha256": "7e65e6deb3b5a5e8c1a35d12cfdacf51ce62252ba09dd836860958676bf9f8aa"
#23 1.139     },
#23 1.139     "watt/tests/js/test_web_appearance.cjs": {
#23 1.139       "image_files": [
#23 1.139         {
#23 1.139           "path": "/qualification/tests/js/test_web_appearance.cjs",
#23 1.139           "sha256": "877fe73ac10ea84d06f0c7af6cb8a8868d96fcc1e0ecfc4fc9ca9c0e846a99b4"
#23 1.139         }
#23 1.139       ],
#23 1.139       "sha256": "877fe73ac10ea84d06f0c7af6cb8a8868d96fcc1e0ecfc4fc9ca9c0e846a99b4"
#23 1.139     },
#23 1.139     "watt/tests/js/test_web_control_room.cjs": {
#23 1.139       "image_files": [
#23 1.139         {
#23 1.139           "path": "/qualification/tests/js/test_web_control_room.cjs",
#23 1.139           "sha256": "fcd04ec12d4c2075bf6813f76b66e7172715285ba35c9ed3ed2e351b3f648097"
#23 1.139         }
#23 1.139       ],
#23 1.139       "sha256": "fcd04ec12d4c2075bf6813f76b66e7172715285ba35c9ed3ed2e351b3f648097"
#23 1.139     },
#23 1.139     "watt/tests/js/test_web_p1_readiness.cjs": {
#23 1.139       "image_files": [
#23 1.139         {
#23 1.139           "path": "/qualification/tests/js/test_web_p1_readiness.cjs",
#23 1.139           "sha256": "2e320c2d729f7eed1007ee37d3e553aeecbe271be7d9383372ccb3b00cda502f"
#23 1.139         }
#23 1.139       ],
#23 1.139       "sha256": "2e320c2d729f7eed1007ee37d3e553aeecbe271be7d9383372ccb3b00cda502f"
#23 1.139     },
#23 1.139     "watt/tests/js/test_web_response_presentation.cjs": {
#23 1.139       "image_files": [
#23 1.139         {
#23 1.139           "path": "/qualification/tests/js/test_web_response_presentation.cjs",
#23 1.139           "sha256": "208511f3be3b651cc6e84a754fdfc72795f2024b440262b999ef9137f76c0f52"
#23 1.139         }
#23 1.139       ],
#23 1.139       "sha256": "208511f3be3b651cc6e84a754fdfc72795f2024b440262b999ef9137f76c0f52"
#23 1.139     },
#23 1.139     "watt/tests/js/test_web_state.cjs": {
#23 1.139       "image_files": [
#23 1.139         {
#23 1.139           "path": "/qualification/tests/js/test_web_state.cjs",
#23 1.139           "sha256": "7dc9a0ebbc79ca46ae5a8e1b7a28e98dbc0c67c4dbe72a7a76f936c88f2d1c5b"
#23 1.139         }
#23 1.139       ],
#23 1.139       "sha256": "7dc9a0ebbc79ca46ae5a8e1b7a28e98dbc0c67c4dbe72a7a76f936c88f2d1c5b"
#23 1.139     },
#23 1.139     "watt/tests/qualification_owner_sources.py": {
#23 1.139       "image_files": [
#23 1.139         {
#23 1.139           "path": "/qualification/tests/qualification_owner_sources.py",
#23 1.139           "sha256": "6427ed85b1994a1b99705d827c795b7114e9bd141540be628f7073d28657387d"
#23 1.139         }
#23 1.139       ],
#23 1.139       "sha256": "6427ed85b1994a1b99705d827c795b7114e9bd141540be628f7073d28657387d"
#23 1.139     },
#23 1.139     "watt/tests/qualify_capacity_runtime.py": {
#23 1.139       "image_files": [
#23 1.139         {
#23 1.139           "path": "/qualification/tests/qualify_capacity_runtime.py",
#23 1.139           "sha256": "6776c37648959019321e8c80fb52cf827521171099bc12ec34f2f2e2c5ca5bab"
#23 1.139         }
#23 1.139       ],
#23 1.139       "sha256": "6776c37648959019321e8c80fb52cf827521171099bc12ec34f2f2e2c5ca5bab"
#23 1.139     },
#23 1.139     "watt/tests/qualify_multi_pwu_evidence.py": {
#23 1.139       "image_files": [
#23 1.139         {
#23 1.139           "path": "/qualification/tests/qualify_multi_pwu_evidence.py",
#23 1.139           "sha256": "a88b603fdfb7570511a0faa5225182b2d33150c3b8ce55965a579bd08ede7625"
#23 1.139         }
#23 1.139       ],
#23 1.139       "sha256": "a88b603fdfb7570511a0faa5225182b2d33150c3b8ce55965a579bd08ede7625"
#23 1.139     },
#23 1.139     "watt/tests/qualify_multi_pwu_runtime.py": {
#23 1.139       "image_files": [
#23 1.139         {
#23 1.139           "path": "/qualification/tests/qualify_multi_pwu_runtime.py",
#23 1.139           "sha256": "2eb301df2748addf21546761bbd70e9844744605b19231f66f38c6943694d359"
#23 1.139         }
#23 1.139       ],
#23 1.139       "sha256": "2eb301df2748addf21546761bbd70e9844744605b19231f66f38c6943694d359"
#23 1.139     },
#23 1.139     "watt/tests/test_acquisition_owner_retry_oracle.py": {
#23 1.139       "image_files": [
#23 1.139         {
#23 1.139           "path": "/qualification/tests/test_acquisition_owner_retry_oracle.py",
#23 1.139           "sha256": "de6c7cff048b683e6b722851d28b746c4cca5ad3cf624db9580f38175e8960e0"
#23 1.139         }
#23 1.139       ],
#23 1.139       "sha256": "de6c7cff048b683e6b722851d28b746c4cca5ad3cf624db9580f38175e8960e0"
#23 1.139     },
#23 1.139     "watt/tests/test_admin_productization.py": {
#23 1.139       "image_files": [
#23 1.139         {
#23 1.139           "path": "/qualification/tests/test_admin_productization.py",
#23 1.139           "sha256": "324be22a6e7517742a7d9ef36337df3e0349fcb1e1cb5f1f7fb41645a1184c88"
#23 1.139         }
#23 1.139       ],
#23 1.139       "sha256": "324be22a6e7517742a7d9ef36337df3e0349fcb1e1cb5f1f7fb41645a1184c88"
#23 1.139     },
#23 1.139     "watt/tests/test_admin_universal_trace.py": {
#23 1.139       "image_files": [
#23 1.139         {
#23 1.139           "path": "/qualification/tests/test_admin_universal_trace.py",
#23 1.139           "sha256": "11b81d0627a6f2bcb09aa3e7c96e4fb4306d14e602251689c9016781a60840df"
#23 1.139         }
#23 1.139       ],
#23 1.139       "sha256": "11b81d0627a6f2bcb09aa3e7c96e4fb4306d14e602251689c9016781a60840df"
#23 1.139     },
#23 1.139     "watt/tests/test_admin_ux_v2.py": {
#23 1.139       "image_files": [
#23 1.139         {
#23 1.139           "path": "/qualification/tests/test_admin_ux_v2.py",
#23 1.139           "sha256": "a1c853ec078893f630a78df176a6d150baea2c45c999a15df1de1003c736d1ff"
#23 1.139         }
#23 1.139       ],
#23 1.139       "sha256": "a1c853ec078893f630a78df176a6d150baea2c45c999a15df1de1003c736d1ff"
#23 1.139     },
#23 1.139     "watt/tests/test_aliyun_cloud_provider.py": {
#23 1.139       "image_files": [
#23 1.139         {
#23 1.139           "path": "/qualification/tests/test_aliyun_cloud_provider.py",
#23 1.139           "sha256": "60b1de81d7cd5dca72f0a037127831ac8b65b7d3e862d2a0ddeca36b23fe3ab4"
#23 1.139         }
#23 1.139       ],
#23 1.139       "sha256": "60b1de81d7cd5dca72f0a037127831ac8b65b7d3e862d2a0ddeca36b23fe3ab4"
#23 1.139     },
#23 1.139     "watt/tests/test_aliyun_opensearch.py": {
#23 1.139       "image_files": [
#23 1.139         {
#23 1.139           "path": "/qualification/tests/test_aliyun_opensearch.py",
#23 1.139           "sha256": "e5636477ae9ce431ce5cea7a679b16b7fd243f5ed629c4bc4cc362d34a32d033"
#23 1.139         }
#23 1.139       ],
#23 1.139       "sha256": "e5636477ae9ce431ce5cea7a679b16b7fd243f5ed629c4bc4cc362d34a32d033"
#23 1.139     },
#23 1.139     "watt/tests/test_bootstrap.py": {
#23 1.139       "image_files": [
#23 1.139         {
#23 1.139           "path": "/qualification/tests/test_bootstrap.py",
#23 1.139           "sha256": "16af5c83a88861f4ae4172bf6bb835b9305048b74d6f8bfc2fd9e25b9b644615"
#23 1.139         }
#23 1.139       ],
#23 1.139       "sha256": "16af5c83a88861f4ae4172bf6bb835b9305048b74d6f8bfc2fd9e25b9b644615"
#23 1.139     },
#23 1.139     "watt/tests/test_brownfield_delivery_vertical_slice.py": {
#23 1.139       "image_files": [
#23 1.139         {
#23 1.139           "path": "/qualification/tests/test_brownfield_delivery_vertical_slice.py",
#23 1.139           "sha256": "5ab923ba54bac20fa2eb2ac5b3b25bc278fdda31510e215c4daf38adb16ba1e6"
#23 1.139         }
#23 1.139       ],
#23 1.139       "sha256": "5ab923ba54bac20fa2eb2ac5b3b25bc278fdda31510e215c4daf38adb16ba1e6"
#23 1.139     },
#23 1.139     "watt/tests/test_c1_ecf_contract_compatibility.py": {
#23 1.139       "image_files": [
#23 1.139         {
#23 1.139           "path": "/qualification/tests/test_c1_ecf_contract_compatibility.py",
#23 1.139           "sha256": "e952a930a1f26839d1b57305fa36e538b6adfe144a1fae1d326337b225aa8d14"
#23 1.139         }
#23 1.139       ],
#23 1.139       "sha256": "e952a930a1f26839d1b57305fa36e538b6adfe144a1fae1d326337b225aa8d14"
#23 1.139     },
#23 1.139     "watt/tests/test_c2_workspace_preflight.py": {
#23 1.139       "image_files": [
#23 1.139         {
#23 1.139           "path": "/qualification/tests/test_c2_workspace_preflight.py",
#23 1.139           "sha256": "4c27ba2482c6586402d8cb623400f8b0a958d00e0e7dc520ad9a4f95a374212f"
#23 1.139         }
#23 1.139       ],
#23 1.139       "sha256": "4c27ba2482c6586402d8cb623400f8b0a958d00e0e7dc520ad9a4f95a374212f"
#23 1.139     },
#23 1.139     "watt/tests/test_c3_evidence_projection.py": {
#23 1.139       "image_files": [
#23 1.139         {
#23 1.139           "path": "/qualification/tests/test_c3_evidence_projection.py",
#23 1.139           "sha256": "62d38a9b23dd00fc04742832a6e5a0e839750ca5823217af7172a82313fdfd7a"
#23 1.139         }
#23 1.139       ],
#23 1.139       "sha256": "62d38a9b23dd00fc04742832a6e5a0e839750ca5823217af7172a82313fdfd7a"
#23 1.139     },
#23 1.139     "watt/tests/test_c3_fulfillment_components.py": {
#23 1.139       "image_files": [
#23 1.139         {
#23 1.139           "path": "/qualification/tests/test_c3_fulfillment_components.py",
#23 1.139           "sha256": "7124da25fb2fb33161ac6bec43d501a07423be7fe4eca0413fe7d21f07545b47"
#23 1.139         }
#23 1.139       ],
#23 1.139       "sha256": "7124da25fb2fb33161ac6bec43d501a07423be7fe4eca0413fe7d21f07545b47"
#23 1.139     },
#23 1.139     "watt/tests/test_c3_verification_receipts.py": {
#23 1.139       "image_files": [
#23 1.139         {
#23 1.139           "path": "/qualification/tests/test_c3_verification_receipts.py",
#23 1.139           "sha256": "0aa635eafcc6a2828a1fb321c100a8512b6e96e39cc9e8ee03d8ef9ec5049208"
#23 1.139         }
#23 1.139       ],
#23 1.139       "sha256": "0aa635eafcc6a2828a1fb321c100a8512b6e96e39cc9e8ee03d8ef9ec5049208"
#23 1.139     },
#23 1.139     "watt/tests/test_candidate_full_preview.py": {
#23 1.139       "image_files": [
#23 1.139         {
#23 1.139           "path": "/qualification/tests/test_candidate_full_preview.py",
#23 1.139           "sha256": "fa95a778ebde40d5d1d8869584259c3f63ba78ed9a8fe59b3e740be210b041d7"
#23 1.139         }
#23 1.139       ],
#23 1.139       "sha256": "fa95a778ebde40d5d1d8869584259c3f63ba78ed9a8fe59b3e740be210b041d7"
#23 1.139     },
#23 1.139     "watt/tests/test_candidate_inventory.py": {
#23 1.139       "image_files": [
#23 1.139         {
#23 1.139           "path": "/qualification/tests/test_candidate_inventory.py",
#23 1.139           "sha256": "4ae47ef251f734baccc0cb6e453f8d7ecbf771a84519faf7b96a9cc85d3ccca3"
#23 1.139         }
#23 1.139       ],
#23 1.139       "sha256": "4ae47ef251f734baccc0cb6e453f8d7ecbf771a84519faf7b96a9cc85d3ccca3"
#23 1.139     },
#23 1.139     "watt/tests/test_candidate_preview_topology.py": {
#23 1.139       "image_files": [
#23 1.139         {
#23 1.139           "path": "/qualification/tests/test_candidate_preview_topology.py",
#23 1.139           "sha256": "6c8be8595f0399b004c7a35d9c84647419fb338b1ad47b1bb0b9d875b2ce5f62"
#23 1.139         }
#23 1.139       ],
#23 1.139       "sha256": "6c8be8595f0399b004c7a35d9c84647419fb338b1ad47b1bb0b9d875b2ce5f62"
#23 1.139     },
#23 1.139     "watt/tests/test_capacity_scheduling_policy.py": {
#23 1.139       "image_files": [
#23 1.139         {
#23 1.139           "path": "/qualification/tests/test_capacity_scheduling_policy.py",
#23 1.139           "sha256": "fc88a08f606aa760ca3bed1024da8a7a05f4c63043a111b030af98aa36205590"
#23 1.139         }
#23 1.139       ],
#23 1.139       "sha256": "fc88a08f606aa760ca3bed1024da8a7a05f4c63043a111b030af98aa36205590"
#23 1.139     },
#23 1.139     "watt/tests/test_cli.py": {
#23 1.139       "image_files": [
#23 1.139         {
#23 1.139           "path": "/qualification/tests/test_cli.py",
#23 1.139           "sha256": "430ab0884a1a0ab88f22a183bffd81d674b9d921e82e75832e7b17a537c64407"
#23 1.139         }
#23 1.139       ],
#23 1.139       "sha256": "430ab0884a1a0ab88f22a183bffd81d674b9d921e82e75832e7b17a537c64407"
#23 1.139     },
#23 1.139     "watt/tests/test_cloud_delivery_contracts.py": {
#23 1.139       "image_files": [
#23 1.139         {
#23 1.139           "path": "/qualification/tests/test_cloud_delivery_contracts.py",
#23 1.139           "sha256": "3b24c2570cc089de9ccc64d13354029ea5a5adfd4a588dfe82c1bedcba56c3ea"
#23 1.139         }
#23 1.139       ],
#23 1.139       "sha256": "3b24c2570cc089de9ccc64d13354029ea5a5adfd4a588dfe82c1bedcba56c3ea"
#23 1.139     },
#23 1.139     "watt/tests/test_cloud_delivery_network.py": {
#23 1.139       "image_files": [
#23 1.139         {
#23 1.139           "path": "/qualification/tests/test_cloud_delivery_network.py",
#23 1.139           "sha256": "2f9b000af565760a587ad1069e6c3e8c69418d7557d9a3ccd39ea2bd849080d0"
#23 1.139         }
#23 1.139       ],
#23 1.139       "sha256": "2f9b000af565760a587ad1069e6c3e8c69418d7557d9a3ccd39ea2bd849080d0"
#23 1.139     },
#23 1.139     "watt/tests/test_cloud_host_bootstrap.py": {
#23 1.139       "image_files": [
#23 1.139         {
#23 1.139           "path": "/qualification/tests/test_cloud_host_bootstrap.py",
#23 1.139           "sha256": "92e761ba70a6af04c789168c6f81a59a2571333cfb8c705b99c290ce60e99e08"
#23 1.139         }
#23 1.139       ],
#23 1.139       "sha256": "92e761ba70a6af04c789168c6f81a59a2571333cfb8c705b99c290ce60e99e08"
#23 1.139     },
#23 1.139     "watt/tests/test_cloud_worker_runtime_contracts.py": {
#23 1.139       "image_files": [
#23 1.139         {
#23 1.139           "path": "/qualification/tests/test_cloud_worker_runtime_contracts.py",
#23 1.139           "sha256": "ba44dc7506f191974fec6b6bc42a657e058b02cfe6e908f3af1a111365f99125"
#23 1.139         }
#23 1.139       ],
#23 1.139       "sha256": "ba44dc7506f191974fec6b6bc42a657e058b02cfe6e908f3af1a111365f99125"
#23 1.139     },
#23 1.139     "watt/tests/test_cloud_worker_web_ingress.py": {
#23 1.139       "image_files": [
#23 1.139         {
#23 1.139           "path": "/qualification/tests/test_cloud_worker_web_ingress.py",
#23 1.139           "sha256": "e2024f57e7a5e3407534d33ffe4587a4cd65326483c826da20842b6017d70318"
#23 1.139         }
#23 1.139       ],
#23 1.139       "sha256": "e2024f57e7a5e3407534d33ffe4587a4cd65326483c826da20842b6017d70318"
#23 1.139     },
#23 1.139     "watt/tests/test_config.py": {
#23 1.139       "image_files": [
#23 1.139         {
#23 1.139           "path": "/qualification/tests/test_config.py",
#23 1.139           "sha256": "7eb24d352bc2d20bc550bdccec8080be3c757dab91fd44c6b711a82387660cb2"
#23 1.139         }
#23 1.139       ],
#23 1.139       "sha256": "7eb24d352bc2d20bc550bdccec8080be3c757dab91fd44c6b711a82387660cb2"
#23 1.139     },
#23 1.139     "watt/tests/test_connector_manifest.py": {
#23 1.139       "image_files": [
#23 1.139         {
#23 1.139           "path": "/qualification/tests/test_connector_manifest.py",
#23 1.139           "sha256": "529680af77f9b9321f8284a0a2fa17f2274c98ca3ce7723983877012be01f0c1"
#23 1.139         }
#23 1.139       ],
#23 1.139       "sha256": "529680af77f9b9321f8284a0a2fa17f2274c98ca3ce7723983877012be01f0c1"
#23 1.139     },
#23 1.139     "watt/tests/test_container_production_environment_provider.py": {
#23 1.139       "image_files": [
#23 1.139         {
#23 1.139           "path": "/qualification/tests/test_container_production_environment_provider.py",
#23 1.139           "sha256": "28e30ae4b5b112bc296131facc935cfd01b55159d17f532e88b630841268ebfa"
#23 1.139         }
#23 1.139       ],
#23 1.139       "sha256": "28e30ae4b5b112bc296131facc935cfd01b55159d17f532e88b630841268ebfa"
#23 1.139     },
#23 1.139     "watt/tests/test_control_room_sources.py": {
#23 1.139       "image_files": [
#23 1.139         {
#23 1.139           "path": "/qualification/tests/test_control_room_sources.py",
#23 1.139           "sha256": "6b4724094b9fedec8f681c51aeef5fba7dc38703d02bf58b172d4fad41b1ad7f"
#23 1.139         }
#23 1.139       ],
#23 1.139       "sha256": "6b4724094b9fedec8f681c51aeef5fba7dc38703d02bf58b172d4fad41b1ad7f"
#23 1.139     },
#23 1.139     "watt/tests/test_control_state_invariants.py": {
#23 1.139       "image_files": [
#23 1.139         {
#23 1.139           "path": "/qualification/tests/test_control_state_invariants.py",
#23 1.139           "sha256": "fa843360b269c7138c62345e0b95d60a8b1f604c12f6722e44ad95d8a7b00483"
#23 1.139         }
#23 1.139       ],
#23 1.139       "sha256": "fa843360b269c7138c62345e0b95d60a8b1f604c12f6722e44ad95d8a7b00483"
#23 1.139     },
#23 1.139     "watt/tests/test_conversation_intelligence_contracts.py": {
#23 1.139       "image_files": [
#23 1.139         {
#23 1.139           "path": "/qualification/tests/test_conversation_intelligence_contracts.py",
#23 1.139           "sha256": "924517da2aa0a09c98ce01c691a496c21831be801cba9971e4e327d0efda553c"
#23 1.139         }
#23 1.139       ],
#23 1.139       "sha256": "924517da2aa0a09c98ce01c691a496c21831be801cba9971e4e327d0efda553c"
#23 1.139     },
#23 1.139     "watt/tests/test_conversation_quality_refinement.py": {
#23 1.139       "image_files": [
#23 1.139         {
#23 1.139           "path": "/qualification/tests/test_conversation_quality_refinement.py",
#23 1.139           "sha256": "7306cfdf755803e8a2d4226e37fb5b40ce977ec8caea942e7e3f1d4282b18471"
#23 1.139         }
#23 1.139       ],
#23 1.139       "sha256": "7306cfdf755803e8a2d4226e37fb5b40ce977ec8caea942e7e3f1d4282b18471"
#23 1.139     },
#23 1.139     "watt/tests/test_core_performance.py": {
#23 1.139       "image_files": [
#23 1.139         {
#23 1.139           "path": "/qualification/tests/test_core_performance.py",
#23 1.139           "sha256": "4c4774d2023565f870ce6262998a211ad6f60a68fbc3dc05ca2174993743883a"
#23 1.139         }
#23 1.139       ],
#23 1.139       "sha256": "4c4774d2023565f870ce6262998a211ad6f60a68fbc3dc05ca2174993743883a"
#23 1.139     },
#23 1.139     "watt/tests/test_dcp2_measurement_contracts.py": {
#23 1.139       "image_files": [
#23 1.139         {
#23 1.139           "path": "/qualification/tests/test_dcp2_measurement_contracts.py",
#23 1.139           "sha256": "7e0a34386d2e296fc696a83c848123f7feab27331601064a855ccd21392ee752"
#23 1.139         }
#23 1.139       ],
#23 1.139       "sha256": "7e0a34386d2e296fc696a83c848123f7feab27331601064a855ccd21392ee752"
#23 1.139     },
#23 1.139     "watt/tests/test_decision_context_integration.py": {
#23 1.139       "image_files": [
#23 1.139         {
#23 1.139           "path": "/qualification/tests/test_decision_context_integration.py",
#23 1.139           "sha256": "5d5f309e5c7897e80529e6bbce42a7bd925715062eb9efe0d43d0534e845ad7d"
#23 1.139         }
#23 1.139       ],
#23 1.139       "sha256": "5d5f309e5c7897e80529e6bbce42a7bd925715062eb9efe0d43d0534e845ad7d"
#23 1.139     },
#23 1.139     "watt/tests/test_deepseek_inference_adapter.py": {
#23 1.139       "image_files": [
#23 1.139         {
#23 1.139           "path": "/qualification/tests/test_deepseek_inference_adapter.py",
#23 1.139           "sha256": "67e3b991cba4142dc5643e508558a92fecb7b02ba88505012f65bd3d4403827b"
#23 1.139         }
#23 1.139       ],
#23 1.139       "sha256": "67e3b991cba4142dc5643e508558a92fecb7b02ba88505012f65bd3d4403827b"
#23 1.139     },
#23 1.139     "watt/tests/test_deepseek_semantic_provider.py": {
#23 1.139       "image_files": [
#23 1.139         {
#23 1.139           "path": "/qualification/tests/test_deepseek_semantic_provider.py",
#23 1.139           "sha256": "44cf9871548a687d5494c415bbba3b8a29620d8575c959dfd8bbaf88ee42c6a4"
#23 1.139         }
#23 1.139       ],
#23 1.139       "sha256": "44cf9871548a687d5494c415bbba3b8a29620d8575c959dfd8bbaf88ee42c6a4"
#23 1.139     },
#23 1.139     "watt/tests/test_deepseek_wic_provider.py": {
#23 1.139       "image_files": [
#23 1.139         {
#23 1.139           "path": "/qualification/tests/test_deepseek_wic_provider.py",
#23 1.139           "sha256": "79099532c1166f8b4f761b651a0d380ec6f12517ea6bc40a9cc040ce6c70a242"
#23 1.139         }
#23 1.139       ],
#23 1.139       "sha256": "79099532c1166f8b4f761b651a0d380ec6f12517ea6bc40a9cc040ce6c70a242"
#23 1.139     },
#23 1.139     "watt/tests/test_delivery_contracts.py": {
#23 1.139       "image_files": [
#23 1.139         {
#23 1.139           "path": "/qualification/tests/test_delivery_contracts.py",
#23 1.139           "sha256": "2189ae3ad09d832e990f38f47848c9fda01115c888dfde925f6793909f2d86bd"
#23 1.139         }
#23 1.139       ],
#23 1.139       "sha256": "2189ae3ad09d832e990f38f47848c9fda01115c888dfde925f6793909f2d86bd"
#23 1.139     },
#23 1.139     "watt/tests/test_delivery_incident_trace.py": {
#23 1.139       "image_files": [
#23 1.139         {
#23 1.139           "path": "/qualification/tests/test_delivery_incident_trace.py",
#23 1.139           "sha256": "875f01c5547e7ac4945d0ccbc8f78b3dac5ae7b04d0778c296de0e4e0c4c38dc"
#23 1.139         }
#23 1.139       ],
#23 1.139       "sha256": "875f01c5547e7ac4945d0ccbc8f78b3dac5ae7b04d0778c296de0e4e0c4c38dc"
#23 1.139     },
#23 1.139     "watt/tests/test_delivery_observation.py": {
#23 1.139       "image_files": [
#23 1.139         {
#23 1.139           "path": "/qualification/tests/test_delivery_observation.py",
#23 1.139           "sha256": "7f621e2231c6078d5c98b08f9dcb6102976bc69ea0e2202275ff8ad25ce9bdb9"
#23 1.139         }
#23 1.139       ],
#23 1.139       "sha256": "7f621e2231c6078d5c98b08f9dcb6102976bc69ea0e2202275ff8ad25ce9bdb9"
#23 1.139     },
#23 1.139     "watt/tests/test_design_intent_framing_contracts.py": {
#23 1.139       "image_files": [
#23 1.139         {
#23 1.139           "path": "/qualification/tests/test_design_intent_framing_contracts.py",
#23 1.139           "sha256": "72e77bc5faaa26dd1240b637af222b3858d0dece27a6b4499cb923ea1d08b551"
#23 1.139         }
#23 1.139       ],
#23 1.139       "sha256": "72e77bc5faaa26dd1240b637af222b3858d0dece27a6b4499cb923ea1d08b551"
#23 1.139     },
#23 1.139     "watt/tests/test_docker_product_contracts.py": {
#23 1.139       "image_files": [
#23 1.139         {
#23 1.139           "path": "/qualification/tests/test_docker_product_contracts.py",
#23 1.139           "sha256": "374c4ffa573b542802168dbc988e761c99955d9442dcb74c247a1f086456e1bb"
#23 1.139         }
#23 1.139       ],
#23 1.139       "sha256": "374c4ffa573b542802168dbc988e761c99955d9442dcb74c247a1f086456e1bb"
#23 1.139     },
#23 1.139     "watt/tests/test_dogfood_repository_scope.py": {
#23 1.139       "image_files": [
#23 1.139         {
#23 1.139           "path": "/qualification/tests/test_dogfood_repository_scope.py",
#23 1.139           "sha256": "8093e69158e290b1fef0fb1b366331bddd3a2a040a2459fced83ee37890ca6db"
#23 1.139         }
#23 1.139       ],
#23 1.139       "sha256": "8093e69158e290b1fef0fb1b366331bddd3a2a040a2459fced83ee37890ca6db"
#23 1.139     },
#23 1.139     "watt/tests/test_engineering_semantic_truth.py": {
#23 1.139       "image_files": [
#23 1.139         {
#23 1.139           "path": "/qualification/tests/test_engineering_semantic_truth.py",
#23 1.139           "sha256": "e8c638eb6e7f0c11bbc0c9f1b225046259a3ec2669dc9b2c17f5427dd9a4b79b"
#23 1.139         }
#23 1.139       ],
#23 1.139       "sha256": "e8c638eb6e7f0c11bbc0c9f1b225046259a3ec2669dc9b2c17f5427dd9a4b79b"
#23 1.139     },
#23 1.139     "watt/tests/test_external_research.py": {
#23 1.139       "image_files": [
#23 1.139         {
#23 1.139           "path": "/qualification/tests/test_external_research.py",
#23 1.139           "sha256": "6a66a41d3beeb4d8fa4b5e18f30d7f7b272e295c7dbaf4e8e22028d215b8ca81"
#23 1.139         }
#23 1.139       ],
#23 1.139       "sha256": "6a66a41d3beeb4d8fa4b5e18f30d7f7b272e295c7dbaf4e8e22028d215b8ca81"
#23 1.139     },
#23 1.139     "watt/tests/test_fulfillment_projection.py": {
#23 1.139       "image_files": [
#23 1.139         {
#23 1.139           "path": "/qualification/tests/test_fulfillment_projection.py",
#23 1.139           "sha256": "ee68dec1bc4543f08180f2e426328c27cf9aa812db26c3fbc8d5cdd79def351b"
#23 1.139         }
#23 1.139       ],
#23 1.139       "sha256": "ee68dec1bc4543f08180f2e426328c27cf9aa812db26c3fbc8d5cdd79def351b"
#23 1.139     },
#23 1.139     "watt/tests/test_git_join.py": {
#23 1.139       "image_files": [
#23 1.139         {
#23 1.139           "path": "/qualification/tests/test_git_join.py",
#23 1.139           "sha256": "1ab1776b4d3ae0be135c2cfc4d3bb008fc24a97337344216975564c09f776cf8"
#23 1.139         }
#23 1.139       ],
#23 1.139       "sha256": "1ab1776b4d3ae0be135c2cfc4d3bb008fc24a97337344216975564c09f776cf8"
#23 1.139     },
#23 1.139     "watt/tests/test_git_operation_recipes.py": {
#23 1.139       "image_files": [
#23 1.139         {
#23 1.139           "path": "/qualification/tests/test_git_operation_recipes.py",
#23 1.139           "sha256": "e82249e82d30786fc1b5873e907905b8d9832226e0aae85eed5de3e8192992a6"
#23 1.139         }
#23 1.139       ],
#23 1.139       "sha256": "e82249e82d30786fc1b5873e907905b8d9832226e0aae85eed5de3e8192992a6"
#23 1.139     },
#23 1.139     "watt/tests/test_golden_oracles.py": {
#23 1.139       "image_files": [
#23 1.139         {
#23 1.139           "path": "/qualification/tests/test_golden_oracles.py",
#23 1.139           "sha256": "de0bd70eb0dc92d3a6bf013c04dacdcf14f1a3c2a3bfe2b354f635564aba97ac"
#23 1.139         }
#23 1.139       ],
#23 1.139       "sha256": "de0bd70eb0dc92d3a6bf013c04dacdcf14f1a3c2a3bfe2b354f635564aba97ac"
#23 1.139     },
#23 1.139     "watt/tests/test_governed_obligation_fulfillment.py": {
#23 1.139       "image_files": [
#23 1.139         {
#23 1.139           "path": "/qualification/tests/test_governed_obligation_fulfillment.py",
#23 1.139           "sha256": "45d5ae8eca445365fe0a9b233cc2b9dbd1a0b978e95c63dfd358e923a37ed788"
#23 1.139         }
#23 1.139       ],
#23 1.139       "sha256": "45d5ae8eca445365fe0a9b233cc2b9dbd1a0b978e95c63dfd358e923a37ed788"
#23 1.139     },
#23 1.139     "watt/tests/test_guardian_assurance_adapter.py": {
#23 1.139       "image_files": [
#23 1.139         {
#23 1.139           "path": "/qualification/tests/test_guardian_assurance_adapter.py",
#23 1.139           "sha256": "74a1f3c2212d5bf6839b32adebb1a8f4538fd1096febdd867cc2a136b05086b8"
#23 1.139         }
#23 1.139       ],
#23 1.139       "sha256": "74a1f3c2212d5bf6839b32adebb1a8f4538fd1096febdd867cc2a136b05086b8"
#23 1.139     },
#23 1.139     "watt/tests/test_guided_design_contracts.py": {
#23 1.139       "image_files": [
#23 1.139         {
#23 1.139           "path": "/qualification/tests/test_guided_design_contracts.py",
#23 1.139           "sha256": "a65312940c76b3bd8194b7ca80962d7557cfc5ceb2c8d00e0f01b18ec991d58e"
#23 1.139         }
#23 1.139       ],
#23 1.139       "sha256": "a65312940c76b3bd8194b7ca80962d7557cfc5ceb2c8d00e0f01b18ec991d58e"
#23 1.139     },
#23 1.139     "watt/tests/test_guided_interaction_calibration.py": {
#23 1.139       "image_files": [
#23 1.139         {
#23 1.139           "path": "/qualification/tests/test_guided_interaction_calibration.py",
#23 1.139           "sha256": "5810a79b52065d0ee9c54066b5d5f0c626d7c84836587f8dd1c2fd645658faa8"
#23 1.139         }
#23 1.139       ],
#23 1.139       "sha256": "5810a79b52065d0ee9c54066b5d5f0c626d7c84836587f8dd1c2fd645658faa8"
#23 1.139     },
#23 1.139     "watt/tests/test_human_interaction_authority.py": {
#23 1.139       "image_files": [
#23 1.139         {
#23 1.139           "path": "/qualification/tests/test_human_interaction_authority.py",
#23 1.139           "sha256": "8f65901842c3fd894203e7862c8e0d761338849c1a5f30523ca295843f8b5e14"
#23 1.139         }
#23 1.139       ],
#23 1.139       "sha256": "8f65901842c3fd894203e7862c8e0d761338849c1a5f30523ca295843f8b5e14"
#23 1.139     },
#23 1.139     "watt/tests/test_import.py": {
#23 1.139       "image_files": [
#23 1.139         {
#23 1.139           "path": "/qualification/tests/test_import.py",
#23 1.139           "sha256": "595a5b1ee8cdcbc154cd77fe730592f53256c7d90d641fe8c382ba5b3b2aea87"
#23 1.139         }
#23 1.139       ],
#23 1.139       "sha256": "595a5b1ee8cdcbc154cd77fe730592f53256c7d90d641fe8c382ba5b3b2aea87"
#23 1.139     },
#23 1.139     "watt/tests/test_intent_realization_kernel.py": {
#23 1.139       "image_files": [
#23 1.139         {
#23 1.139           "path": "/qualification/tests/test_intent_realization_kernel.py",
#23 1.139           "sha256": "a8a0ffc3890be7071cd2c91e02f1e46157c01eff828f7a6fe1c4f35d665abfac"
#23 1.139         }
#23 1.139       ],
#23 1.139       "sha256": "a8a0ffc3890be7071cd2c91e02f1e46157c01eff828f7a6fe1c4f35d665abfac"
#23 1.139     },
#23 1.139     "watt/tests/test_intent_realization_supplemental_facts.py": {
#23 1.139       "image_files": [
#23 1.139         {
#23 1.139           "path": "/qualification/tests/test_intent_realization_supplemental_facts.py",
#23 1.139           "sha256": "a3af25d8517e5deab99aef16a14bc6ec889f667608ba6ff1b53d4ed8118af9f5"
#23 1.139         }
#23 1.139       ],
#23 1.139       "sha256": "a3af25d8517e5deab99aef16a14bc6ec889f667608ba6ff1b53d4ed8118af9f5"
#23 1.139     },
#23 1.139     "watt/tests/test_intent_repository_scope.py": {
#23 1.139       "image_files": [
#23 1.139         {
#23 1.139           "path": "/qualification/tests/test_intent_repository_scope.py",
#23 1.139           "sha256": "8fe95220f3fc7ffbee5285af8a35b7c72f4527dab7028b0d1e924707a85b70f1"
#23 1.139         }
#23 1.139       ],
#23 1.139       "sha256": "8fe95220f3fc7ffbee5285af8a35b7c72f4527dab7028b0d1e924707a85b70f1"
#23 1.139     },
#23 1.139     "watt/tests/test_interaction_action_binding.py": {
#23 1.139       "image_files": [
#23 1.139         {
#23 1.139           "path": "/qualification/tests/test_interaction_action_binding.py",
#23 1.139           "sha256": "58bb708a5e9cede7eda0e72b84eb15f5fa8988a148736fc2622f8dee711537ad"
#23 1.139         }
#23 1.139       ],
#23 1.139       "sha256": "58bb708a5e9cede7eda0e72b84eb15f5fa8988a148736fc2622f8dee711537ad"
#23 1.139     },
#23 1.139     "watt/tests/test_interaction_intelligence_probe.py": {
#23 1.139       "image_files": [
#23 1.139         {
#23 1.139           "path": "/qualification/tests/test_interaction_intelligence_probe.py",
#23 1.139           "sha256": "e4817ba848dc472cbf17fee412dd9bc0b20c1f3a2c44e9afa5b7bcdf2803ab3f"
#23 1.139         }
#23 1.139       ],
#23 1.139       "sha256": "e4817ba848dc472cbf17fee412dd9bc0b20c1f3a2c44e9afa5b7bcdf2803ab3f"
#23 1.139     },
#23 1.139     "watt/tests/test_lifecycle_action_policy.py": {
#23 1.139       "image_files": [
#23 1.139         {
#23 1.139           "path": "/qualification/tests/test_lifecycle_action_policy.py",
#23 1.139           "sha256": "e6239e9f0e22eeaf60e9cd3bb62984a716f7ab3da7f295be7e1afc1644c111d3"
#23 1.139         }
#23 1.139       ],
#23 1.139       "sha256": "e6239e9f0e22eeaf60e9cd3bb62984a716f7ab3da7f295be7e1afc1644c111d3"
#23 1.139     },
#23 1.139     "watt/tests/test_live_holdout_effect_metrics.py": {
#23 1.139       "image_files": [
#23 1.139         {
#23 1.139           "path": "/qualification/tests/test_live_holdout_effect_metrics.py",
#23 1.139           "sha256": "b7d5df4e65472a829533371ab0c6f7c667d0465bee520ef4f9c7911a0d216909"
#23 1.139         }
#23 1.139       ],
#23 1.139       "sha256": "b7d5df4e65472a829533371ab0c6f7c667d0465bee520ef4f9c7911a0d216909"
#23 1.139     },
#23 1.139     "watt/tests/test_managed_greenfield_context.py": {
#23 1.139       "image_files": [
#23 1.139         {
#23 1.139           "path": "/qualification/tests/test_managed_greenfield_context.py",
#23 1.139           "sha256": "092b6328b7351ef648a94f08d74db90ba5f829d5dc82d5974afbfe705099d02a"
#23 1.139         }
#23 1.139       ],
#23 1.139       "sha256": "092b6328b7351ef648a94f08d74db90ba5f829d5dc82d5974afbfe705099d02a"
#23 1.139     },
#23 1.139     "watt/tests/test_model_runtime.py": {
#23 1.139       "image_files": [
#23 1.139         {
#23 1.139           "path": "/qualification/tests/test_model_runtime.py",
#23 1.139           "sha256": "ce18027bcd6a3802c68c0dea0d557cb6500d78af6c9704066f5c511143473c5a"
#23 1.139         }
#23 1.139       ],
#23 1.139       "sha256": "ce18027bcd6a3802c68c0dea0d557cb6500d78af6c9704066f5c511143473c5a"
#23 1.139     },
#23 1.139     "watt/tests/test_multi_pwu_admission.py": {
#23 1.139       "image_files": [
#23 1.139         {
#23 1.139           "path": "/qualification/tests/test_multi_pwu_admission.py",
#23 1.139           "sha256": "2dd72fe91b8aff303662aa49de612131a21a7b7788f061d80d63bc29a4b40dcf"
#23 1.139         }
#23 1.139       ],
#23 1.139       "sha256": "2dd72fe91b8aff303662aa49de612131a21a7b7788f061d80d63bc29a4b40dcf"
#23 1.139     },
#23 1.139     "watt/tests/test_multi_pwu_planning.py": {
#23 1.139       "image_files": [
#23 1.139         {
#23 1.139           "path": "/qualification/tests/test_multi_pwu_planning.py",
#23 1.139           "sha256": "735209ecc977bf2670cd7099324511ac6a3d259bfc2d74372882ad1133dfc3ce"
#23 1.139         }
#23 1.139       ],
#23 1.139       "sha256": "735209ecc977bf2670cd7099324511ac6a3d259bfc2d74372882ad1133dfc3ce"
#23 1.139     },
#23 1.139     "watt/tests/test_mvp_app_contracts.py": {
#23 1.139       "image_files": [
#23 1.139         {
#23 1.139           "path": "/qualification/tests/test_mvp_app_contracts.py",
#23 1.139           "sha256": "f696f1fb96e66c7558408253c1288067f36018725f0de5bca0c96cd7c915b172"
#23 1.139         }
#23 1.139       ],
#23 1.139       "sha256": "f696f1fb96e66c7558408253c1288067f36018725f0de5bca0c96cd7c915b172"
#23 1.139     },
#23 1.139     "watt/tests/test_mvp_code_contracts.py": {
#23 1.139       "image_files": [
#23 1.139         {
#23 1.139           "path": "/qualification/tests/test_mvp_code_contracts.py",
#23 1.139           "sha256": "211dd03d87b7b913cae74587152e90a5b1733e316b0278fb98007a0ae5e33d5d"
#23 1.139         }
#23 1.139       ],
#23 1.139       "sha256": "211dd03d87b7b913cae74587152e90a5b1733e316b0278fb98007a0ae5e33d5d"
#23 1.139     },
#23 1.139     "watt/tests/test_mvp_e2e_checkout_synchronization.py": {
#23 1.139       "image_files": [
#23 1.139         {
#23 1.139           "path": "/qualification/tests/test_mvp_e2e_checkout_synchronization.py",
#23 1.139           "sha256": "eb38055a0b6552157c1853a8052c2ebf23d67ac8cb5783d617bd57229778763e"
#23 1.139         }
#23 1.139       ],
#23 1.139       "sha256": "eb38055a0b6552157c1853a8052c2ebf23d67ac8cb5783d617bd57229778763e"
#23 1.139     },
#23 1.139     "watt/tests/test_mvp_e2e_contracts.py": {
#23 1.139       "image_files": [
#23 1.139         {
#23 1.139           "path": "/qualification/tests/test_mvp_e2e_contracts.py",
#23 1.139           "sha256": "ae57c47e2339f4e8f425b9075e853ea261a1ee442efca81f846705baf99a9f97"
#23 1.139         }
#23 1.139       ],
#23 1.139       "sha256": "ae57c47e2339f4e8f425b9075e853ea261a1ee442efca81f846705baf99a9f97"
#23 1.139     },
#23 1.139     "watt/tests/test_mvp_intake_contracts.py": {
#23 1.139       "image_files": [
#23 1.139         {
#23 1.139           "path": "/qualification/tests/test_mvp_intake_contracts.py",
#23 1.139           "sha256": "6de46d81963d25480ccb2cb32d1421ed565db0aa91c4af8aeee47f40600fc8e8"
#23 1.139         }
#23 1.139       ],
#23 1.139       "sha256": "6de46d81963d25480ccb2cb32d1421ed565db0aa91c4af8aeee47f40600fc8e8"
#23 1.139     },
#23 1.139     "watt/tests/test_mvp_node_verification.py": {
#23 1.139       "image_files": [
#23 1.139         {
#23 1.139           "path": "/qualification/tests/test_mvp_node_verification.py",
#23 1.139           "sha256": "ae9cf1ee67f4dc3b7a7fdb2d358ec487924f704df9d319239cbabba5ca9733df"
#23 1.139         }
#23 1.139       ],
#23 1.139       "sha256": "ae9cf1ee67f4dc3b7a7fdb2d358ec487924f704df9d319239cbabba5ca9733df"
#23 1.139     },
#23 1.139     "watt/tests/test_mvp_orchestration.py": {
#23 1.139       "image_files": [
#23 1.139         {
#23 1.139           "path": "/qualification/tests/test_mvp_orchestration.py",
#23 1.139           "sha256": "65702e571fc06944768f7dd94e30a6c3608c4ddb8899140eb911d007207d9154"
#23 1.139         }
#23 1.139       ],
#23 1.139       "sha256": "65702e571fc06944768f7dd94e30a6c3608c4ddb8899140eb911d007207d9154"
#23 1.139     },
#23 1.139     "watt/tests/test_mvp_plan_1b_contracts.py": {
#23 1.139       "image_files": [
#23 1.139         {
#23 1.139           "path": "/qualification/tests/test_mvp_plan_1b_contracts.py",
#23 1.139           "sha256": "a7e5e5b625e57fec39169f1b6038325b786c66bc3c06991fa06bfe015c9e9851"
#23 1.139         }
#23 1.139       ],
#23 1.139       "sha256": "a7e5e5b625e57fec39169f1b6038325b786c66bc3c06991fa06bfe015c9e9851"
#23 1.139     },
#23 1.139     "watt/tests/test_mvp_plan_steering_decision_contracts.py": {
#23 1.139       "image_files": [
#23 1.139         {
#23 1.139           "path": "/qualification/tests/test_mvp_plan_steering_decision_contracts.py",
#23 1.139           "sha256": "9213086fe226ab26d736c88c75ef988f8c4f578bc530268b4e103fb10adefc90"
#23 1.139         }
#23 1.139       ],
#23 1.139       "sha256": "9213086fe226ab26d736c88c75ef988f8c4f578bc530268b4e103fb10adefc90"
#23 1.139     },
#23 1.139     "watt/tests/test_mvp_plan_steering_truth_contracts.py": {
#23 1.139       "image_files": [
#23 1.139         {
#23 1.139           "path": "/qualification/tests/test_mvp_plan_steering_truth_contracts.py",
#23 1.139           "sha256": "3944a8ddeeabb5fe0892feb98789d75771374e605ef51fb0246f3d28981f84e2"
#23 1.139         }
#23 1.139       ],
#23 1.139       "sha256": "3944a8ddeeabb5fe0892feb98789d75771374e605ef51fb0246f3d28981f84e2"
#23 1.139     },
#23 1.139     "watt/tests/test_mvp_refine_code_contracts.py": {
#23 1.139       "image_files": [
#23 1.139         {
#23 1.139           "path": "/qualification/tests/test_mvp_refine_code_contracts.py",
#23 1.139           "sha256": "6ef2a875208971bd8523f47c01e39c9e2ad9f29541923fbec6261b01e0c6b4b9"
#23 1.139         }
#23 1.139       ],
#23 1.139       "sha256": "6ef2a875208971bd8523f47c01e39c9e2ad9f29541923fbec6261b01e0c6b4b9"
#23 1.139     },
#23 1.139     "watt/tests/test_mvp_runtime_activation.py": {
#23 1.139       "image_files": [
#23 1.139         {
#23 1.139           "path": "/qualification/tests/test_mvp_runtime_activation.py",
#23 1.139           "sha256": "d5230986bdca517048de49075095f3711569aaf2a9e4d701b6ad822dc2b818e2"
#23 1.139         }
#23 1.139       ],
#23 1.139       "sha256": "d5230986bdca517048de49075095f3711569aaf2a9e4d701b6ad822dc2b818e2"
#23 1.139     },
#23 1.139     "watt/tests/test_mvp_semantic_provider_wire_schema.py": {
#23 1.139       "image_files": [
#23 1.139         {
#23 1.139           "path": "/qualification/tests/test_mvp_semantic_provider_wire_schema.py",
#23 1.139           "sha256": "0807439b202aad03d1cd6875237e76e50db7f3991a24435af65147e67bd15646"
#23 1.139         }
#23 1.139       ],
#23 1.139       "sha256": "0807439b202aad03d1cd6875237e76e50db7f3991a24435af65147e67bd15646"
#23 1.139     },
#23 1.139     "watt/tests/test_mvp_ui_contracts.py": {
#23 1.139       "image_files": [
#23 1.139         {
#23 1.139           "path": "/qualification/tests/test_mvp_ui_contracts.py",
#23 1.139           "sha256": "befacbb48ba7297182a4fe5b7a1cdcb23d61c5475e5b5cc49df6651d8b1a4ee3"
#23 1.139         }
#23 1.139       ],
#23 1.139       "sha256": "befacbb48ba7297182a4fe5b7a1cdcb23d61c5475e5b5cc49df6651d8b1a4ee3"
#23 1.139     },
#23 1.139     "watt/tests/test_n1_document_lineage_verification.py": {
#23 1.139       "image_files": [
#23 1.139         {
#23 1.139           "path": "/qualification/tests/test_n1_document_lineage_verification.py",
#23 1.139           "sha256": "eb0d6cb18a70d5e248b4c17594efa61392f3161dd17b99ed724b0090309bf7f1"
#23 1.139         }
#23 1.139       ],
#23 1.139       "sha256": "eb0d6cb18a70d5e248b4c17594efa61392f3161dd17b99ed724b0090309bf7f1"
#23 1.139     },
#23 1.139     "watt/tests/test_n1_static_html_semantics.py": {
#23 1.139       "image_files": [
#23 1.139         {
#23 1.139           "path": "/qualification/tests/test_n1_static_html_semantics.py",
#23 1.139           "sha256": "2f0ef43a8f4ac6662dde421e1116cce716b353b7b0b2a54e1a2d4b2ad28e4f99"
#23 1.139         }
#23 1.139       ],
#23 1.139       "sha256": "2f0ef43a8f4ac6662dde421e1116cce716b353b7b0b2a54e1a2d4b2ad28e4f99"
#23 1.139     },
#23 1.139     "watt/tests/test_native_continuity_benchmark.py": {
#23 1.139       "image_files": [
#23 1.139         {
#23 1.139           "path": "/qualification/tests/test_native_continuity_benchmark.py",
#23 1.139           "sha256": "a2eedd0d3100eb3ebf5d1dc315e5250eb480f1f0403185f5568a1398ea854fa2"
#23 1.139         }
#23 1.139       ],
#23 1.139       "sha256": "a2eedd0d3100eb3ebf5d1dc315e5250eb480f1f0403185f5568a1398ea854fa2"
#23 1.139     },
#23 1.139     "watt/tests/test_native_continuity_benchmark_v2.py": {
#23 1.139       "image_files": [
#23 1.139         {
#23 1.139           "path": "/qualification/tests/test_native_continuity_benchmark_v2.py",
#23 1.139           "sha256": "4755679008377c53ec2fa49d4de6cf6d3c8b87a8c4a35a25337063309895719f"
#23 1.139         }
#23 1.139       ],
#23 1.139       "sha256": "4755679008377c53ec2fa49d4de6cf6d3c8b87a8c4a35a25337063309895719f"
#23 1.139     },
#23 1.139     "watt/tests/test_native_continuity_benchmark_v3.py": {
#23 1.139       "image_files": [
#23 1.139         {
#23 1.139           "path": "/qualification/tests/test_native_continuity_benchmark_v3.py",
#23 1.139           "sha256": "1131f580674421d197acd33ea3586b19381221e0dacba1138683bbcb1d74629f"
#23 1.139         }
#23 1.139       ],
#23 1.139       "sha256": "1131f580674421d197acd33ea3586b19381221e0dacba1138683bbcb1d74629f"
#23 1.139     },
#23 1.139     "watt/tests/test_native_continuity_benchmark_v4.py": {
#23 1.139       "image_files": [
#23 1.139         {
#23 1.139           "path": "/qualification/tests/test_native_continuity_benchmark_v4.py",
#23 1.139           "sha256": "3f67735640763e88b8c32b0feb83384f45d75cccd5b52271a7a073a89ec23b1c"
#23 1.139         }
#23 1.139       ],
#23 1.139       "sha256": "3f67735640763e88b8c32b0feb83384f45d75cccd5b52271a7a073a89ec23b1c"
#23 1.139     },
#23 1.139     "watt/tests/test_native_continuity_benchmark_v5.py": {
#23 1.139       "image_files": [
#23 1.139         {
#23 1.139           "path": "/qualification/tests/test_native_continuity_benchmark_v5.py",
#23 1.139           "sha256": "1d891d41bb53ff29d1355db11a8c337ea8b23f00bb5a7d41cd96292181bcdc89"
#23 1.139         }
#23 1.139       ],
#23 1.139       "sha256": "1d891d41bb53ff29d1355db11a8c337ea8b23f00bb5a7d41cd96292181bcdc89"
#23 1.139     },
#23 1.139     "watt/tests/test_native_continuity_benchmark_v6.py": {
#23 1.139       "image_files": [
#23 1.139         {
#23 1.139           "path": "/qualification/tests/test_native_continuity_benchmark_v6.py",
#23 1.139           "sha256": "1f4ee2b4f80776123e85ed6228d0caadbe1c15524a0d9c13c911d960ff1aa585"
#23 1.139         }
#23 1.139       ],
#23 1.139       "sha256": "1f4ee2b4f80776123e85ed6228d0caadbe1c15524a0d9c13c911d960ff1aa585"
#23 1.139     },
#23 1.139     "watt/tests/test_native_continuity_benchmark_v7.py": {
#23 1.139       "image_files": [
#23 1.139         {
#23 1.139           "path": "/qualification/tests/test_native_continuity_benchmark_v7.py",
#23 1.139           "sha256": "9200e44336c0aba08a0d15ced39013fbad350b2ab6f44c8219317ba3fd0311f0"
#23 1.139         }
#23 1.139       ],
#23 1.139       "sha256": "9200e44336c0aba08a0d15ced39013fbad350b2ab6f44c8219317ba3fd0311f0"
#23 1.139     },
#23 1.139     "watt/tests/test_native_continuity_benchmark_v8.py": {
#23 1.139       "image_files": [
#23 1.139         {
#23 1.139           "path": "/qualification/tests/test_native_continuity_benchmark_v8.py",
#23 1.139           "sha256": "c06c4b7913f2c56979ef82c15574b473d6cf81e900767fa3be5a1f56bf82ffd6"
#23 1.139         }
#23 1.139       ],
#23 1.139       "sha256": "c06c4b7913f2c56979ef82c15574b473d6cf81e900767fa3be5a1f56bf82ffd6"
#23 1.139     },
#23 1.139     "watt/tests/test_native_executor_contracts.py": {
#23 1.139       "image_files": [
#23 1.139         {
#23 1.139           "path": "/qualification/tests/test_native_executor_contracts.py",
#23 1.139           "sha256": "6ab37d7e2cbbcea32000ef8e2764781eb637d60d5e134dff7b001bd56b2de0cc"
#23 1.139         }
#23 1.139       ],
#23 1.139       "sha256": "6ab37d7e2cbbcea32000ef8e2764781eb637d60d5e134dff7b001bd56b2de0cc"
#23 1.139     },
#23 1.139     "watt/tests/test_native_production_environment.py": {
#23 1.139       "image_files": [
#23 1.139         {
#23 1.139           "path": "/qualification/tests/test_native_production_environment.py",
#23 1.139           "sha256": "6296fee80c0254a03d4706e3b6e7ef3167460c7bcbe2f0b0a487231f63ab119a"
#23 1.139         }
#23 1.139       ],
#23 1.139       "sha256": "6296fee80c0254a03d4706e3b6e7ef3167460c7bcbe2f0b0a487231f63ab119a"
#23 1.139     },
#23 1.139     "watt/tests/test_no_external_coding_agent_runtime.py": {
#23 1.139       "image_files": [
#23 1.139         {
#23 1.139           "path": "/qualification/tests/test_no_external_coding_agent_runtime.py",
#23 1.139           "sha256": "c94a2a94e54b11839c169e7e7cd8c183144fa5155561ba728d4f5a64faa738a9"
#23 1.139         }
#23 1.139       ],
#23 1.139       "sha256": "c94a2a94e54b11839c169e7e7cd8c183144fa5155561ba728d4f5a64faa738a9"
#23 1.139     },
#23 1.139     "watt/tests/test_open_wic_baseline.py": {
#23 1.139       "image_files": [
#23 1.139         {
#23 1.139           "path": "/qualification/tests/test_open_wic_baseline.py",
#23 1.139           "sha256": "dd8bf14b9563ff7e2d5c1d52ed89c07b938fee3639a165a63009511e65484a56"
#23 1.139         }
#23 1.139       ],
#23 1.139       "sha256": "dd8bf14b9563ff7e2d5c1d52ed89c07b938fee3639a165a63009511e65484a56"
#23 1.139     },
#23 1.139     "watt/tests/test_persistence_foundation.py": {
#23 1.139       "image_files": [
#23 1.139         {
#23 1.139           "path": "/qualification/tests/test_persistence_foundation.py",
#23 1.139           "sha256": "ce2c724f092defc7705b5bf2cef3b5e9d4d699fd619b807d9ff63943081b0279"
#23 1.139         }
#23 1.139       ],
#23 1.139       "sha256": "ce2c724f092defc7705b5bf2cef3b5e9d4d699fd619b807d9ff63943081b0279"
#23 1.139     },
#23 1.139     "watt/tests/test_preparation_contracts.py": {
#23 1.139       "image_files": [
#23 1.139         {
#23 1.139           "path": "/qualification/tests/test_preparation_contracts.py",
#23 1.139           "sha256": "ec486b554b9ece99b4149e821efcec526687b73c64907e38d0194de8c3a94a61"
#23 1.139         }
#23 1.139       ],
#23 1.139       "sha256": "ec486b554b9ece99b4149e821efcec526687b73c64907e38d0194de8c3a94a61"
#23 1.139     },
#23 1.139     "watt/tests/test_preview_security.py": {
#23 1.139       "image_files": [
#23 1.139         {
#23 1.139           "path": "/qualification/tests/test_preview_security.py",
#23 1.139           "sha256": "262bd9cbcc028fcbe633522fb4607cdd476224d110023024f175d4fa26efa115"
#23 1.139         }
#23 1.139       ],
#23 1.139       "sha256": "262bd9cbcc028fcbe633522fb4607cdd476224d110023024f175d4fa26efa115"
#23 1.139     },
#23 1.139     "watt/tests/test_production_admission_retry.py": {
#23 1.139       "image_files": [
#23 1.139         {
#23 1.139           "path": "/qualification/tests/test_production_admission_retry.py",
#23 1.139           "sha256": "238207c894deaf0baa850d1c7565804869bc06eeda85d9e1081b30c7b4995fc2"
#23 1.139         }
#23 1.139       ],
#23 1.139       "sha256": "238207c894deaf0baa850d1c7565804869bc06eeda85d9e1081b30c7b4995fc2"
#23 1.139     },
#23 1.139     "watt/tests/test_production_environment_contracts.py": {
#23 1.139       "image_files": [
#23 1.139         {
#23 1.139           "path": "/qualification/tests/test_production_environment_contracts.py",
#23 1.139           "sha256": "626f3790e8d9c7859a61df3149878714601ed8d37ebb7d6c07ca299f9e95b774"
#23 1.139         }
#23 1.139       ],
#23 1.139       "sha256": "626f3790e8d9c7859a61df3149878714601ed8d37ebb7d6c07ca299f9e95b774"
#23 1.139     },
#23 1.139     "watt/tests/test_production_environment_cross_repository.py": {
#23 1.139       "image_files": [
#23 1.139         {
#23 1.139           "path": "/qualification/tests/test_production_environment_cross_repository.py",
#23 1.139           "sha256": "805408abf8b43f0da02275a18dd376387a9d23c09f20efb8ec467e90cc6bb85a"
#23 1.139         }
#23 1.139       ],
#23 1.139       "sha256": "805408abf8b43f0da02275a18dd376387a9d23c09f20efb8ec467e90cc6bb85a"
#23 1.139     },
#23 1.139     "watt/tests/test_production_environment_git_continuity.py": {
#23 1.139       "image_files": [
#23 1.139         {
#23 1.139           "path": "/qualification/tests/test_production_environment_git_continuity.py",
#23 1.139           "sha256": "2866fb4c8d496d1156632ae6598b50b4569759f57ad8468a68cc431914e246cb"
#23 1.139         }
#23 1.139       ],
#23 1.139       "sha256": "2866fb4c8d496d1156632ae6598b50b4569759f57ad8468a68cc431914e246cb"
#23 1.139     },
#23 1.139     "watt/tests/test_production_environment_lifecycle.py": {
#23 1.139       "image_files": [
#23 1.139         {
#23 1.139           "path": "/qualification/tests/test_production_environment_lifecycle.py",
#23 1.139           "sha256": "7e212d09f1fc3e5bd003fb3c68ba41f8d0015429425737c0c22cb23610b7e9c7"
#23 1.139         }
#23 1.139       ],
#23 1.139       "sha256": "7e212d09f1fc3e5bd003fb3c68ba41f8d0015429425737c0c22cb23610b7e9c7"
#23 1.139     },
#23 1.139     "watt/tests/test_production_environment_store.py": {
#23 1.139       "image_files": [
#23 1.139         {
#23 1.139           "path": "/qualification/tests/test_production_environment_store.py",
#23 1.139           "sha256": "fb7288b7733369bb7a0528435bb7048e09ad81154693e58b7de2d7de5075decb"
#23 1.139         }
#23 1.139       ],
#23 1.139       "sha256": "fb7288b7733369bb7a0528435bb7048e09ad81154693e58b7de2d7de5075decb"
#23 1.139     },
#23 1.139     "watt/tests/test_production_execution_runtime.py": {
#23 1.139       "image_files": [
#23 1.139         {
#23 1.139           "path": "/qualification/tests/test_production_execution_runtime.py",
#23 1.139           "sha256": "7e9ddd6dff0ed57d22cbf25cb9986057bc230d9737e2a8cfe98bc46891c0ff3b"
#23 1.139         }
#23 1.139       ],
#23 1.139       "sha256": "7e9ddd6dff0ed57d22cbf25cb9986057bc230d9737e2a8cfe98bc46891c0ff3b"
#23 1.139     },
#23 1.139     "watt/tests/test_production_intelligence.py": {
#23 1.139       "image_files": [
#23 1.139         {
#23 1.139           "path": "/qualification/tests/test_production_intelligence.py",
#23 1.139           "sha256": "89a6d7467d3b9c0939cae47c7b072ddbb89ac08191c51fa202fe16a3274dfc39"
#23 1.139         }
#23 1.139       ],
#23 1.139       "sha256": "89a6d7467d3b9c0939cae47c7b072ddbb89ac08191c51fa202fe16a3274dfc39"
#23 1.139     },
#23 1.139     "watt/tests/test_public_http_encoding.py": {
#23 1.139       "image_files": [
#23 1.139         {
#23 1.139           "path": "/qualification/tests/test_public_http_encoding.py",
#23 1.139           "sha256": "2994071d25e6cffbe840ae287914f3d56fa20b7090e4c9e6dbefb68563774183"
#23 1.139         }
#23 1.139       ],
#23 1.139       "sha256": "2994071d25e6cffbe840ae287914f3d56fa20b7090e4c9e6dbefb68563774183"
#23 1.139     },
#23 1.139     "watt/tests/test_qualified_clone_baseline.py": {
#23 1.139       "image_files": [
#23 1.139         {
#23 1.139           "path": "/qualification/tests/test_qualified_clone_baseline.py",
#23 1.139           "sha256": "3acf52ba0f7c0f3743e35c83fe21ed95b162696a01368b255e9d49e574ee5cf0"
#23 1.139         }
#23 1.139       ],
#23 1.139       "sha256": "3acf52ba0f7c0f3743e35c83fe21ed95b162696a01368b255e9d49e574ee5cf0"
#23 1.139     },
#23 1.139     "watt/tests/test_quality_contracts.py": {
#23 1.139       "image_files": [
#23 1.139         {
#23 1.139           "path": "/qualification/tests/test_quality_contracts.py",
#23 1.139           "sha256": "fc58cf856aed4efa6d7b5e70a07916f280b37eb918a8f6608cf788e7de0e4d82"
#23 1.139         }
#23 1.139       ],
#23 1.139       "sha256": "fc58cf856aed4efa6d7b5e70a07916f280b37eb918a8f6608cf788e7de0e4d82"
#23 1.139     },
#23 1.139     "watt/tests/test_refinement_contract.py": {
#23 1.139       "image_files": [
#23 1.139         {
#23 1.139           "path": "/qualification/tests/test_refinement_contract.py",
#23 1.139           "sha256": "03c5445e9081fcee07b269ff20e2247c9bb8be4d8764e8acef6344f1566f5d13"
#23 1.139         }
#23 1.139       ],
#23 1.139       "sha256": "03c5445e9081fcee07b269ff20e2247c9bb8be4d8764e8acef6344f1566f5d13"
#23 1.139     },
#23 1.139     "watt/tests/test_release_evaluation_gate.py": {
#23 1.139       "image_files": [
#23 1.139         {
#23 1.139           "path": "/qualification/tests/test_release_evaluation_gate.py",
#23 1.139           "sha256": "6cd88f47c9ec10b04f6c136564aefa92d88fe517f43eb48ae10b10e5d7ce0191"
#23 1.139         }
#23 1.139       ],
#23 1.139       "sha256": "6cd88f47c9ec10b04f6c136564aefa92d88fe517f43eb48ae10b10e5d7ce0191"
#23 1.139     },
#23 1.139     "watt/tests/test_repository_acquisition_policy.py": {
#23 1.139       "image_files": [
#23 1.139         {
#23 1.139           "path": "/qualification/tests/test_repository_acquisition_policy.py",
#23 1.139           "sha256": "fc3cca424ef629c4ff1e9ba74deec4e0bb2372fc078d75c882d03efbc0d39ba2"
#23 1.139         }
#23 1.139       ],
#23 1.139       "sha256": "fc3cca424ef629c4ff1e9ba74deec4e0bb2372fc078d75c882d03efbc0d39ba2"
#23 1.139     },
#23 1.139     "watt/tests/test_repository_acquisition_reliability.py": {
#23 1.139       "image_files": [
#23 1.139         {
#23 1.139           "path": "/qualification/tests/test_repository_acquisition_reliability.py",
#23 1.139           "sha256": "d3164daf402930707ae00dd0cf407e58d16d672d1e00dda936c756fbc4c84a4e"
#23 1.139         }
#23 1.139       ],
#23 1.139       "sha256": "d3164daf402930707ae00dd0cf407e58d16d672d1e00dda936c756fbc4c84a4e"
#23 1.139     },
#23 1.139     "watt/tests/test_research_qualification_oracle.py": {
#23 1.139       "image_files": [
#23 1.139         {
#23 1.139           "path": "/qualification/tests/test_research_qualification_oracle.py",
#23 1.139           "sha256": "39eb62438ddfd88cd27e94cea69e40c242436d79ed6a0604ec572216e7d7a082"
#23 1.139         }
#23 1.139       ],
#23 1.139       "sha256": "39eb62438ddfd88cd27e94cea69e40c242436d79ed6a0604ec572216e7d7a082"
#23 1.139     },
#23 1.139     "watt/tests/test_response_contract.py": {
#23 1.139       "image_files": [
#23 1.139         {
#23 1.139           "path": "/qualification/tests/test_response_contract.py",
#23 1.139           "sha256": "b8886f1890f06ff165ebb69f1629bebce1a89eb9d09d0d83cff8ea5d87cc01ea"
#23 1.139         }
#23 1.139       ],
#23 1.139       "sha256": "b8886f1890f06ff165ebb69f1629bebce1a89eb9d09d0d83cff8ea5d87cc01ea"
#23 1.139     },
#23 1.139     "watt/tests/test_runtime_contracts.py": {
#23 1.139       "image_files": [
#23 1.139         {
#23 1.139           "path": "/qualification/tests/test_runtime_contracts.py",
#23 1.139           "sha256": "36a539daa4efe0d00fffe1855f172986cf90a1152e6a7e00b5f091fe44e23572"
#23 1.139         }
#23 1.139       ],
#23 1.139       "sha256": "36a539daa4efe0d00fffe1855f172986cf90a1152e6a7e00b5f091fe44e23572"
#23 1.139     },
#23 1.139     "watt/tests/test_runtime_source_receipt.py": {
#23 1.139       "image_files": [
#23 1.139         {
#23 1.139           "path": "/qualification/tests/test_runtime_source_receipt.py",
#23 1.139           "sha256": "f64807e0ee7627a87bd8da5f520b7b34fe7e529f313f0e2341ae7938a787cf86"
#23 1.139         }
#23 1.139       ],
#23 1.139       "sha256": "f64807e0ee7627a87bd8da5f520b7b34fe7e529f313f0e2341ae7938a787cf86"
#23 1.139     },
#23 1.139     "watt/tests/test_s6c2_r2_utf8_transport.py": {
#23 1.139       "image_files": [
#23 1.139         {
#23 1.139           "path": "/qualification/tests/test_s6c2_r2_utf8_transport.py",
#23 1.139           "sha256": "9fb6a0337f88994abd3da3881def071113a4314efc25fbae345985ef81d96eb5"
#23 1.139         }
#23 1.139       ],
#23 1.139       "sha256": "9fb6a0337f88994abd3da3881def071113a4314efc25fbae345985ef81d96eb5"
#23 1.139     },
#23 1.139     "watt/tests/test_stability_boundaries.py": {
#23 1.139       "image_files": [
#23 1.139         {
#23 1.139           "path": "/qualification/tests/test_stability_boundaries.py",
#23 1.139           "sha256": "0bce9b01c3a8d0a1d8593d4b70de70d5189933c1b75383290edea774490256d0"
#23 1.139         }
#23 1.139       ],
#23 1.139       "sha256": "0bce9b01c3a8d0a1d8593d4b70de70d5189933c1b75383290edea774490256d0"
#23 1.139     },
#23 1.139     "watt/tests/test_static_candidate_assurance.py": {
#23 1.139       "image_files": [
#23 1.139         {
#23 1.139           "path": "/qualification/tests/test_static_candidate_assurance.py",
#23 1.139           "sha256": "c9c77a611397946e78333d69587c1e9a287ff207b5958b3bcb81630eec958e81"
#23 1.139         }
#23 1.139       ],
#23 1.139       "sha256": "c9c77a611397946e78333d69587c1e9a287ff207b5958b3bcb81630eec958e81"
#23 1.139     },
#23 1.139     "watt/tests/test_static_protected_context_verifier.py": {
#23 1.139       "image_files": [
#23 1.139         {
#23 1.139           "path": "/qualification/tests/test_static_protected_context_verifier.py",
#23 1.139           "sha256": "8e1baf5f932246eb06b1ade7e9705bdc75a08b2341596693fb962a8438fa6967"
#23 1.139         }
#23 1.139       ],
#23 1.139       "sha256": "8e1baf5f932246eb06b1ade7e9705bdc75a08b2341596693fb962a8438fa6967"
#23 1.139     },
#23 1.139     "watt/tests/test_steering_step_sufficiency.py": {
#23 1.139       "image_files": [
#23 1.139         {
#23 1.139           "path": "/qualification/tests/test_steering_step_sufficiency.py",
#23 1.139           "sha256": "6cab50df18115f7d38b2ffa9f5df5fa40ae53c80900d23bad34361accab96875"
#23 1.139         }
#23 1.139       ],
#23 1.139       "sha256": "6cab50df18115f7d38b2ffa9f5df5fa40ae53c80900d23bad34361accab96875"
#23 1.139     },
#23 1.139     "watt/tests/test_wic_fast_reception.py": {
#23 1.156       "image_files": [
#23 1.156         {
#23 1.156           "path": "/qualification/tests/test_wic_fast_reception.py",
#23 1.156           "sha256": "b6decaa836b0368ae3cdec99aa3b3f139811b93934db5f7ff5ca13a847263c1a"
#23 1.156         }
#23 1.156       ],
#23 1.156       "sha256": "b6decaa836b0368ae3cdec99aa3b3f139811b93934db5f7ff5ca13a847263c1a"
#23 1.156     },
#23 1.156     "watt/tests/test_wic_interaction_contracts.py": {
#23 1.156       "image_files": [
#23 1.156         {
#23 1.156           "path": "/qualification/tests/test_wic_interaction_contracts.py",
#23 1.156           "sha256": "0dc01af3ec5f94112a5d59c9639eb6227d731c037db669a5627a6d0523533aa8"
#23 1.156         }
#23 1.156       ],
#23 1.156       "sha256": "0dc01af3ec5f94112a5d59c9639eb6227d731c037db669a5627a6d0523533aa8"
#23 1.156     },
#23 1.156     "watt/tests/test_wic_interaction_strategy.py": {
#23 1.156       "image_files": [
#23 1.156         {
#23 1.156           "path": "/qualification/tests/test_wic_interaction_strategy.py",
#23 1.156           "sha256": "e913bfa17758356a97cac75de54ded01b2d5eeb6aa7952e803b3f10759c1b7e0"
#23 1.156         }
#23 1.156       ],
#23 1.156       "sha256": "e913bfa17758356a97cac75de54ded01b2d5eeb6aa7952e803b3f10759c1b7e0"
#23 1.156     },
#23 1.156     "watt/tests/test_wic_progressive_intelligence.py": {
#23 1.156       "image_files": [
#23 1.156         {
#23 1.156           "path": "/qualification/tests/test_wic_progressive_intelligence.py",
#23 1.156           "sha256": "0f32f170f1ed4e77d10197d9ed574255b59a2ee1750ceb33d1d4bd2238bb9a76"
#23 1.156         }
#23 1.156       ],
#23 1.156       "sha256": "0f32f170f1ed4e77d10197d9ed574255b59a2ee1750ceb33d1d4bd2238bb9a76"
#23 1.156     },
#23 1.156     "watt/tests/test_wic_response_contract_expression.py": {
#23 1.156       "image_files": [
#23 1.156         {
#23 1.156           "path": "/qualification/tests/test_wic_response_contract_expression.py",
#23 1.156           "sha256": "c26e0719f3f8cd839cdbf2631ff818d6bf4ee9482319fa4f2185dbb4e222d6c2"
#23 1.156         }
#23 1.156       ],
#23 1.156       "sha256": "c26e0719f3f8cd839cdbf2631ff818d6bf4ee9482319fa4f2185dbb4e222d6c2"
#23 1.156     },
#23 1.156     "watt/tests/test_wic_response_contract_status.py": {
#23 1.156       "image_files": [
#23 1.156         {
#23 1.156           "path": "/qualification/tests/test_wic_response_contract_status.py",
#23 1.156           "sha256": "0b8170d28a7321e9fb8c7bd2c837124abad8f9fc441f25c2d170b2a7bae9be6c"
#23 1.156         }
#23 1.156       ],
#23 1.156       "sha256": "0b8170d28a7321e9fb8c7bd2c837124abad8f9fc441f25c2d170b2a7bae9be6c"
#23 1.156     },
#23 1.156     "watt/tests/test_wic_side_question_routing.py": {
#23 1.156       "image_files": [
#23 1.156         {
#23 1.156           "path": "/qualification/tests/test_wic_side_question_routing.py",
#23 1.156           "sha256": "b84ebf9e9bd8d9b0f22e813c2e4cd851348223e2f5eebd8d9e8dbb05a925c1d3"
#23 1.156         }
#23 1.156       ],
#23 1.156       "sha256": "b84ebf9e9bd8d9b0f22e813c2e4cd851348223e2f5eebd8d9e8dbb05a925c1d3"
#23 1.156     },
#23 1.156     "watt/uv.lock": {
#23 1.156       "image_files": [
#23 1.156         {
#23 1.156           "path": "/app/uv.lock",
#23 1.156           "sha256": "279fba19bb5a40457739e49408137190d3d6f8e2e7171a273b3e742bae12a038"
#23 1.156         }
#23 1.156       ],
#23 1.156       "sha256": "279fba19bb5a40457739e49408137190d3d6f8e2e7171a273b3e742bae12a038"
#23 1.156     }
#23 1.156   },
#23 1.156   "caller_observed_image_id": null,
#23 1.156   "captured_at_utc": "2026-10-09T11:18:38.199915+00:00",
#23 1.156   "gid": 0,
#23 1.156   "groups": [
#23 1.156     0
#23 1.156   ],
#23 1.156   "manifest_sha256": "b5fe9e48f7f5a0652a0df798e444824d042b2a65425b0c6736365793ef557e3d",
#23 1.156   "not_runtime_or_work_qualification": true,
#23 1.156   "package_versions": {},
#23 1.156   "python": "3.13.16 (main, Oct  1 2026, 21:42:43) [GCC 12.2.0]",
#23 1.156   "schema": "c3-built-image-attestation-v1",
#23 1.156   "scope": "build-inputs-only",
#23 1.156   "sources": {
#23 1.156     "ecf": {
#23 1.156       "revision": "5aa4f8833c359c15bd059eda5972aa3915bcc18c",
#23 1.156       "tree": "878d39d9c259272bb05f2e02bdf9d60c22fad460"
#23 1.156     },
#23 1.156     "ecf-unsupported": {
#23 1.156       "revision": "c6b568d006022e39b95daebedfecfb55e562ebe5",
#23 1.156       "tree": "f102fa082bbd0a1abd827e77d6aa1340db8b83c5"
#23 1.156     },
#23 1.156     "guardian": {
#23 1.156       "revision": "657ee84aa0b38672c1b4bd67ad7a834d96bfcabd",
#23 1.156       "tree": "93903e1843b2f755bdc077c5330372b32cc779b6"
#23 1.156     },
#23 1.156     "watt": {
#23 1.156       "revision": "390fa22ec24cbab33f7feeeef96f0dfec9ce22f2",
#23 1.156       "tree": "2aa36776b786bb088d34f5c082f0a19005944fd4"
#23 1.156     }
#23 1.156   },
#23 1.156   "status": "PASS",
#23 1.156   "uid": 0
#23 1.156 }
#23 1.721 Resolved 65 packages in 5ms
#23 1.730    Building spg-runtime @ file:///app
#23 6.971       Built spg-runtime @ file:///app
#23 7.072 Prepared 1 package in 5.34s
#23 7.099 Uninstalled 1 package in 23ms
#23 7.167 Installed 1 package in 66ms
#23 9.065 Bytecode compiled 3195 files in 1.88s
#23 9.065  ~ spg-runtime==0.1.0 (from file:///app)
#23 11.56 {"actual_package_counts": {"ecf": 5, "guardian": 5, "pytest": null, "spg": 278}, "build_input_count": 1088, "receipt_path": "/opt/c3-build/build-attestation.json", "scope": "actual-installed-imports", "status": "PASS"}
#23 DONE 11.9s

#24 exporting to image
#24 exporting layers
#24 exporting layers 9.5s done
#24 writing image sha256:54355780b7fdd683332b9f9e607b76fcbbfc69f2bf5c42d9a1f888e8acbb4bb3
#24 writing image sha256:54355780b7fdd683332b9f9e607b76fcbbfc69f2bf5c42d9a1f888e8acbb4bb3 done
#24 naming to docker.io/library/watt-c3:390fa22 done
#24 DONE 9.5s
