============================= test session starts ==============================
platform darwin -- Python 3.13.15, pytest-9.1.1, pluggy-1.6.0 -- /Users/yu/Documents/dev/software-production-platform/.venv/bin/python
cachedir: .pytest_cache
rootdir: /Users/yu/Documents/dev/software-production-platform
configfile: pyproject.toml
testpaths: tests
plugins: anyio-4.14.2
collecting ... collected 1607 items

tests/integration/test_authenticated_authority.py::test_server_derives_actor_and_checks_resource_access PASSED [  0%]
tests/integration/test_authenticated_authority.py::test_session_cookie_requires_same_origin_for_governed_post PASSED [  0%]
tests/integration/test_brownfield_native_production_flow.py::test_real_work_task_contract_pwu_native_pe_preview_and_authorization[False] PASSED [  0%]
tests/integration/test_brownfield_native_production_flow.py::test_real_work_task_contract_pwu_native_pe_preview_and_authorization[True] PASSED [  0%]
tests/integration/test_connector_capabilities.py::test_missing_quality_connector_qualifies_and_resumes_same_work PASSED [  0%]
tests/integration/test_connector_capabilities.py::test_work_user_scope_gap_resume_and_external_authority PASSED [  0%]
tests/integration/test_control_room_agreements.py::test_work_agreement_active_abandoned_and_history PASSED [  0%]
tests/integration/test_conversation_context_continuity.py::test_bounded_persisted_dialogue_survives_restart_and_preserves_source_basis PASSED [  0%]
tests/integration/test_dcp2_production_measurement.py::test_dcp2_reconstructs_truthful_measurement_sample_without_mutation PASSED [  0%]
tests/integration/test_dcp2_production_measurement.py::test_dcp2_snapshot_stays_stable_after_execution_state_changes PASSED [  0%]
tests/integration/test_dcp2_production_measurement.py::test_dcp2_query_failure_cannot_create_authority_or_integration PASSED [  0%]
tests/integration/test_dcp2_production_measurement.py::test_p1_q2_parallel_fan_in_economics_and_candidate_lineage PASSED [  0%]
tests/integration/test_dcp2_production_measurement.py::test_p1_q1_product_current_source_advances_from_authorized_runtime_commit PASSED [  0%]
tests/integration/test_external_search_interaction.py::test_explicit_search_uses_connector_and_persists_source_evidence PASSED [  0%]
tests/integration/test_external_search_interaction.py::test_combined_github_web_search_merges_real_provider_shapes_without_duplicate_claims PASSED [  0%]
tests/integration/test_external_search_interaction.py::test_model_search_gap_suppresses_memory_provisional_in_shadow_mode PASSED [  0%]
tests/integration/test_external_search_interaction.py::test_project_research_observation_survives_real_turn_event_persistence[False] PASSED [  1%]
tests/integration/test_external_search_interaction.py::test_project_research_observation_survives_real_turn_event_persistence[True] PASSED [  1%]
tests/integration/test_github_governed_delivery.py::test_github_grant_is_separate_from_delivery_authorization PASSED [  1%]
tests/integration/test_github_governed_delivery.py::test_rotated_github_credential_requires_fresh_permission_observation PASSED [  1%]
tests/integration/test_github_governed_delivery.py::test_p1_q3_connector_disable_health_and_credential_rotation_are_governed PASSED [  1%]
tests/integration/test_github_governed_delivery.py::test_exact_push_observes_remote_and_does_not_repeat_effect PASSED [  1%]
tests/integration/test_github_governed_delivery.py::test_repository_parser_rejects_credentials_and_other_hosts PASSED [  1%]
tests/integration/test_github_governed_delivery.py::test_full_system_profile_blocks_push_without_guardian_owner_decision PASSED [  1%]
tests/integration/test_github_governed_delivery.py::test_private_acquisition_passes_credential_outside_git_arguments PASSED [  1%]
tests/integration/test_managed_git_source.py::test_managed_source_survives_checkout_loss_and_preserves_history PASSED [  1%]
tests/integration/test_managed_git_source.py::test_managed_work_branch_has_its_own_recoverable_exact_history PASSED [  1%]
tests/integration/test_multi_pwu_runtime.py::test_multi_pwu_plan_persists_three_units_and_blocks_join_before_parents PASSED [  1%]
tests/integration/test_multi_pwu_runtime.py::test_serial_baseline_progression_and_replan_preserve_completed_history PASSED [  1%]
tests/integration/test_multi_pwu_runtime.py::test_three_serial_pwus_inherit_exact_verified_predecessor_baselines PASSED [  1%]
tests/integration/test_multi_pwu_runtime.py::test_join_conflict_requires_changed_verified_resolution_tree PASSED [  1%]
tests/integration/test_multi_pwu_runtime.py::test_real_parallel_branch_outputs_join_only_after_verification[pwu:1] PASSED [  1%]
tests/integration/test_multi_pwu_runtime.py::test_real_parallel_branch_outputs_join_only_after_verification[pwu:2] PASSED [  2%]
tests/integration/test_mvp_api.py::test_api_01_health_boots_without_provider_and_api_18_is_safe PASSED [  2%]
tests/integration/test_mvp_api.py::test_p1_q1_product_continues_across_three_distinct_works PASSED [  2%]
tests/integration/test_mvp_api.py::test_p1_q6_operator_diagnosis_identifies_capability_blocker PASSED [  2%]
tests/integration/test_mvp_api.py::test_p1_q8_product_history_survives_new_service_session PASSED [  2%]
tests/integration/test_mvp_api.py::test_p1_q6_operator_probe_detects_unhealthy_candidate_preview PASSED [  2%]
tests/integration/test_mvp_api.py::test_api_02_goal_create_list_and_summary_get PASSED [  2%]
tests/integration/test_mvp_api.py::test_api_03_04_05_06_20_work_submission_projection_and_filters PASSED [  2%]
tests/integration/test_mvp_api.py::test_api_07_08_09_refinement_and_governed_admission PASSED [  2%]
tests/integration/test_mvp_api.py::test_code_draft_contract_is_visible_adjustable_and_admitted_over_http PASSED [  2%]
tests/integration/test_mvp_api.py::test_intake_multilingual_constraint_persists_and_projects PASSED [  2%]
tests/integration/test_mvp_api.py::test_needs_refinement_reject_and_request_refinement_routes PASSED [  2%]
tests/integration/test_mvp_api.py::test_api_10_11_12_15_19_bounded_advance_and_truthful_observation PASSED [  2%]
tests/integration/test_mvp_api.py::test_api_13_14_16_deterministic_http_flow_attention_and_result PASSED [  2%]
tests/integration/test_mvp_api.py::test_orch_01_02_05_08_through_15_deterministic_automatic_flow PASSED [  2%]
tests/integration/test_mvp_api.py::test_api_17_unknown_resources_and_invalid_request_are_stable PASSED [  2%]
tests/integration/test_mvp_api.py::test_work_result_before_execution_does_not_invent_evidence PASSED [  3%]
tests/integration/test_mvp_api.py::test_ui_functional_public_http_smoke_without_provider PASSED [  3%]
tests/integration/test_mvp_app_work_flow.py::test_multi_pwu_work_automatically_starts_both_ready_roots PASSED [  3%]
tests/integration/test_mvp_app_work_flow.py::test_multi_pwu_replan_api_replaces_active_revision_without_widening_scope PASSED [  3%]
tests/integration/test_mvp_app_work_flow.py::test_multi_pwu_terminal_no_output_is_evaluated_and_bounded PASSED [  3%]
tests/integration/test_mvp_app_work_flow.py::test_multi_pwu_work_runs_two_code_units_join_and_human_delivery PASSED [  3%]
tests/integration/test_mvp_app_work_flow.py::test_multi_pwu_semantic_join_conflict_reenters_human_steering PASSED [  3%]
tests/integration/test_mvp_app_work_flow.py::test_orchestration_progress_is_observational_and_allows_unknown_total PASSED [  3%]
tests/integration/test_mvp_app_work_flow.py::test_intake_same_intent_target_propagates_from_approval_through_verification PASSED [  3%]
tests/integration/test_mvp_app_work_flow.py::test_plan_approval_creates_exactly_one_plan_revision_and_one_pwu PASSED [  3%]
tests/integration/test_mvp_app_work_flow.py::test_non_single_pwu_fit_creates_no_executable_runtime[Rewrite the whole entire platform and all systems-NEEDS_REFINEMENT] PASSED [  3%]
tests/integration/test_mvp_app_work_flow.py::test_non_single_pwu_fit_creates_no_executable_runtime[Use independently governed sequential production with a successor baseline-MULTI_PWU_REQUIRED] PASSED [  3%]
tests/integration/test_mvp_app_work_flow.py::test_intake_human_override_replaces_proposal_before_approval PASSED [  3%]
tests/integration/test_mvp_app_work_flow.py::test_code_01_02_07_08_09_10_11_13_15_17_18_20_21_happy_path PASSED [  3%]
tests/integration/test_mvp_app_work_flow.py::test_code_12_13_14_19_20_unauthorized_path_fails_without_candidate PASSED [  3%]
tests/integration/test_mvp_app_work_flow.py::test_code_13_15_17_19_20_targeted_pytest_failure_prevents_candidate PASSED [  3%]
tests/integration/test_mvp_app_work_flow.py::test_node_07_08_09_10_12_node_result_aggregates_without_changing_completion[localStorage-PASS-True] PASSED [  4%]
tests/integration/test_mvp_app_work_flow.py::test_node_07_08_09_10_12_node_result_aggregates_without_changing_completion[sessionStorage-FAIL-False] PASSED [  4%]
tests/integration/test_mvp_app_work_flow.py::test_failed_native_style_dispatch_with_untrusted_artifacts_can_retry PASSED [  4%]
tests/integration/test_mvp_app_work_flow.py::test_refcode_03_04_15_16_17_human_edits_proposal_then_admits_contract PASSED [  4%]
tests/integration/test_mvp_app_work_flow.py::test_refcode_14_stale_proposal_cannot_be_admitted PASSED [  4%]
tests/integration/test_mvp_app_work_flow.py::test_mvp_app_migration_downgrade_and_reupgrade PASSED [  4%]
tests/integration/test_mvp_app_work_flow.py::test_work_01_goal_exists_independently_and_work_21_goal_projection PASSED [  4%]
tests/integration/test_mvp_app_work_flow.py::test_work_02_work_without_goal_and_work_20_history_is_independent PASSED [  4%]
tests/integration/test_mvp_app_work_flow.py::test_work_03_and_08_work_is_not_resource_or_project PASSED [  4%]
tests/integration/test_mvp_app_work_flow.py::test_work_04_raw_request_is_source_and_work_05_tags_are_mutable PASSED [  4%]
tests/integration/test_mvp_app_work_flow.py::test_work_06_scope_binding_work_07_policy_and_work_22_structural_many PASSED [  4%]
tests/integration/test_mvp_app_work_flow.py::test_work_09_one_pwu_work_12_admission_and_work_23_resource_binding PASSED [  4%]
tests/integration/test_mvp_app_work_flow.py::test_work_10_broad_work_requires_refinement PASSED [  4%]
tests/integration/test_mvp_app_work_flow.py::test_work_11_draft_cannot_execute_and_work_13_projection_is_not_authority PASSED [  4%]
tests/integration/test_mvp_app_work_flow.py::test_work_14_15_18_24_provider_report_is_not_completion PASSED [  4%]
tests/integration/test_mvp_app_work_flow.py::test_stopped_unknown_none_reality_remains_system_owned_without_false_attention PASSED [  4%]
tests/integration/test_mvp_app_work_flow.py::test_work_16_attention_and_work_17_authority_delegation PASSED [  5%]
tests/integration/test_mvp_app_work_flow.py::test_work_19_result_projection_does_not_invent_evidence PASSED [  5%]
tests/integration/test_mvp_long_lived_work_admission.py::test_steer_admit_01_02_03_04_06_08_12_15_dogfood_envelope_admission PASSED [  5%]
tests/integration/test_mvp_long_lived_work_admission.py::test_steer_admit_05_provider_neutral_initial_semantic_steps[Explore and clarify the bounded status feedback direction for Watt-REFINE] PASSED [  5%]
tests/integration/test_mvp_long_lived_work_admission.py::test_steer_admit_05_provider_neutral_initial_semantic_steps[A material product direction requires human decision before implementation-HUMAN_DECISION] PASSED [  5%]
tests/integration/test_mvp_long_lived_work_admission.py::test_steer_admit_07_produce_forms_plan_1b_contract_and_one_cycle PASSED [  5%]
tests/integration/test_mvp_long_lived_work_admission.py::test_steer_admit_05_07_bounded_contract_forms_only_at_produce PASSED [  5%]
tests/integration/test_mvp_long_lived_work_admission.py::test_steer_admit_09_10_authority_expansion_stops_before_runtime PASSED [  5%]
tests/integration/test_mvp_long_lived_work_admission.py::test_steer_admit_11_13_legacy_path_still_precreates_one_cycle PASSED [  5%]
tests/integration/test_mvp_long_lived_work_admission.py::test_steer_admit_16_real_http_approval_bootstraps_plan PASSED [  5%]
tests/integration/test_mvp_long_lived_work_admission.py::test_steer_act_01_02_03_04_06_09_10_16_all_admission_paths_auto_activate[dedicated] PASSED [  5%]
tests/integration/test_mvp_long_lived_work_admission.py::test_steer_act_01_02_03_04_06_09_10_16_all_admission_paths_auto_activate[attention] PASSED [  5%]
tests/integration/test_mvp_long_lived_work_admission.py::test_steer_act_07_08_14_repeated_activation_is_idempotent_and_single_active PASSED [  5%]
tests/integration/test_mvp_long_lived_work_admission.py::test_steer_act_11_12_startup_repairs_interrupted_admission_once PASSED [  5%]
tests/integration/test_mvp_long_lived_work_admission.py::test_repository_acquisition_guard_blocks_activation_and_startup_bootstrap PASSED [  5%]
tests/integration/test_mvp_long_lived_work_admission.py::test_steer_act_13_activation_failures_never_fall_through_to_orch PASSED [  5%]
tests/integration/test_mvp_long_lived_work_admission.py::test_steer_act_05_15_immediate_production_still_uses_orch PASSED [  6%]
tests/integration/test_mvp_long_lived_work_admission.py::test_steer_admit_13_migration_preserves_historical_work_as_immediate PASSED [  6%]
tests/integration/test_mvp_plan_steering_truth.py::test_steer_truth_03_through_14_and_reconstruction PASSED [  6%]
tests/integration/test_mvp_plan_steering_truth.py::test_stale_decision_and_multiple_current_steps_are_rejected PASSED [  6%]
tests/integration/test_mvp_plan_steering_truth.py::test_steer_truth_15_16_legacy_work_remains_one_cycle_compatible PASSED [  6%]
tests/integration/test_mvp_plan_steering_truth.py::test_steer_dec_01_through_09_plan_frame_candidate_and_admission PASSED [  6%]
tests/integration/test_mvp_plan_steering_truth.py::test_steer_dec_07_stale_candidate_after_material_revision_is_rejected PASSED [  6%]
tests/integration/test_mvp_plan_steering_truth.py::test_steer_dec_10_through_14_human_attention_is_typed_and_projected[MOTIVE_OR_OUTCOME_AMBIGUITY] PASSED [  6%]
tests/integration/test_mvp_plan_steering_truth.py::test_steer_dec_10_through_14_human_attention_is_typed_and_projected[MAJOR_PRODUCT_OR_ARCHITECTURE_DECISION] PASSED [  6%]
tests/integration/test_mvp_plan_steering_truth.py::test_steer_dec_10_through_14_human_attention_is_typed_and_projected[SCOPE_OR_AUTHORITY_EXPANSION] PASSED [  6%]
tests/integration/test_mvp_plan_steering_truth.py::test_steer_dec_10_through_14_human_attention_is_typed_and_projected[MATERIAL_RISK_OR_COST_DECISION] PASSED [  6%]
tests/integration/test_mvp_plan_steering_truth.py::test_steer_dec_10_through_14_human_attention_is_typed_and_projected[PRODUCT_ACCEPTANCE_REQUIRED] PASSED [  6%]
tests/integration/test_mvp_plan_steering_truth.py::test_steer_dec_10_through_14_human_attention_is_typed_and_projected[PRODUCTION_PROPOSAL_REVIEW_REQUIRED] PASSED [  6%]
tests/integration/test_mvp_plan_steering_truth.py::test_admitted_semantic_question_is_the_actionable_steering_prompt PASSED [  6%]
tests/integration/test_mvp_plan_steering_truth.py::test_steer_dec_09_bounded_defect_does_not_ask_human_to_continue PASSED [  6%]
tests/integration/test_mvp_plan_steering_truth.py::test_steer_dec_15_complete_decision_uses_persisted_evidence_without_closing_work PASSED [  6%]
tests/integration/test_mvp_plan_steering_truth.py::test_steering_decision_migration_downgrade_and_reupgrade PASSED [  7%]
tests/integration/test_mvp_plan_steering_truth.py::test_steer_spg_01_through_16_two_independent_cycles_and_completion PASSED [  7%]
tests/integration/test_mvp_plan_steering_truth.py::test_steer_spg_authority_expansion_stops_before_runtime_creation PASSED [  7%]
tests/integration/test_mvp_plan_steering_truth.py::test_steer_spg_failed_second_cycle_stays_open_without_retry PASSED [  7%]
tests/integration/test_mvp_plan_steering_truth.py::test_steering_reactivates_bounded_orch_without_human_continue PASSED [  7%]
tests/integration/test_mvp_plan_steering_truth.py::test_steer_loop_auto_continues_two_cycles_across_restart_and_projects_api PASSED [  7%]
tests/integration/test_mvp_plan_steering_truth.py::test_steer_loop_human_attention_stops_then_plan_revision_reenables PASSED [  7%]
tests/integration/test_mvp_plan_steering_truth.py::test_steer_loop_verify_accept_without_evidence_requests_product_acceptance PASSED [  7%]
tests/integration/test_mvp_plan_steering_truth.py::test_steer_loop_no_progress_and_transition_bound_are_typed PASSED [  7%]
tests/integration/test_mvp_plan_steering_truth.py::test_steering_migration_downgrade_and_reupgrade PASSED [  7%]
tests/integration/test_mvp_plan_steering_truth.py::test_steering_production_cycle_migration_preserves_legacy_binding PASSED [  7%]
tests/integration/test_mvp_semantic_step_execution.py::test_sem_01_03_04_05_06_08_09_10_12_14_15_real_product_path PASSED [  7%]
tests/integration/test_mvp_semantic_step_execution.py::test_sem_01_06_design_cannot_transition_without_governed_result PASSED [  7%]
tests/integration/test_mvp_semantic_step_execution.py::test_sem_02_06_13_refine_requires_governed_result PASSED [  7%]
tests/integration/test_mvp_semantic_step_execution.py::test_retryable_semantic_provider_failure_waits_and_resumes_automatically PASSED [  7%]
tests/integration/test_mvp_semantic_step_execution.py::test_repeated_steering_provider_failure_converges_to_durable_escalation PASSED [  7%]
tests/integration/test_mvp_semantic_step_execution.py::test_production_infrastructure_stop_is_durable_work_incident PASSED [  8%]
tests/integration/test_mvp_semantic_step_execution.py::test_terminal_production_failure_requires_durable_diagnostic_attention PASSED [  8%]
tests/integration/test_mvp_semantic_step_execution.py::test_sem_07_stale_semantic_candidate_is_rejected PASSED [  8%]
tests/integration/test_mvp_semantic_step_execution.py::test_semantic_admission_conflict_refines_once_on_same_basis_and_records_routine PASSED [  8%]
tests/integration/test_mvp_semantic_step_execution.py::test_semantic_authority_expansion_does_not_receive_automatic_refinement PASSED [  8%]
tests/integration/test_mvp_semantic_step_execution.py::test_semantic_nonconvergence_stops_after_one_feedback_and_retains_diagnostics PASSED [  8%]
tests/integration/test_mvp_semantic_step_execution.py::test_sem_13_derived_constraint_cannot_silently_expand_work_authority PASSED [  8%]
tests/integration/test_mvp_semantic_step_execution.py::test_sem_11_authority_expansion_stops_before_runtime PASSED [  8%]
tests/integration/test_mvp_semantic_step_execution.py::test_sem_16_provider_wording_and_identity_do_not_define_material_direction PASSED [  8%]
tests/integration/test_mvp_semantic_step_execution.py::test_sem_03_real_adapter_rejects_unstructured_provider_prose PASSED [  8%]
tests/integration/test_mvp_semantic_step_execution.py::test_sem_schema_03_04_05_06_15_dogfood_4_malformed_shapes_remain_rejected PASSED [  8%]
tests/integration/test_mvp_semantic_step_execution.py::test_semantic_result_migration_downgrade_and_reupgrade PASSED [  8%]
tests/integration/test_mvp_semantic_step_execution.py::test_work_nonconvergence_is_durable_human_attention_not_idle PASSED [  8%]
tests/integration/test_mvp_semantic_step_execution.py::test_preview_terminal_owner_failure_stops_only_matching_candidate[True] PASSED [  8%]
tests/integration/test_mvp_semantic_step_execution.py::test_preview_terminal_owner_failure_stops_only_matching_candidate[False] PASSED [  8%]
tests/integration/test_mvp_semantic_step_execution.py::test_exhausted_semantic_validation_is_work_incident PASSED [  8%]
tests/integration/test_native_executor_runtime.py::test_native_migration_is_additive_and_at_head PASSED [  9%]
tests/integration/test_native_executor_runtime.py::test_contract_content_lookup_reuses_the_existing_pwu_version PASSED [  9%]
tests/integration/test_native_executor_runtime.py::test_checkpoint_schema_migration_round_trip_preserves_existing_bundle PASSED [  9%]
tests/integration/test_native_executor_runtime.py::test_successor_attempt_does_not_inherit_previous_attempt_checkpoint PASSED [  9%]
tests/integration/test_native_executor_runtime.py::test_admission_allocation_checkpoint_and_result_ready_are_durable PASSED [  9%]
tests/integration/test_native_executor_runtime.py::test_command_idempotency_rejects_changed_semantics PASSED [  9%]
tests/integration/test_native_executor_runtime.py::test_multi_repository_vector_preserves_partial_reality_and_commits_atomically PASSED [  9%]
tests/integration/test_native_executor_runtime.py::test_workspace_hibernation_respects_pins_and_restores_verified_bundle PASSED [  9%]
tests/integration/test_native_executor_runtime.py::test_lost_workspace_restores_only_from_verified_bundle_into_successor PASSED [  9%]
tests/integration/test_native_executor_runtime.py::test_lost_workspace_without_complete_bundle_fails_recovery_promise PASSED [  9%]
tests/integration/test_native_executor_runtime.py::test_hundred_round_allocation_race_never_double_grants PASSED [  9%]
tests/integration/test_native_executor_runtime.py::test_expired_worker_before_any_step_restarts_same_attempt_with_new_epoch PASSED [  9%]
tests/integration/test_native_executor_runtime.py::test_repeated_settled_worker_loss_is_bounded_without_human_authority_expansion PASSED [  9%]
tests/integration/test_native_executor_runtime.py::test_expired_worker_with_unresolved_effect_is_fenced_unknown PASSED [  9%]
tests/integration/test_native_executor_runtime.py::test_expired_worker_during_inference_preserves_checkpoint_and_unknown_usage PASSED [  9%]
tests/integration/test_native_executor_runtime.py::test_receipt_before_checkpoint_is_rehydrated_without_replaying_effect PASSED [  9%]
tests/integration/test_native_executor_runtime.py::test_provider_capacity_wait_releases_worker_and_requeues_after_backoff PASSED [ 10%]
tests/integration/test_native_executor_runtime.py::test_self_refine_records_failure_repair_and_verified_resume PASSED [ 10%]
tests/integration/test_native_executor_runtime.py::test_routine_refinement_recurrence_promotes_economic_signal_without_incident PASSED [ 10%]
tests/integration/test_native_executor_runtime.py::test_changed_reality_supersedes_refinement_without_false_incident PASSED [ 10%]
tests/integration/test_native_executor_runtime.py::test_human_escalation_metric_requires_explicit_human_boundary PASSED [ 10%]
tests/integration/test_native_executor_runtime.py::test_legacy_refinement_row_keeps_historical_incident_meaning PASSED [ 10%]
tests/integration/test_native_executor_runtime.py::test_refinement_semantic_migration_preserves_preexisting_failure_record PASSED [ 10%]
tests/integration/test_native_executor_runtime.py::test_self_refine_api_filters_by_semantic_class_without_rewriting_records PASSED [ 10%]
tests/integration/test_native_executor_runtime.py::test_self_converge_stops_repeated_unchanged_failure PASSED [ 10%]
tests/integration/test_native_executor_runtime.py::test_transient_health_noise_resolves_without_self_refine PASSED [ 10%]
tests/integration/test_native_executor_runtime.py::test_stable_health_failure_is_confirmed_before_self_refine PASSED [ 10%]
tests/integration/test_native_executor_runtime.py::test_authoritative_git_mismatch_is_confirmed_without_debounce PASSED [ 10%]
tests/integration/test_native_executor_runtime.py::test_adaptive_repair_budget_uses_scope_risk_and_observed_token_usage PASSED [ 10%]
tests/integration/test_native_executor_runtime.py::test_explicit_business_oracle_repairs_verifies_and_resumes_without_human[admitted_assertion] PASSED [ 10%]
tests/integration/test_native_executor_runtime.py::test_explicit_business_oracle_repairs_verifies_and_resumes_without_human[capability_no_effect] PASSED [ 10%]
tests/integration/test_native_executor_runtime.py::test_ambiguous_business_truth_escalates_without_code_mutation PASSED [ 10%]
tests/integration/test_native_executor_runtime.py::test_queue_without_live_compatible_worker_becomes_truthful_and_recovers PASSED [ 11%]
tests/integration/test_native_executor_runtime.py::test_live_busy_worker_is_real_capacity_wait_and_release_advances_next_item PASSED [ 11%]
tests/integration/test_native_executor_runtime.py::test_two_ready_pwus_of_one_work_receive_distinct_concurrent_worker_leases PASSED [ 11%]
tests/integration/test_native_executor_runtime.py::test_retryable_provider_failure_stops_at_adaptive_small_task_budget PASSED [ 11%]
tests/integration/test_native_executor_runtime.py::test_event_replay_uses_monotonic_pwu_sequence PASSED [ 11%]
tests/integration/test_native_executor_runtime.py::test_slow_subscriber_replay_is_bounded_and_loses_no_milestone PASSED [ 11%]
tests/integration/test_native_executor_runtime.py::test_outbox_replays_same_event_after_publish_before_ack_crash PASSED [ 11%]
tests/integration/test_native_executor_runtime.py::test_inference_resource_reservation_is_settled_with_durable_evidence PASSED [ 11%]
tests/integration/test_native_executor_runtime.py::test_structural_decision_repair_is_durable_and_recovers_same_attempt PASSED [ 11%]
tests/integration/test_native_executor_runtime.py::test_failed_verification_effect_creates_safe_self_refine_evidence PASSED [ 11%]
tests/integration/test_native_executor_runtime.py::test_compiler_diagnostic_requires_source_evidence_before_bounded_repair[build.run-README.md] PASSED [ 11%]
tests/integration/test_native_executor_runtime.py::test_compiler_diagnostic_requires_source_evidence_before_bounded_repair[build.run-UPDATE:README.md] PASSED [ 11%]
tests/integration/test_native_executor_runtime.py::test_compiler_diagnostic_requires_source_evidence_before_bounded_repair[process.run-README.md] PASSED [ 11%]
tests/integration/test_native_executor_runtime.py::test_compiler_diagnostic_requires_source_evidence_before_bounded_repair[process.run-UPDATE:README.md] PASSED [ 11%]
tests/integration/test_native_executor_runtime.py::test_inference_transport_failure_persists_safe_structured_diagnostics PASSED [ 11%]
tests/integration/test_native_executor_runtime.py::test_pwu_resource_pool_does_not_reset_or_double_debit PASSED [ 11%]
tests/integration/test_native_executor_runtime.py::test_cancel_before_allocation_releases_grant_and_prevents_execution PASSED [ 12%]
tests/integration/test_native_executor_runtime.py::test_running_pause_is_requested_before_it_is_safely_applied PASSED [ 12%]
tests/integration/test_native_executor_runtime.py::test_session_fork_binds_exact_checkpoint_and_close_does_not_complete_pwu PASSED [ 12%]
tests/integration/test_owner_default_wiring.py::test_required_owner_runtime_reobserves_superseded_repository_across_sessions PASSED [ 12%]
tests/integration/test_p1_brownfield_product.py::test_acquired_repository_creates_and_reuses_owner_product PASSED [ 12%]
tests/integration/test_p1_brownfield_product.py::test_research_intake_observes_exact_source_without_work_or_source_mutation PASSED [ 12%]
tests/integration/test_p1_brownfield_product.py::test_p1_q4_brownfield_intake_product_work_and_delivery_boundary PASSED [ 12%]
tests/integration/test_p1_schema_hygiene.py::test_p1_q9_upgrade_p0_schema_preserves_work_and_alembic_check_passes PASSED [ 12%]
tests/integration/test_postgresql_persistence.py::test_db_01_connectivity PASSED [ 12%]
tests/integration/test_postgresql_persistence.py::test_db_02_transaction_commit PASSED [ 12%]
tests/integration/test_postgresql_persistence.py::test_db_03_transaction_rollback PASSED [ 12%]
tests/integration/test_postgresql_persistence.py::test_db_04_local_atomicity PASSED [ 12%]
tests/integration/test_postgresql_persistence.py::test_db_05_optimistic_version_success PASSED [ 12%]
tests/integration/test_postgresql_persistence.py::test_db_06_optimistic_version_conflict PASSED [ 12%]
tests/integration/test_postgresql_persistence.py::test_alembic_environment_reports_s1c_migration_head PASSED [ 12%]
tests/integration/test_preview_namespace.py::test_verifier_uses_gateway_namespace_and_rejects_redirect PASSED [ 12%]
tests/integration/test_runtime_spine.py::test_rs_01_migration_upgrade_creates_exact_s1c_schema PASSED [ 13%]
tests/integration/test_runtime_spine.py::test_rs_02_migration_downgrade_and_reupgrade PASSED [ 13%]
tests/integration/test_runtime_spine.py::test_rs_03_explicit_bootstrap_records_exact_revision_and_authority PASSED [ 13%]
tests/integration/test_runtime_spine.py::test_rs_04_bootstrap_is_atomic_on_injected_failure PASSED [ 13%]
tests/integration/test_runtime_spine.py::test_rs_05_bootstrap_is_single_initialization_and_preserves_b0 PASSED [ 13%]
tests/integration/test_runtime_spine.py::test_rs_06_baseline_is_not_a_dynamic_git_head_alias PASSED [ 13%]
tests/integration/test_runtime_spine.py::test_rs_07_run_binds_intent_baseline_and_documentation_horizon PASSED [ 13%]
tests/integration/test_runtime_spine.py::test_rs_08_initial_plan_is_revision_one_and_schema_enforces_uniqueness PASSED [ 13%]
tests/integration/test_runtime_spine.py::test_rs_09_pwu_binds_spine_and_durable_completion_contract PASSED [ 13%]
tests/integration/test_runtime_spine.py::test_rs_10_documentation_runtime_spine_has_no_code_artifact_dependency PASSED [ 13%]
tests/integration/test_runtime_spine.py::test_rs_11_initial_run_construction_is_atomic_and_preserves_prior_history PASSED [ 13%]
tests/integration/test_runtime_spine.py::test_rs_12_attempt_has_independent_identity_and_exact_bindings PASSED [ 13%]
tests/integration/test_runtime_spine.py::test_rs_13_retry_creates_new_identity_and_generation_lineage PASSED [ 13%]
tests/integration/test_runtime_spine.py::test_rs_14_retry_does_not_rewrite_historical_attempt PASSED [ 13%]
tests/integration/test_runtime_spine.py::test_rs_15_stale_generation_detection_and_retry_guard PASSED [ 13%]
tests/integration/test_runtime_spine.py::test_rs_16_transition_history_explains_material_creations PASSED [ 13%]
tests/integration/test_runtime_spine.py::test_rs_17_baseline_pointer_has_optimistic_version_foundation PASSED [ 14%]
tests/integration/test_runtime_spine.py::test_s1c_cli_explicitly_bootstraps_creates_and_inspects_run PASSED [ 14%]
tests/integration/test_s2a_preparation.py::test_s2a_migration_downgrade_and_reupgrade PASSED [ 14%]
tests/integration/test_s2a_preparation.py::test_s2a_01_context_package_uses_exact_baseline_not_advanced_head PASSED [ 14%]
tests/integration/test_s2a_preparation.py::test_s2a_02_dirty_working_tree_does_not_contaminate_context PASSED [ 14%]
tests/integration/test_s2a_preparation.py::test_s2a_04_context_package_versions_are_immutable_and_idempotent PASSED [ 14%]
tests/integration/test_s2a_preparation.py::test_s2a_05_completion_contract_fingerprint_is_exactly_bound PASSED [ 14%]
tests/integration/test_s2a_preparation.py::test_s2a_06_preparation_persists_provider_neutral_executor_binding PASSED [ 14%]
tests/integration/test_s2a_preparation.py::test_s2a_07_worktree_starts_at_exact_source_baseline PASSED [ 14%]
tests/integration/test_s2a_preparation.py::test_s2a_08_retry_attempts_use_distinct_mutable_workspaces PASSED [ 14%]
tests/integration/test_s2a_preparation.py::test_s2a_09_worktree_preparation_and_mutation_do_not_advance_ref PASSED [ 14%]
tests/integration/test_s2a_preparation.py::test_s2a_10_duplicate_preparation_reconciles_one_binding PASSED [ 14%]
tests/integration/test_s2a_preparation.py::test_s2a_11_prepared_request_has_all_exact_bindings PASSED [ 14%]
tests/integration/test_s2a_preparation.py::test_s2a_12_missing_context_rejects_without_false_readiness PASSED [ 14%]
tests/integration/test_s2a_preparation.py::test_s2a_13_stale_generation_cannot_be_prepared PASSED [ 14%]
tests/integration/test_s2a_preparation.py::test_s2a_14_mismatched_plan_binding_is_rejected_not_rebound PASSED [ 14%]
tests/integration/test_s2a_preparation.py::test_s2a_15_preparation_has_no_executor_dispatch_path PASSED [ 14%]
tests/integration/test_s2a_preparation.py::test_s2a_16_workspace_before_db_failure_is_reconciled_safely PASSED [ 15%]
tests/integration/test_s2a_preparation.py::test_s2a_17_preparation_history_is_durable_without_attempt_rewrite PASSED [ 15%]
tests/integration/test_s2a_preparation.py::test_s2a_18_s1_spine_remains_intact_after_preparation PASSED [ 15%]
tests/integration/test_s2b_execution_observation.py::test_s2b_migration_downgrade_and_reupgrade PASSED [ 15%]
tests/integration/test_s2b_execution_observation.py::test_s2b_01_prepared_attempt_required PASSED [ 15%]
tests/integration/test_s2b_execution_observation.py::test_s2b_02_current_generation_required PASSED [ 15%]
tests/integration/test_s2b_execution_observation.py::test_s2b_03_dispatch_is_durable_before_provider_work PASSED [ 15%]
tests/integration/test_s2b_execution_observation.py::test_s2b_04_deterministic_successful_execution PASSED [ 15%]
tests/integration/test_s2b_execution_observation.py::test_s2b_05_provider_success_has_no_completion_authority PASSED [ 15%]
tests/integration/test_s2b_execution_observation.py::test_s2b_06_observation_is_independent_from_provider_prose PASSED [ 15%]
tests/integration/test_s2b_execution_observation.py::test_s2b_07_added_artifact_has_exact_observed_fingerprint PASSED [ 15%]
tests/integration/test_s2b_execution_observation.py::test_s2b_08_modified_artifact_compares_exact_source_baseline PASSED [ 15%]
tests/integration/test_s2b_execution_observation.py::test_s2b_09_deleted_artifact_preserves_prior_identity PASSED [ 15%]
tests/integration/test_s2b_execution_observation.py::test_s2b_10_execution_and_observation_protect_authoritative_ref PASSED [ 15%]
tests/integration/test_s2b_execution_observation.py::test_s2b_11_work_product_reference_preserves_exact_lineage PASSED [ 15%]
tests/integration/test_s2b_execution_observation.py::test_s2b_12_false_success_is_factual_without_completion_judgment PASSED [ 15%]
tests/integration/test_s2b_execution_observation.py::test_s2b_13_provider_failure_preserves_real_artifact_changes PASSED [ 16%]
tests/integration/test_s2b_execution_observation.py::test_s2b_14_unrelated_success_preserves_only_observed_change PASSED [ 16%]
tests/integration/test_s2b_execution_observation.py::test_s2b_15_no_change_is_a_durable_observation PASSED [ 16%]
tests/integration/test_s2b_execution_observation.py::test_s2b_16_duplicate_normal_dispatch_is_rejected PASSED [ 16%]
tests/integration/test_s2b_execution_observation.py::test_s2b_17_stale_post_execution_facts_remain_history PASSED [ 16%]
tests/integration/test_s2b_execution_observation.py::test_s2b_18_execution_has_no_completion_or_later_stage_path PASSED [ 16%]
tests/integration/test_s2b_execution_observation.py::test_s2b_19_observation_idempotency_is_deterministic PASSED [ 16%]
tests/integration/test_s3a_completion_evaluation.py::test_s3a_migration_downgrade_and_reupgrade PASSED [ 16%]
tests/integration/test_s3a_completion_evaluation.py::test_s3a_01_exact_completion_basis PASSED [ 16%]
tests/integration/test_s3a_completion_evaluation.py::test_s3a_02_required_artifact_pass PASSED [ 16%]
tests/integration/test_s3a_completion_evaluation.py::test_s3a_03_missing_required_artifact PASSED [ 16%]
tests/integration/test_s3a_completion_evaluation.py::test_s3a_04_unrelated_success PASSED [ 16%]
tests/integration/test_s3a_completion_evaluation.py::test_s3a_05_no_change_success PASSED [ 16%]
tests/integration/test_s3a_completion_evaluation.py::test_s3a_06_provider_failure_with_required_output PASSED [ 16%]
tests/integration/test_s3a_completion_evaluation.py::test_s3a_07_required_change_evaluation PASSED [ 16%]
tests/integration/test_s3a_completion_evaluation.py::test_s3a_08_required_marker_evaluation PASSED [ 16%]
tests/integration/test_s3a_completion_evaluation.py::test_s3a_09_observation_drift_rejects_marker_evaluation PASSED [ 17%]
tests/integration/test_s3a_completion_evaluation.py::test_s3a_10_forbidden_change_blocks_produced PASSED [ 17%]
tests/integration/test_s3a_completion_evaluation.py::test_s3a_11_multiple_output_obligations_require_all PASSED [ 17%]
tests/integration/test_s3a_completion_evaluation.py::test_s3a_12_verification_obligations_are_excluded PASSED [ 17%]
tests/integration/test_s3a_completion_evaluation.py::test_s3a_13_evaluation_immutability PASSED [ 17%]
tests/integration/test_s3a_completion_evaluation.py::test_s3a_14_evaluation_idempotency PASSED [ 17%]
tests/integration/test_s3a_completion_evaluation.py::test_s3a_15_new_observation_creates_new_evaluation PASSED [ 17%]
tests/integration/test_s3a_completion_evaluation.py::test_in_flight_retry_from_legacy_produced_pwu_can_complete_without_rewriting_history PASSED [ 17%]
tests/integration/test_s3a_completion_evaluation.py::test_s3a_16_stale_generation_cannot_produce_current_pwu PASSED [ 17%]
tests/integration/test_s3a_completion_evaluation.py::test_s3a_17_produced_is_not_satisfied PASSED [ 17%]
tests/integration/test_s3a_completion_evaluation.py::test_s3a_18_atomic_produced_mutation PASSED [ 17%]
tests/integration/test_s3a_completion_evaluation.py::test_s3a_19_optimistic_concurrency PASSED [ 17%]
tests/integration/test_s3a_completion_evaluation.py::test_s3a_20_non_code_documentation_production PASSED [ 17%]
tests/integration/test_s3a_completion_evaluation.py::test_s3a_21_no_guardian_or_verification_leakage PASSED [ 17%]
tests/integration/test_s3a_completion_evaluation.py::test_s3a_22_existing_s1_s2_regression_contracts_remain PASSED [ 17%]
tests/integration/test_s3b_verification_satisfaction.py::test_s3b_migration_downgrade_and_reupgrade PASSED [ 17%]
tests/integration/test_s3b_verification_satisfaction.py::test_s3b_01_produced_required PASSED [ 18%]
tests/integration/test_s3b_verification_satisfaction.py::test_s3b_02_exact_proposed_snapshot PASSED [ 18%]
tests/integration/test_s3b_verification_satisfaction.py::test_s3b_03_snapshot_does_not_advance_ref PASSED [ 18%]
tests/integration/test_s3b_verification_satisfaction.py::test_s3b_04_workspace_drift_rejects_snapshot PASSED [ 18%]
tests/integration/test_s3b_verification_satisfaction.py::test_s3b_05_snapshot_immutability PASSED [ 18%]
tests/integration/test_s3b_verification_satisfaction.py::test_s3b_06_verification_exact_subject PASSED [ 18%]
tests/integration/test_s3b_verification_satisfaction.py::test_s3b_07_deterministic_verification_pass PASSED [ 18%]
tests/integration/test_s3b_verification_satisfaction.py::test_s3b_08_deterministic_verification_fail PASSED [ 18%]
tests/integration/test_s3b_verification_satisfaction.py::test_s3b_09_verification_unknown PASSED [ 18%]
tests/integration/test_s3b_verification_satisfaction.py::test_s3b_10_missing_verification_blocks_satisfaction PASSED [ 18%]
tests/integration/test_s3b_verification_satisfaction.py::test_s3b_11_result_and_applicability_are_separate PASSED [ 18%]
tests/integration/test_s3b_verification_satisfaction.py::test_s3b_12_old_snapshot_pass_cannot_satisfy_new_snapshot PASSED [ 18%]
tests/integration/test_s3b_verification_satisfaction.py::test_s3b_13_wrong_plan_or_baseline_evidence_rejected PASSED [ 18%]
tests/integration/test_s3b_verification_satisfaction.py::test_s3b_14_all_required_verifications_are_required PASSED [ 18%]
tests/integration/test_s3b_verification_satisfaction.py::test_s3b_15_produced_and_all_pass_becomes_satisfied PASSED [ 18%]
tests/integration/test_s3b_verification_satisfaction.py::test_s3b_16_produced_does_not_imply_satisfied PASSED [ 18%]
tests/integration/test_s3b_verification_satisfaction.py::test_s3b_17_executor_provider_success_has_no_satisfaction_authority PASSED [ 19%]
tests/integration/test_s3b_verification_satisfaction.py::test_s3b_18_satisfaction_atomicity PASSED [ 19%]
tests/integration/test_s3b_verification_satisfaction.py::test_s3b_19_satisfaction_optimistic_concurrency PASSED [ 19%]
tests/integration/test_s3b_verification_satisfaction.py::test_s3b_20_stale_production_lineage_cannot_satisfy PASSED [ 19%]
tests/integration/test_s3b_verification_satisfaction.py::test_s3b_21_satisfaction_creates_no_candidate PASSED [ 19%]
tests/integration/test_s3b_verification_satisfaction.py::test_s3b_22_no_repository_integration_or_ref_movement PASSED [ 19%]
tests/integration/test_s3b_verification_satisfaction.py::test_s3b_23_documentation_horizon_can_be_satisfied PASSED [ 19%]
tests/integration/test_s3b_verification_satisfaction.py::test_s3b_24_verification_provider_remains_replaceable PASSED [ 19%]
tests/integration/test_s3b_verification_satisfaction.py::test_s3b_25_no_trust_score PASSED [ 19%]
tests/integration/test_s3b_verification_satisfaction.py::test_s3b_26_verification_idempotency_and_history PASSED [ 19%]
tests/integration/test_s3b_verification_satisfaction.py::test_s3b_27_existing_regression_contracts_remain PASSED [ 19%]
tests/integration/test_s3c_candidate_governance.py::test_s3c_migration_downgrade_and_reupgrade PASSED [ 19%]
tests/integration/test_s3c_candidate_governance.py::test_s3c_01_satisfied_pwu_required PASSED [ 19%]
tests/integration/test_s3c_candidate_governance.py::test_s3c_02_exact_candidate_basis PASSED [ 19%]
tests/integration/test_s3c_candidate_governance.py::test_s3c_03_candidate_binds_snapshot_commit_tree PASSED [ 19%]
tests/integration/test_s3c_candidate_governance.py::test_s3c_04_candidate_binds_plan_and_source_baseline PASSED [ 19%]
tests/integration/test_s3c_candidate_governance.py::test_s3c_05_candidate_binds_verification_and_admissibility PASSED [ 20%]
tests/integration/test_s3c_candidate_governance.py::test_s3c_06_candidate_binds_repository_target_and_source PASSED [ 20%]
tests/integration/test_s3c_candidate_governance.py::test_s3c_07_candidate_does_not_advance_authoritative_ref PASSED [ 20%]
tests/integration/test_s3c_candidate_governance.py::test_s3c_08_candidate_does_not_advance_trusted_baseline PASSED [ 20%]
tests/integration/test_s3c_candidate_governance.py::test_s3c_09_candidate_immutability PASSED [ 20%]
tests/integration/test_s3c_candidate_governance.py::test_s3c_10_candidate_same_basis_idempotency PASSED [ 20%]
tests/integration/test_s3c_candidate_governance.py::test_s3c_11_changed_basis_produces_different_candidate PASSED [ 20%]
tests/integration/test_s3c_candidate_governance.py::test_s3c_12_stale_plan_or_baseline_cannot_seal PASSED [ 20%]
tests/integration/test_s3c_candidate_governance.py::test_s3c_13_diverged_repository_source_blocks_sealing PASSED [ 20%]
tests/integration/test_s3c_candidate_governance.py::test_s3c_14_wrong_or_stale_verification_blocks_candidate PASSED [ 20%]
tests/integration/test_s3c_candidate_governance.py::test_s3c_15_produced_alone_is_insufficient PASSED [ 20%]
tests/integration/test_s3c_candidate_governance.py::test_s3c_16_exact_human_authorization_binding PASSED [ 20%]
tests/integration/test_s3c_candidate_governance.py::test_s3c_17_no_approve_latest_semantics PASSED [ 20%]
tests/integration/test_s3c_candidate_governance.py::test_s3c_18_authorization_requires_exact_sealed_candidate PASSED [ 20%]
tests/integration/test_s3c_candidate_governance.py::test_s3c_19_authorization_scope_is_exact PASSED [ 20%]
tests/integration/test_s3c_candidate_governance.py::test_s3c_20_human_authority_cannot_change_production_facts PASSED [ 20%]
tests/integration/test_s3c_candidate_governance.py::test_s3c_21_authorization_idempotency PASSED [ 21%]
tests/integration/test_s3c_candidate_governance.py::test_s3c_22_authorization_preserves_history PASSED [ 21%]
tests/integration/test_s3c_candidate_governance.py::test_s3c_23_authorization_does_not_advance_repository_ref PASSED [ 21%]
tests/integration/test_s3c_candidate_governance.py::test_s3c_24_authorization_does_not_runtime_commit PASSED [ 21%]
tests/integration/test_s3c_candidate_governance.py::test_s3c_25_authorization_does_not_advance_trusted_baseline PASSED [ 21%]
tests/integration/test_s3c_candidate_governance.py::test_s3c_26_pwu_remains_satisfied PASSED [ 21%]
tests/integration/test_s3c_candidate_governance.py::test_s3c_27_candidate_and_authorization_atomicity PASSED [ 21%]
tests/integration/test_s3c_candidate_governance.py::test_s3c_28_optimistic_concurrency_and_lineage_protection PASSED [ 21%]
tests/integration/test_s3c_candidate_governance.py::test_s3c_29_documentation_horizon_remains_valid PASSED [ 21%]
tests/integration/test_s3c_candidate_governance.py::test_s3c_30_no_trust_score_or_guardian_ownership PASSED [ 21%]
tests/integration/test_s3c_candidate_governance.py::test_s3c_31_no_s4_scope_leakage PASSED [ 21%]
tests/integration/test_s3c_candidate_governance.py::test_s3c_32_existing_regression_contracts_remain PASSED [ 21%]
tests/integration/test_s4a_repository_integration.py::test_s4a_migration_downgrade_and_reupgrade PASSED [ 21%]
tests/integration/test_s4a_repository_integration.py::test_s4a_01_sealed_candidate_required PASSED [ 21%]
tests/integration/test_s4a_repository_integration.py::test_s4a_02_exact_human_authorization_required PASSED [ 21%]
tests/integration/test_s4a_repository_integration.py::test_s4a_03_authorization_matches_candidate_fingerprint PASSED [ 21%]
tests/integration/test_s4a_repository_integration.py::test_s4a_04_authorization_scope_is_exact PASSED [ 22%]
tests/integration/test_s4a_repository_integration.py::test_s4a_05_exact_proposed_commit_exists PASSED [ 22%]
tests/integration/test_s4a_repository_integration.py::test_s4a_06_exact_proposed_tree_matches PASSED [ 22%]
tests/integration/test_s4a_repository_integration.py::test_s4a_07_prepared_persisted_before_git_mutation PASSED [ 22%]
tests/integration/test_s4a_repository_integration.py::test_s4a_08_stable_operation_identity PASSED [ 22%]
tests/integration/test_s4a_repository_integration.py::test_s4a_09_expected_source_ref_cas_success PASSED [ 22%]
tests/integration/test_s4a_repository_integration.py::test_s4a_10_diverged_ref_blocks_cas PASSED [ 22%]
tests/integration/test_s4a_repository_integration.py::test_s4a_11_no_force_update PASSED [ 22%]
tests/integration/test_s4a_repository_integration.py::test_s4a_12_no_merge_rebase_or_cherry_pick PASSED [ 22%]
tests/integration/test_s4a_repository_integration.py::test_s4a_13_independent_ref_observation_required PASSED [ 22%]
tests/integration/test_s4a_repository_integration.py::test_s4a_14_command_success_alone_not_converged PASSED [ 22%]
tests/integration/test_s4a_repository_integration.py::test_s4a_15_observed_proposed_revision_converges PASSED [ 22%]
tests/integration/test_s4a_repository_integration.py::test_s4a_16_wrong_observed_revision_cannot_converge PASSED [ 22%]
tests/integration/test_s4a_repository_integration.py::test_s4a_17_repository_integration_does_not_runtime_commit PASSED [ 22%]
tests/integration/test_s4a_repository_integration.py::test_s4a_18_repository_integration_does_not_advance_baseline PASSED [ 22%]
tests/integration/test_s4a_repository_integration.py::test_s4a_19_pwu_remains_satisfied PASSED [ 22%]
tests/integration/test_s4a_repository_integration.py::test_s4a_20_candidate_basis_remains_immutable PASSED [ 23%]
tests/integration/test_s4a_repository_integration.py::test_s4a_21_authorization_remains_historical PASSED [ 23%]
tests/integration/test_s4a_repository_integration.py::test_s4a_22_no_remote_push PASSED [ 23%]
tests/integration/test_s4a_repository_integration.py::test_s4a_23_failure_before_cas_leaves_ref_unchanged PASSED [ 23%]
tests/integration/test_s4a_repository_integration.py::test_s4a_24_post_cas_pre_converged_interruption_is_representable PASSED [ 23%]
tests/integration/test_s4a_repository_integration.py::test_s4a_25_post_cas_interruption_does_not_advance_baseline PASSED [ 23%]
tests/integration/test_s4a_repository_integration.py::test_s4a_26_no_exactly_once_claim PASSED [ 23%]
tests/integration/test_s4a_repository_integration.py::test_s4a_27_optimistic_and_duplicate_operation_protection PASSED [ 23%]
tests/integration/test_s4a_repository_integration.py::test_s4a_28_documentation_horizon_remains_valid PASSED [ 23%]
tests/integration/test_s4a_repository_integration.py::test_s4a_29_no_general_external_effect_platform PASSED [ 23%]
tests/integration/test_s4a_repository_integration.py::test_s4a_30_no_s4b_scope_leakage PASSED [ 23%]
tests/integration/test_s4a_repository_integration.py::test_s4a_31_existing_full_regression_contracts PASSED [ 23%]
tests/integration/test_s4b_runtime_commit.py::test_s4b_migration_downgrade_and_reupgrade PASSED [ 23%]
tests/integration/test_s4b_runtime_commit.py::test_s4b_01_sealed_candidate_required PASSED [ 23%]
tests/integration/test_s4b_runtime_commit.py::test_s4b_02_exact_human_authorization_required PASSED [ 23%]
tests/integration/test_s4b_runtime_commit.py::test_s4b_03_authorization_must_match_candidate_fingerprint PASSED [ 23%]
tests/integration/test_s4b_runtime_commit.py::test_s4b_04_converged_repository_integration_required PASSED [ 24%]
tests/integration/test_s4b_runtime_commit.py::test_s4b_05_integration_matches_exact_candidate_repository_ref PASSED [ 24%]
tests/integration/test_s4b_runtime_commit.py::test_s4b_06_authoritative_ref_currently_equals_proposed PASSED [ 24%]
tests/integration/test_s4b_runtime_commit.py::test_s4b_07_candidate_proposed_commit_tree_revalidated PASSED [ 24%]
tests/integration/test_s4b_runtime_commit.py::test_s4b_08_current_baseline_equals_candidate_source PASSED [ 24%]
tests/integration/test_s4b_runtime_commit.py::test_s4b_09_stale_source_baseline_blocks_commit PASSED [ 24%]
tests/integration/test_s4b_runtime_commit.py::test_s4b_10_exact_verification_admissibility_basis_required PASSED [ 24%]
tests/integration/test_s4b_runtime_commit.py::test_s4b_11_satisfied_pwu_required PASSED [ 24%]
tests/integration/test_s4b_runtime_commit.py::test_s4b_12_new_trusted_baseline_created PASSED [ 24%]
tests/integration/test_s4b_runtime_commit.py::test_s4b_13_new_baseline_binds_exact_candidate PASSED [ 24%]
tests/integration/test_s4b_runtime_commit.py::test_s4b_14_new_baseline_binds_exact_commit_tree PASSED [ 24%]
tests/integration/test_s4b_runtime_commit.py::test_s4b_15_old_trusted_baseline_remains_immutable PASSED [ 24%]
tests/integration/test_s4b_runtime_commit.py::test_s4b_16_current_pointer_advances_source_to_new PASSED [ 24%]
tests/integration/test_s4b_runtime_commit.py::test_s4b_17_baseline_pointer_history_are_atomic PASSED [ 24%]
tests/integration/test_s4b_runtime_commit.py::test_s4b_18_injected_failure_rolls_back_entire_commit PASSED [ 24%]
tests/integration/test_s4b_runtime_commit.py::test_s4b_19_same_commit_retry_is_idempotent PASSED [ 24%]
tests/integration/test_s4b_runtime_commit.py::test_s4b_20_duplicate_trusted_baseline_not_created PASSED [ 25%]
tests/integration/test_s4b_runtime_commit.py::test_s4b_21_concurrent_candidate_same_source_cannot_overwrite PASSED [ 25%]
tests/integration/test_s4b_runtime_commit.py::test_s4b_22_runtime_commit_does_not_mutate_repository_ref PASSED [ 25%]
tests/integration/test_s4b_runtime_commit.py::test_s4b_23_runtime_commit_does_not_merge_rebase_push PASSED [ 25%]
tests/integration/test_s4b_runtime_commit.py::test_s4b_24_pwu_remains_satisfied PASSED [ 25%]
tests/integration/test_s4b_runtime_commit.py::test_s4b_25_candidate_basis_remains_immutable PASSED [ 25%]
tests/integration/test_s4b_runtime_commit.py::test_s4b_26_human_authorization_remains_immutable PASSED [ 25%]
tests/integration/test_s4b_runtime_commit.py::test_s4b_27_repository_converged_before_runtime_commit PASSED [ 25%]
tests/integration/test_s4b_runtime_commit.py::test_s4b_28_success_aligns_baseline_with_repository PASSED [ 25%]
tests/integration/test_s4b_runtime_commit.py::test_s4b_29_no_cross_system_exactly_once_claim PASSED [ 25%]
tests/integration/test_s4b_runtime_commit.py::test_s4b_30_documentation_horizon_remains_valid PASSED [ 25%]
tests/integration/test_s4b_runtime_commit.py::test_s4b_31_no_s5_recovery_scope_leakage PASSED [ 25%]
tests/integration/test_s4b_runtime_commit.py::test_s4b_32_existing_full_regression PASSED [ 25%]
tests/integration/test_s5a_recovery_assessment.py::test_s5a_migration_downgrade_and_reupgrade PASSED [ 25%]
tests/integration/test_s5a_recovery_assessment.py::test_s5a_01_assessment_binds_exact_subject PASSED [ 25%]
tests/integration/test_s5a_recovery_assessment.py::test_s5a_02_assessment_basis_is_immutable PASSED [ 25%]
tests/integration/test_s5a_recovery_assessment.py::test_s5a_03_same_basis_is_idempotent PASSED [ 26%]
tests/integration/test_s5a_recovery_assessment.py::test_s5a_04_changed_observation_creates_new_assessment PASSED [ 26%]
tests/integration/test_s5a_recovery_assessment.py::test_s5a_05_provider_success_does_not_define_reality PASSED [ 26%]
tests/integration/test_s5a_recovery_assessment.py::test_s5a_06_provider_failure_does_not_erase_observed_work PASSED [ 26%]
tests/integration/test_s5a_recovery_assessment.py::test_s5a_07_provider_unknown_remains_distinct PASSED [ 26%]
tests/integration/test_s5a_recovery_assessment.py::test_s5a_08_interrupted_attempt_history_preserved PASSED [ 26%]
tests/integration/test_s5a_recovery_assessment.py::test_s5a_09_interrupted_attempt_not_rewritten_success PASSED [ 26%]
tests/integration/test_s5a_recovery_assessment.py::test_s5a_10_stale_generation_cannot_regain_authority PASSED [ 26%]
tests/integration/test_s5a_recovery_assessment.py::test_s5a_11_prepared_expected_ref_distinct PASSED [ 26%]
tests/integration/test_s5a_recovery_assessment.py::test_s5a_12_prepared_proposed_ref_external_convergence PASSED [ 26%]
tests/integration/test_s5a_recovery_assessment.py::test_s5a_13_prepared_third_ref_diverged PASSED [ 26%]
tests/integration/test_s5a_recovery_assessment.py::test_s5a_14_converged_runtime_commit_missing_recoverable PASSED [ 26%]
tests/integration/test_s5a_recovery_assessment.py::test_s5a_15_existing_runtime_commit_recognized PASSED [ 26%]
tests/integration/test_s5a_recovery_assessment.py::test_s5a_16_no_blind_duplicate_runtime_commit PASSED [ 26%]
tests/integration/test_s5a_recovery_assessment.py::test_s5a_17_current_authority_revalidated PASSED [ 26%]
tests/integration/test_s5a_recovery_assessment.py::test_s5a_18_recovery_barrier_blocks_silent_progress PASSED [ 26%]
tests/integration/test_s5a_recovery_assessment.py::test_s5a_19_unrelated_valid_history_preserved PASSED [ 27%]
tests/integration/test_s5a_recovery_assessment.py::test_s5a_20_no_automatic_executor_retry PASSED [ 27%]
tests/integration/test_s5a_recovery_assessment.py::test_s5a_21_no_workspace_mutation PASSED [ 27%]
tests/integration/test_s5a_recovery_assessment.py::test_s5a_22_no_git_ref_mutation PASSED [ 27%]
tests/integration/test_s5a_recovery_assessment.py::test_s5a_23_no_integration_effect_mutation PASSED [ 27%]
tests/integration/test_s5a_recovery_assessment.py::test_s5a_24_no_runtime_commit PASSED [ 27%]
tests/integration/test_s5a_recovery_assessment.py::test_s5a_25_no_trusted_baseline_advancement PASSED [ 27%]
tests/integration/test_s5a_recovery_assessment.py::test_s5a_26_no_replanning PASSED [ 27%]
tests/integration/test_s5a_recovery_assessment.py::test_s5a_27_no_compensation PASSED [ 27%]
tests/integration/test_s5a_recovery_assessment.py::test_s5a_28_lowest_sufficient_guidance_exposed PASSED [ 27%]
tests/integration/test_s5a_recovery_assessment.py::test_s5a_29_no_global_failed_collapse PASSED [ 27%]
tests/integration/test_s5a_recovery_assessment.py::test_s5a_30_documentation_horizon_remains_valid PASSED [ 27%]
tests/integration/test_s5a_recovery_assessment.py::test_s5a_31_no_later_recovery_scope_leakage PASSED [ 27%]
tests/integration/test_s5a_recovery_assessment.py::test_s5a_32_existing_full_regression PASSED [ 27%]
tests/integration/test_s5b_recovery_reconciliation.py::test_s5b_migration_downgrade_and_reupgrade PASSED [ 27%]
tests/integration/test_s5b_recovery_reconciliation.py::test_s5b_01_exact_recovery_assessment_required PASSED [ 27%]
tests/integration/test_s5b_recovery_reconciliation.py::test_s5b_02_assessment_fingerprint_must_match PASSED [ 28%]
tests/integration/test_s5b_recovery_reconciliation.py::test_s5b_03_historical_assessment_remains_immutable PASSED [ 28%]
tests/integration/test_s5b_recovery_reconciliation.py::test_s5b_04_changed_reality_makes_old_assessment_non_actionable PASSED [ 28%]
tests/integration/test_s5b_recovery_reconciliation.py::test_s5b_05_external_convergence_requires_matching_guidance PASSED [ 28%]
tests/integration/test_s5b_recovery_reconciliation.py::test_s5b_06_prepared_effect_required PASSED [ 28%]
tests/integration/test_s5b_recovery_reconciliation.py::test_s5b_07_observed_ref_must_equal_exact_proposed_revision PASSED [ 28%]
tests/integration/test_s5b_recovery_reconciliation.py::test_s5b_08_observed_commit_tree_must_match_candidate PASSED [ 28%]
tests/integration/test_s5b_recovery_reconciliation.py::test_s5b_09_exact_candidate_authorization_lineage_required PASSED [ 28%]
tests/integration/test_s5b_recovery_reconciliation.py::test_s5b_10_prepared_proposed_ref_recovers_converged PASSED [ 28%]
tests/integration/test_s5b_recovery_reconciliation.py::test_s5b_11_convergence_recovery_does_not_mutate_git PASSED [ 28%]
tests/integration/test_s5b_recovery_reconciliation.py::test_s5b_12_convergence_recovery_is_locally_atomic PASSED [ 28%]
tests/integration/test_s5b_recovery_reconciliation.py::test_s5b_13_injected_persistence_failure_leaves_effect_prepared PASSED [ 28%]
tests/integration/test_s5b_recovery_reconciliation.py::test_s5b_14_duplicate_convergence_recovery_is_idempotent PASSED [ 28%]
tests/integration/test_s5b_recovery_reconciliation.py::test_s5b_15_prepared_expected_ref_does_not_retry_cas PASSED [ 28%]
tests/integration/test_s5b_recovery_reconciliation.py::test_s5b_16_prepared_third_ref_does_not_recover PASSED [ 28%]
tests/integration/test_s5b_recovery_reconciliation.py::test_s5b_17_divergence_remains_escalated_blocked PASSED [ 28%]
tests/integration/test_s5b_recovery_reconciliation.py::test_s5b_18_runtime_commit_requires_matching_guidance PASSED [ 28%]
tests/integration/test_s5b_recovery_reconciliation.py::test_s5b_19_converged_integration_required PASSED [ 29%]
tests/integration/test_s5b_recovery_reconciliation.py::test_s5b_20_repository_ref_revalidated_before_runtime_commit_retry PASSED [ 29%]
tests/integration/test_s5b_recovery_reconciliation.py::test_s5b_21_commit_tree_revalidated_before_runtime_commit_retry PASSED [ 29%]
tests/integration/test_s5b_recovery_reconciliation.py::test_s5b_22_source_trusted_baseline_must_still_be_current PASSED [ 29%]
tests/integration/test_s5b_recovery_reconciliation.py::test_s5b_23_exact_candidate_verification_admissibility_required PASSED [ 29%]
tests/integration/test_s5b_recovery_reconciliation.py::test_s5b_24_successful_recovery_runtime_commit_creates_exact_baseline PASSED [ 29%]
tests/integration/test_s5b_recovery_reconciliation.py::test_s5b_25_successful_recovery_advances_pointer_exactly_once PASSED [ 29%]
tests/integration/test_s5b_recovery_reconciliation.py::test_s5b_26_recovery_runtime_commit_reuses_s4b_atomicity PASSED [ 29%]
tests/integration/test_s5b_recovery_reconciliation.py::test_s5b_27_runtime_commit_retry_is_idempotent PASSED [ 29%]
tests/integration/test_s5b_recovery_reconciliation.py::test_s5b_28_existing_runtime_commit_recognized_as_no_action PASSED [ 29%]
tests/integration/test_s5b_recovery_reconciliation.py::test_s5b_29_no_duplicate_trusted_baseline PASSED [ 29%]
tests/integration/test_s5b_recovery_reconciliation.py::test_s5b_30_stale_source_baseline_blocks_recovery_commit PASSED [ 29%]
tests/integration/test_s5b_recovery_reconciliation.py::test_s5b_31_recovery_does_not_mutate_candidate_pwu_authorization PASSED [ 29%]
tests/integration/test_s5b_recovery_reconciliation.py::test_s5b_32_recovery_does_not_replan PASSED [ 29%]
tests/integration/test_s5b_recovery_reconciliation.py::test_s5b_33_recovery_does_not_create_retry_attempt PASSED [ 29%]
tests/integration/test_s5b_recovery_reconciliation.py::test_s5b_34_recovery_does_not_mutate_workspace PASSED [ 29%]
tests/integration/test_s5b_recovery_reconciliation.py::test_s5b_35_no_compensation_saga_or_general_workflow PASSED [ 30%]
tests/integration/test_s5b_recovery_reconciliation.py::test_s5b_36_recovery_barrier_not_erased_by_rewriting_history PASSED [ 30%]
tests/integration/test_s5b_recovery_reconciliation.py::test_s5b_37_documentation_horizon_remains_valid PASSED [ 30%]
tests/integration/test_s5b_recovery_reconciliation.py::test_s5b_38_no_s5c_or_s6_scope_leakage PASSED [ 30%]
tests/integration/test_s5b_recovery_reconciliation.py::test_s5b_39_existing_full_regression_contract_remains PASSED [ 30%]
tests/integration/test_s5c_attempt_recovery.py::test_s5c_migration_downgrade_and_reupgrade PASSED [ 30%]
tests/integration/test_s5c_attempt_recovery.py::test_s5c_01_exact_attempt_recovery_assessment_required PASSED [ 30%]
tests/integration/test_s5c_attempt_recovery.py::test_s5c_02_assessment_fingerprint_must_match PASSED [ 30%]
tests/integration/test_s5c_attempt_recovery.py::test_s5c_03_historical_assessment_is_immutable PASSED [ 30%]
tests/integration/test_s5c_attempt_recovery.py::test_s5c_04_changed_current_reality_makes_old_assessment_non_actionable PASSED [ 30%]
tests/integration/test_s5c_attempt_recovery.py::test_s5c_05_interrupted_attempt_outcome_remains_historical_unknown PASSED [ 30%]
tests/integration/test_s5c_attempt_recovery.py::test_s5c_06_reobservation_uses_independent_workspace_reality PASSED [ 30%]
tests/integration/test_s5c_attempt_recovery.py::test_s5c_07_provider_success_does_not_define_salvageability PASSED [ 30%]
tests/integration/test_s5c_attempt_recovery.py::test_s5c_08_provider_failure_does_not_destroy_valid_work PASSED [ 30%]
tests/integration/test_s5c_attempt_recovery.py::test_s5c_09_provider_unknown_does_not_destroy_valid_work PASSED [ 30%]
tests/integration/test_s5c_attempt_recovery.py::test_s5c_10_completion_contract_governs_salvageability PASSED [ 30%]
tests/integration/test_s5c_attempt_recovery.py::test_s5c_11_completed_observed_work_preserved_without_retry PASSED [ 31%]
tests/integration/test_s5c_attempt_recovery.py::test_s5c_12_recovery_continues_through_normal_completion PASSED [ 31%]
tests/integration/test_s5c_attempt_recovery.py::test_s5c_13_no_special_recovery_produced_state PASSED [ 31%]
tests/integration/test_s5c_attempt_recovery.py::test_s5c_14_zero_git_diff_is_not_universal_retry_condition PASSED [ 31%]
tests/integration/test_s5c_attempt_recovery.py::test_s5c_15_retry_requires_retry_guidance PASSED [ 31%]
tests/integration/test_s5c_attempt_recovery.py::test_s5c_16_retry_revalidates_current_baseline_plan_pwu PASSED [ 31%]
tests/integration/test_s5c_attempt_recovery.py::test_s5c_17_new_retry_attempt_uses_new_generation PASSED [ 31%]
tests/integration/test_s5c_attempt_recovery.py::test_s5c_18_original_attempt_is_not_rewritten PASSED [ 31%]
tests/integration/test_s5c_attempt_recovery.py::test_s5c_19_old_generation_cannot_regain_authority PASSED [ 31%]
tests/integration/test_s5c_attempt_recovery.py::test_s5c_20_late_old_generation_result_cannot_mutate_current_authority PASSED [ 31%]
tests/integration/test_s5c_attempt_recovery.py::test_s5c_21_retry_uses_existing_attempt_isolation PASSED [ 31%]
tests/integration/test_s5c_attempt_recovery.py::test_s5c_22_new_retry_workspace_uses_exact_source_baseline PASSED [ 31%]
tests/integration/test_s5c_attempt_recovery.py::test_s5c_23_old_workspace_not_mutated_into_new_workspace PASSED [ 31%]
tests/integration/test_s5c_attempt_recovery.py::test_s5c_24_partial_work_not_blindly_copied PASSED [ 31%]
tests/integration/test_s5c_attempt_recovery.py::test_s5c_25_missing_workspace_distinguished_from_empty_workspace PASSED [ 31%]
tests/integration/test_s5c_attempt_recovery.py::test_s5c_26_missing_workspace_may_allow_governed_retry PASSED [ 31%]
tests/integration/test_s5c_attempt_recovery.py::test_s5c_27_workspace_drift_requires_reassessment PASSED [ 32%]
tests/integration/test_s5c_attempt_recovery.py::test_s5c_28_retry_creation_is_locally_atomic PASSED [ 32%]
tests/integration/test_s5c_attempt_recovery.py::test_s5c_29_injected_db_failure_creates_no_partial_retry_authority PASSED [ 32%]
tests/integration/test_s5c_attempt_recovery.py::test_s5c_30_duplicate_recovery_request_does_not_duplicate_retry PASSED [ 32%]
tests/integration/test_s5c_attempt_recovery.py::test_s5c_31_filesystem_preparation_does_not_claim_cross_system_exactly_once PASSED [ 32%]
tests/integration/test_s5c_attempt_recovery.py::test_s5c_32_retry_attempt_is_not_provider_dispatched PASSED [ 32%]
tests/integration/test_s5c_attempt_recovery.py::test_s5c_33_provider_resume_is_not_implemented PASSED [ 32%]
tests/integration/test_s5c_attempt_recovery.py::test_s5c_34_resume_guidance_not_silently_converted_to_retry PASSED [ 32%]
tests/integration/test_s5c_attempt_recovery.py::test_s5c_35_no_replanning_or_supersession PASSED [ 32%]
tests/integration/test_s5c_attempt_recovery.py::test_s5c_36_recovery_barrier_history_not_rewritten PASSED [ 32%]
tests/integration/test_s5c_attempt_recovery.py::test_s5c_37_unrelated_valid_work_is_preserved PASSED [ 32%]
tests/integration/test_s5c_attempt_recovery.py::test_s5c_38_real_interruption_inspects_before_replay PASSED [ 32%]
tests/integration/test_s5c_attempt_recovery.py::test_s5c_39_documentation_horizon_remains_valid PASSED [ 32%]
tests/integration/test_s5c_attempt_recovery.py::test_s5c_40_no_s6_codex_scope_leakage PASSED [ 32%]
tests/integration/test_s5c_attempt_recovery.py::test_s5c_41_existing_full_regression PASSED [ 32%]
tests/integration/test_s6c2_r4b_maintenance_recovery.py::test_mr_traceability_map_is_complete_and_executable PASSED [ 32%]
tests/integration/test_s6c2_r4b_maintenance_recovery.py::test_mr_success_exact_authority_handoff_and_immutable_history PASSED [ 33%]
tests/integration/test_s6c2_r4b_maintenance_recovery.py::test_mr_success_creates_no_ordinary_production_side_effects PASSED [ 33%]
tests/integration/test_s6c2_r4b_maintenance_recovery.py::test_mr_idempotent_exact_request_returns_same_logical_result PASSED [ 33%]
tests/integration/test_s6c2_r4b_maintenance_recovery.py::test_mr_evidence_identity_and_failed_terminal_result PASSED [ 33%]
tests/integration/test_s6c2_r4b_maintenance_recovery.py::test_mr_evidence_authority_and_raw_conversation_rejected PASSED [ 33%]
tests/integration/test_s6c2_r4b_maintenance_recovery.py::test_mr_git_target_tree_ref_ancestry_and_scope_are_exact PASSED [ 33%]
tests/integration/test_s6c2_r4b_maintenance_recovery.py::test_mr_git_is_read_only_and_second_observation_detects_movement PASSED [ 33%]
tests/integration/test_s6c2_r4b_maintenance_recovery.py::test_mr_stale_pointer_or_lineage_version_rejected PASSED [ 33%]
tests/integration/test_s6c2_r4b_maintenance_recovery.py::test_mr_competing_recovery_rejects_stale_pointer PASSED [ 33%]
tests/integration/test_s6c2_r4b_maintenance_recovery.py::test_mr_material_work_blocks_supersession PASSED [ 33%]
tests/integration/test_s6c2_r4b_maintenance_recovery.py::test_mr_atomic_failure_boundaries_roll_back_every_local_fact[new_baseline] PASSED [ 33%]
tests/integration/test_s6c2_r4b_maintenance_recovery.py::test_mr_atomic_failure_boundaries_roll_back_every_local_fact[baseline_pointer] PASSED [ 33%]
tests/integration/test_s6c2_r4b_maintenance_recovery.py::test_mr_atomic_failure_boundaries_roll_back_every_local_fact[old_run_superseded] PASSED [ 33%]
tests/integration/test_s6c2_r4b_maintenance_recovery.py::test_mr_atomic_failure_boundaries_roll_back_every_local_fact[old_plan_superseded] PASSED [ 33%]
tests/integration/test_s6c2_r4b_maintenance_recovery.py::test_mr_atomic_failure_boundaries_roll_back_every_local_fact[old_work_unit_superseded] PASSED [ 33%]
tests/integration/test_s6c2_r4b_maintenance_recovery.py::test_mr_atomic_failure_boundaries_roll_back_every_local_fact[new_run] PASSED [ 33%]
tests/integration/test_s6c2_r4b_maintenance_recovery.py::test_mr_atomic_failure_boundaries_roll_back_every_local_fact[new_plan] PASSED [ 34%]
tests/integration/test_s6c2_r4b_maintenance_recovery.py::test_mr_atomic_failure_boundaries_roll_back_every_local_fact[new_work_unit] PASSED [ 34%]
tests/integration/test_s6c2_r4b_maintenance_recovery.py::test_mr_atomic_failure_boundaries_roll_back_every_local_fact[governance] PASSED [ 34%]
tests/integration/test_s6c2_r4b_maintenance_recovery.py::test_mr_atomic_failure_boundaries_roll_back_every_local_fact[recovery_admission] PASSED [ 34%]
tests/integration/test_s6c2_r4b_maintenance_recovery.py::test_mr_atomic_failure_boundaries_roll_back_every_local_fact[before_commit] PASSED [ 34%]
tests/integration/test_s6c2_r4b_maintenance_recovery.py::test_mr_migration_round_trip_and_schema_inventory PASSED [ 34%]
tests/integration/test_software_delivery.py::test_exact_candidate_is_previewable_before_repository_authorization PASSED [ 34%]
tests/integration/test_software_delivery.py::test_script_only_code_candidate_exposes_review_diff PASSED [ 34%]
tests/integration/test_software_delivery.py::test_code_to_package_runtime_restore_and_explicit_acceptance PASSED [ 34%]
tests/integration/test_software_delivery.py::test_work_without_user_repository_uses_managed_workspace_and_delivers PASSED [ 34%]
tests/integration/test_software_delivery.py::test_full_application_delivery_uses_exact_served_candidate_for_acceptance PASSED [ 34%]
tests/integration/test_software_delivery.py::test_failing_behavior_test_cannot_publish_software PASSED [ 34%]
tests/integration/test_software_delivery.py::test_software_blob_reader_rejects_links_and_traversal PASSED [ 34%]
tests/integration/test_wic_governed_work_admission.py::test_not_ready_and_stale_ready_cannot_create_work PASSED [ 34%]
tests/integration/test_wic_governed_work_admission.py::test_reversible_detail_does_not_create_work_until_exact_human_admission PASSED [ 34%]
tests/integration/test_wic_governed_work_admission.py::test_exact_ready_admission_is_atomic_idempotent_and_continuous PASSED [ 34%]
tests/integration/test_wic_governed_work_admission.py::test_engineering_semantic_truth_persists_and_explicit_correction_versions_work PASSED [ 35%]
tests/integration/test_wic_governed_work_admission.py::test_admission_bootstraps_revision_bound_steering_without_production PASSED [ 35%]
tests/integration/test_wic_governed_work_admission.py::test_bounded_feature_execution_uses_steering_without_product_questionnaire[implementation-constraints0-execution-\u8bf7\u5728\u73b0\u6709\u7f51\u7ad9\u9876\u90e8\u5bfc\u822a\u680f\u52a0\u4e00\u4e2a\u5173\u4e8e\u6211\u4eec\u94fe\u63a5\u5230 /about\uff0c\u5148\u7ed9\u6211\u9884\u89c8\u3002] PASSED [ 35%]
tests/integration/test_wic_governed_work_admission.py::test_bounded_feature_execution_uses_steering_without_product_questionnaire[implementation-constraints0-execution-\u6211\u60f3\u8ba9\u7f51\u7ad9\u652f\u6301\u7528\u6237\u53cd\u9988\u3002] PASSED [ 35%]
tests/integration/test_wic_governed_work_admission.py::test_bounded_feature_execution_uses_steering_without_product_questionnaire[implementation-constraints0-execution-\u6211\u60f3\u8ba9\u5e94\u7528\u63d0\u4f9b\u4e1a\u52a1\u6982\u89c8\u3002] PASSED [ 35%]
tests/integration/test_wic_governed_work_admission.py::test_bounded_feature_execution_uses_steering_without_product_questionnaire[implementation-constraints0-execution-\u589e\u52a0\u4e1a\u52a1\u6982\u89c8\uff0c\u8ba9\u6211\u4e00\u773c\u770b\u51fa\u8fd0\u8425\u60c5\u51b5\u3002] PASSED [ 35%]
tests/integration/test_wic_governed_work_admission.py::test_bounded_feature_execution_uses_steering_without_product_questionnaire[implementation-constraints0-execution-\u4fee\u590d\u5f53\u524d\u9879\u76ee\u7684\u6784\u5efa\u9519\u8bef\uff0c\u5e76\u7ed9\u51fa\u53ef\u8fd0\u884c\u9884\u89c8\u3002] PASSED [ 35%]
tests/integration/test_wic_governed_work_admission.py::test_bounded_feature_execution_uses_steering_without_product_questionnaire[implementation-constraints0-execution-\u542f\u52a8\u5f53\u524d\u9879\u76ee\uff0c\u7ed9\u6211\u9884\u89c8\u3002] PASSED [ 35%]
tests/integration/test_wic_governed_work_admission.py::test_bounded_feature_execution_uses_steering_without_product_questionnaire[implementation-constraints0-design-\u8bf7\u5728\u73b0\u6709\u7f51\u7ad9\u9876\u90e8\u5bfc\u822a\u680f\u52a0\u4e00\u4e2a\u5173\u4e8e\u6211\u4eec\u94fe\u63a5\u5230 /about\uff0c\u5148\u7ed9\u6211\u9884\u89c8\u3002] PASSED [ 35%]
tests/integration/test_wic_governed_work_admission.py::test_bounded_feature_execution_uses_steering_without_product_questionnaire[implementation-constraints0-design-\u6211\u60f3\u8ba9\u7f51\u7ad9\u652f\u6301\u7528\u6237\u53cd\u9988\u3002] PASSED [ 35%]
tests/integration/test_wic_governed_work_admission.py::test_bounded_feature_execution_uses_steering_without_product_questionnaire[implementation-constraints0-design-\u6211\u60f3\u8ba9\u5e94\u7528\u63d0\u4f9b\u4e1a\u52a1\u6982\u89c8\u3002] PASSED [ 35%]
tests/integration/test_wic_governed_work_admission.py::test_bounded_feature_execution_uses_steering_without_product_questionnaire[implementation-constraints0-design-\u589e\u52a0\u4e1a\u52a1\u6982\u89c8\uff0c\u8ba9\u6211\u4e00\u773c\u770b\u51fa\u8fd0\u8425\u60c5\u51b5\u3002] PASSED [ 35%]
tests/integration/test_wic_governed_work_admission.py::test_bounded_feature_execution_uses_steering_without_product_questionnaire[implementation-constraints0-design-\u4fee\u590d\u5f53\u524d\u9879\u76ee\u7684\u6784\u5efa\u9519\u8bef\uff0c\u5e76\u7ed9\u51fa\u53ef\u8fd0\u884c\u9884\u89c8\u3002] PASSED [ 35%]
tests/integration/test_wic_governed_work_admission.py::test_bounded_feature_execution_uses_steering_without_product_questionnaire[implementation-constraints0-design-\u542f\u52a8\u5f53\u524d\u9879\u76ee\uff0c\u7ed9\u6211\u9884\u89c8\u3002] PASSED [ 35%]
tests/integration/test_wic_governed_work_admission.py::test_bounded_feature_execution_uses_steering_without_product_questionnaire[implementation-constraints1-execution-\u8bf7\u5728\u73b0\u6709\u7f51\u7ad9\u9876\u90e8\u5bfc\u822a\u680f\u52a0\u4e00\u4e2a\u5173\u4e8e\u6211\u4eec\u94fe\u63a5\u5230 /about\uff0c\u5148\u7ed9\u6211\u9884\u89c8\u3002] PASSED [ 35%]
tests/integration/test_wic_governed_work_admission.py::test_bounded_feature_execution_uses_steering_without_product_questionnaire[implementation-constraints1-execution-\u6211\u60f3\u8ba9\u7f51\u7ad9\u652f\u6301\u7528\u6237\u53cd\u9988\u3002] PASSED [ 35%]
tests/integration/test_wic_governed_work_admission.py::test_bounded_feature_execution_uses_steering_without_product_questionnaire[implementation-constraints1-execution-\u6211\u60f3\u8ba9\u5e94\u7528\u63d0\u4f9b\u4e1a\u52a1\u6982\u89c8\u3002] PASSED [ 36%]
tests/integration/test_wic_governed_work_admission.py::test_bounded_feature_execution_uses_steering_without_product_questionnaire[implementation-constraints1-execution-\u589e\u52a0\u4e1a\u52a1\u6982\u89c8\uff0c\u8ba9\u6211\u4e00\u773c\u770b\u51fa\u8fd0\u8425\u60c5\u51b5\u3002] PASSED [ 36%]
tests/integration/test_wic_governed_work_admission.py::test_bounded_feature_execution_uses_steering_without_product_questionnaire[implementation-constraints1-execution-\u4fee\u590d\u5f53\u524d\u9879\u76ee\u7684\u6784\u5efa\u9519\u8bef\uff0c\u5e76\u7ed9\u51fa\u53ef\u8fd0\u884c\u9884\u89c8\u3002] PASSED [ 36%]
tests/integration/test_wic_governed_work_admission.py::test_bounded_feature_execution_uses_steering_without_product_questionnaire[implementation-constraints1-execution-\u542f\u52a8\u5f53\u524d\u9879\u76ee\uff0c\u7ed9\u6211\u9884\u89c8\u3002] PASSED [ 36%]
tests/integration/test_wic_governed_work_admission.py::test_bounded_feature_execution_uses_steering_without_product_questionnaire[implementation-constraints1-design-\u8bf7\u5728\u73b0\u6709\u7f51\u7ad9\u9876\u90e8\u5bfc\u822a\u680f\u52a0\u4e00\u4e2a\u5173\u4e8e\u6211\u4eec\u94fe\u63a5\u5230 /about\uff0c\u5148\u7ed9\u6211\u9884\u89c8\u3002] PASSED [ 36%]
tests/integration/test_wic_governed_work_admission.py::test_bounded_feature_execution_uses_steering_without_product_questionnaire[implementation-constraints1-design-\u6211\u60f3\u8ba9\u7f51\u7ad9\u652f\u6301\u7528\u6237\u53cd\u9988\u3002] PASSED [ 36%]
tests/integration/test_wic_governed_work_admission.py::test_bounded_feature_execution_uses_steering_without_product_questionnaire[implementation-constraints1-design-\u6211\u60f3\u8ba9\u5e94\u7528\u63d0\u4f9b\u4e1a\u52a1\u6982\u89c8\u3002] PASSED [ 36%]
tests/integration/test_wic_governed_work_admission.py::test_bounded_feature_execution_uses_steering_without_product_questionnaire[implementation-constraints1-design-\u589e\u52a0\u4e1a\u52a1\u6982\u89c8\uff0c\u8ba9\u6211\u4e00\u773c\u770b\u51fa\u8fd0\u8425\u60c5\u51b5\u3002] PASSED [ 36%]
tests/integration/test_wic_governed_work_admission.py::test_bounded_feature_execution_uses_steering_without_product_questionnaire[implementation-constraints1-design-\u4fee\u590d\u5f53\u524d\u9879\u76ee\u7684\u6784\u5efa\u9519\u8bef\uff0c\u5e76\u7ed9\u51fa\u53ef\u8fd0\u884c\u9884\u89c8\u3002] PASSED [ 36%]
tests/integration/test_wic_governed_work_admission.py::test_bounded_feature_execution_uses_steering_without_product_questionnaire[implementation-constraints1-design-\u542f\u52a8\u5f53\u524d\u9879\u76ee\uff0c\u7ed9\u6211\u9884\u89c8\u3002] PASSED [ 36%]
tests/integration/test_wic_governed_work_admission.py::test_bounded_feature_execution_uses_steering_without_product_questionnaire[capability-constraints0-execution-\u8bf7\u5728\u73b0\u6709\u7f51\u7ad9\u9876\u90e8\u5bfc\u822a\u680f\u52a0\u4e00\u4e2a\u5173\u4e8e\u6211\u4eec\u94fe\u63a5\u5230 /about\uff0c\u5148\u7ed9\u6211\u9884\u89c8\u3002] PASSED [ 36%]
tests/integration/test_wic_governed_work_admission.py::test_bounded_feature_execution_uses_steering_without_product_questionnaire[capability-constraints0-execution-\u6211\u60f3\u8ba9\u7f51\u7ad9\u652f\u6301\u7528\u6237\u53cd\u9988\u3002] PASSED [ 36%]
tests/integration/test_wic_governed_work_admission.py::test_bounded_feature_execution_uses_steering_without_product_questionnaire[capability-constraints0-execution-\u6211\u60f3\u8ba9\u5e94\u7528\u63d0\u4f9b\u4e1a\u52a1\u6982\u89c8\u3002] PASSED [ 36%]
tests/integration/test_wic_governed_work_admission.py::test_bounded_feature_execution_uses_steering_without_product_questionnaire[capability-constraints0-execution-\u589e\u52a0\u4e1a\u52a1\u6982\u89c8\uff0c\u8ba9\u6211\u4e00\u773c\u770b\u51fa\u8fd0\u8425\u60c5\u51b5\u3002] PASSED [ 36%]
tests/integration/test_wic_governed_work_admission.py::test_bounded_feature_execution_uses_steering_without_product_questionnaire[capability-constraints0-execution-\u4fee\u590d\u5f53\u524d\u9879\u76ee\u7684\u6784\u5efa\u9519\u8bef\uff0c\u5e76\u7ed9\u51fa\u53ef\u8fd0\u884c\u9884\u89c8\u3002] PASSED [ 36%]
tests/integration/test_wic_governed_work_admission.py::test_bounded_feature_execution_uses_steering_without_product_questionnaire[capability-constraints0-execution-\u542f\u52a8\u5f53\u524d\u9879\u76ee\uff0c\u7ed9\u6211\u9884\u89c8\u3002] PASSED [ 36%]
tests/integration/test_wic_governed_work_admission.py::test_bounded_feature_execution_uses_steering_without_product_questionnaire[capability-constraints0-design-\u8bf7\u5728\u73b0\u6709\u7f51\u7ad9\u9876\u90e8\u5bfc\u822a\u680f\u52a0\u4e00\u4e2a\u5173\u4e8e\u6211\u4eec\u94fe\u63a5\u5230 /about\uff0c\u5148\u7ed9\u6211\u9884\u89c8\u3002] PASSED [ 37%]
tests/integration/test_wic_governed_work_admission.py::test_bounded_feature_execution_uses_steering_without_product_questionnaire[capability-constraints0-design-\u6211\u60f3\u8ba9\u7f51\u7ad9\u652f\u6301\u7528\u6237\u53cd\u9988\u3002] PASSED [ 37%]
tests/integration/test_wic_governed_work_admission.py::test_bounded_feature_execution_uses_steering_without_product_questionnaire[capability-constraints0-design-\u6211\u60f3\u8ba9\u5e94\u7528\u63d0\u4f9b\u4e1a\u52a1\u6982\u89c8\u3002] PASSED [ 37%]
tests/integration/test_wic_governed_work_admission.py::test_bounded_feature_execution_uses_steering_without_product_questionnaire[capability-constraints0-design-\u589e\u52a0\u4e1a\u52a1\u6982\u89c8\uff0c\u8ba9\u6211\u4e00\u773c\u770b\u51fa\u8fd0\u8425\u60c5\u51b5\u3002] PASSED [ 37%]
tests/integration/test_wic_governed_work_admission.py::test_bounded_feature_execution_uses_steering_without_product_questionnaire[capability-constraints0-design-\u4fee\u590d\u5f53\u524d\u9879\u76ee\u7684\u6784\u5efa\u9519\u8bef\uff0c\u5e76\u7ed9\u51fa\u53ef\u8fd0\u884c\u9884\u89c8\u3002] PASSED [ 37%]
tests/integration/test_wic_governed_work_admission.py::test_bounded_feature_execution_uses_steering_without_product_questionnaire[capability-constraints0-design-\u542f\u52a8\u5f53\u524d\u9879\u76ee\uff0c\u7ed9\u6211\u9884\u89c8\u3002] PASSED [ 37%]
tests/integration/test_wic_governed_work_admission.py::test_bounded_feature_execution_uses_steering_without_product_questionnaire[capability-constraints1-execution-\u8bf7\u5728\u73b0\u6709\u7f51\u7ad9\u9876\u90e8\u5bfc\u822a\u680f\u52a0\u4e00\u4e2a\u5173\u4e8e\u6211\u4eec\u94fe\u63a5\u5230 /about\uff0c\u5148\u7ed9\u6211\u9884\u89c8\u3002] PASSED [ 37%]
tests/integration/test_wic_governed_work_admission.py::test_bounded_feature_execution_uses_steering_without_product_questionnaire[capability-constraints1-execution-\u6211\u60f3\u8ba9\u7f51\u7ad9\u652f\u6301\u7528\u6237\u53cd\u9988\u3002] PASSED [ 37%]
tests/integration/test_wic_governed_work_admission.py::test_bounded_feature_execution_uses_steering_without_product_questionnaire[capability-constraints1-execution-\u6211\u60f3\u8ba9\u5e94\u7528\u63d0\u4f9b\u4e1a\u52a1\u6982\u89c8\u3002] PASSED [ 37%]
tests/integration/test_wic_governed_work_admission.py::test_bounded_feature_execution_uses_steering_without_product_questionnaire[capability-constraints1-execution-\u589e\u52a0\u4e1a\u52a1\u6982\u89c8\uff0c\u8ba9\u6211\u4e00\u773c\u770b\u51fa\u8fd0\u8425\u60c5\u51b5\u3002] PASSED [ 37%]
tests/integration/test_wic_governed_work_admission.py::test_bounded_feature_execution_uses_steering_without_product_questionnaire[capability-constraints1-execution-\u4fee\u590d\u5f53\u524d\u9879\u76ee\u7684\u6784\u5efa\u9519\u8bef\uff0c\u5e76\u7ed9\u51fa\u53ef\u8fd0\u884c\u9884\u89c8\u3002] PASSED [ 37%]
tests/integration/test_wic_governed_work_admission.py::test_bounded_feature_execution_uses_steering_without_product_questionnaire[capability-constraints1-execution-\u542f\u52a8\u5f53\u524d\u9879\u76ee\uff0c\u7ed9\u6211\u9884\u89c8\u3002] PASSED [ 37%]
tests/integration/test_wic_governed_work_admission.py::test_bounded_feature_execution_uses_steering_without_product_questionnaire[capability-constraints1-design-\u8bf7\u5728\u73b0\u6709\u7f51\u7ad9\u9876\u90e8\u5bfc\u822a\u680f\u52a0\u4e00\u4e2a\u5173\u4e8e\u6211\u4eec\u94fe\u63a5\u5230 /about\uff0c\u5148\u7ed9\u6211\u9884\u89c8\u3002] PASSED [ 37%]
tests/integration/test_wic_governed_work_admission.py::test_bounded_feature_execution_uses_steering_without_product_questionnaire[capability-constraints1-design-\u6211\u60f3\u8ba9\u7f51\u7ad9\u652f\u6301\u7528\u6237\u53cd\u9988\u3002] PASSED [ 37%]
tests/integration/test_wic_governed_work_admission.py::test_bounded_feature_execution_uses_steering_without_product_questionnaire[capability-constraints1-design-\u6211\u60f3\u8ba9\u5e94\u7528\u63d0\u4f9b\u4e1a\u52a1\u6982\u89c8\u3002] PASSED [ 37%]
tests/integration/test_wic_governed_work_admission.py::test_bounded_feature_execution_uses_steering_without_product_questionnaire[capability-constraints1-design-\u589e\u52a0\u4e1a\u52a1\u6982\u89c8\uff0c\u8ba9\u6211\u4e00\u773c\u770b\u51fa\u8fd0\u8425\u60c5\u51b5\u3002] PASSED [ 37%]
tests/integration/test_wic_governed_work_admission.py::test_bounded_feature_execution_uses_steering_without_product_questionnaire[capability-constraints1-design-\u4fee\u590d\u5f53\u524d\u9879\u76ee\u7684\u6784\u5efa\u9519\u8bef\uff0c\u5e76\u7ed9\u51fa\u53ef\u8fd0\u884c\u9884\u89c8\u3002] PASSED [ 38%]
tests/integration/test_wic_governed_work_admission.py::test_bounded_feature_execution_uses_steering_without_product_questionnaire[capability-constraints1-design-\u542f\u52a8\u5f53\u524d\u9879\u76ee\uff0c\u7ed9\u6211\u9884\u89c8\u3002] PASSED [ 38%]
tests/integration/test_wic_governed_work_admission.py::test_bounded_feature_execution_uses_steering_without_product_questionnaire[product-constraints0-execution-\u8bf7\u5728\u73b0\u6709\u7f51\u7ad9\u9876\u90e8\u5bfc\u822a\u680f\u52a0\u4e00\u4e2a\u5173\u4e8e\u6211\u4eec\u94fe\u63a5\u5230 /about\uff0c\u5148\u7ed9\u6211\u9884\u89c8\u3002] PASSED [ 38%]
tests/integration/test_wic_governed_work_admission.py::test_bounded_feature_execution_uses_steering_without_product_questionnaire[product-constraints0-execution-\u6211\u60f3\u8ba9\u7f51\u7ad9\u652f\u6301\u7528\u6237\u53cd\u9988\u3002] PASSED [ 38%]
tests/integration/test_wic_governed_work_admission.py::test_bounded_feature_execution_uses_steering_without_product_questionnaire[product-constraints0-execution-\u6211\u60f3\u8ba9\u5e94\u7528\u63d0\u4f9b\u4e1a\u52a1\u6982\u89c8\u3002] PASSED [ 38%]
tests/integration/test_wic_governed_work_admission.py::test_bounded_feature_execution_uses_steering_without_product_questionnaire[product-constraints0-execution-\u589e\u52a0\u4e1a\u52a1\u6982\u89c8\uff0c\u8ba9\u6211\u4e00\u773c\u770b\u51fa\u8fd0\u8425\u60c5\u51b5\u3002] PASSED [ 38%]
tests/integration/test_wic_governed_work_admission.py::test_bounded_feature_execution_uses_steering_without_product_questionnaire[product-constraints0-execution-\u4fee\u590d\u5f53\u524d\u9879\u76ee\u7684\u6784\u5efa\u9519\u8bef\uff0c\u5e76\u7ed9\u51fa\u53ef\u8fd0\u884c\u9884\u89c8\u3002] PASSED [ 38%]
tests/integration/test_wic_governed_work_admission.py::test_bounded_feature_execution_uses_steering_without_product_questionnaire[product-constraints0-execution-\u542f\u52a8\u5f53\u524d\u9879\u76ee\uff0c\u7ed9\u6211\u9884\u89c8\u3002] PASSED [ 38%]
tests/integration/test_wic_governed_work_admission.py::test_bounded_feature_execution_uses_steering_without_product_questionnaire[product-constraints0-design-\u8bf7\u5728\u73b0\u6709\u7f51\u7ad9\u9876\u90e8\u5bfc\u822a\u680f\u52a0\u4e00\u4e2a\u5173\u4e8e\u6211\u4eec\u94fe\u63a5\u5230 /about\uff0c\u5148\u7ed9\u6211\u9884\u89c8\u3002] PASSED [ 38%]
tests/integration/test_wic_governed_work_admission.py::test_bounded_feature_execution_uses_steering_without_product_questionnaire[product-constraints0-design-\u6211\u60f3\u8ba9\u7f51\u7ad9\u652f\u6301\u7528\u6237\u53cd\u9988\u3002] PASSED [ 38%]
tests/integration/test_wic_governed_work_admission.py::test_bounded_feature_execution_uses_steering_without_product_questionnaire[product-constraints0-design-\u6211\u60f3\u8ba9\u5e94\u7528\u63d0\u4f9b\u4e1a\u52a1\u6982\u89c8\u3002] PASSED [ 38%]
tests/integration/test_wic_governed_work_admission.py::test_bounded_feature_execution_uses_steering_without_product_questionnaire[product-constraints0-design-\u589e\u52a0\u4e1a\u52a1\u6982\u89c8\uff0c\u8ba9\u6211\u4e00\u773c\u770b\u51fa\u8fd0\u8425\u60c5\u51b5\u3002] PASSED [ 38%]
tests/integration/test_wic_governed_work_admission.py::test_bounded_feature_execution_uses_steering_without_product_questionnaire[product-constraints0-design-\u4fee\u590d\u5f53\u524d\u9879\u76ee\u7684\u6784\u5efa\u9519\u8bef\uff0c\u5e76\u7ed9\u51fa\u53ef\u8fd0\u884c\u9884\u89c8\u3002] PASSED [ 38%]
tests/integration/test_wic_governed_work_admission.py::test_bounded_feature_execution_uses_steering_without_product_questionnaire[product-constraints0-design-\u542f\u52a8\u5f53\u524d\u9879\u76ee\uff0c\u7ed9\u6211\u9884\u89c8\u3002] PASSED [ 38%]
tests/integration/test_wic_governed_work_admission.py::test_bounded_feature_execution_uses_steering_without_product_questionnaire[product-constraints1-execution-\u8bf7\u5728\u73b0\u6709\u7f51\u7ad9\u9876\u90e8\u5bfc\u822a\u680f\u52a0\u4e00\u4e2a\u5173\u4e8e\u6211\u4eec\u94fe\u63a5\u5230 /about\uff0c\u5148\u7ed9\u6211\u9884\u89c8\u3002] PASSED [ 38%]
tests/integration/test_wic_governed_work_admission.py::test_bounded_feature_execution_uses_steering_without_product_questionnaire[product-constraints1-execution-\u6211\u60f3\u8ba9\u7f51\u7ad9\u652f\u6301\u7528\u6237\u53cd\u9988\u3002] PASSED [ 38%]
tests/integration/test_wic_governed_work_admission.py::test_bounded_feature_execution_uses_steering_without_product_questionnaire[product-constraints1-execution-\u6211\u60f3\u8ba9\u5e94\u7528\u63d0\u4f9b\u4e1a\u52a1\u6982\u89c8\u3002] PASSED [ 39%]
tests/integration/test_wic_governed_work_admission.py::test_bounded_feature_execution_uses_steering_without_product_questionnaire[product-constraints1-execution-\u589e\u52a0\u4e1a\u52a1\u6982\u89c8\uff0c\u8ba9\u6211\u4e00\u773c\u770b\u51fa\u8fd0\u8425\u60c5\u51b5\u3002] PASSED [ 39%]
tests/integration/test_wic_governed_work_admission.py::test_bounded_feature_execution_uses_steering_without_product_questionnaire[product-constraints1-execution-\u4fee\u590d\u5f53\u524d\u9879\u76ee\u7684\u6784\u5efa\u9519\u8bef\uff0c\u5e76\u7ed9\u51fa\u53ef\u8fd0\u884c\u9884\u89c8\u3002] PASSED [ 39%]
tests/integration/test_wic_governed_work_admission.py::test_bounded_feature_execution_uses_steering_without_product_questionnaire[product-constraints1-execution-\u542f\u52a8\u5f53\u524d\u9879\u76ee\uff0c\u7ed9\u6211\u9884\u89c8\u3002] PASSED [ 39%]
tests/integration/test_wic_governed_work_admission.py::test_bounded_feature_execution_uses_steering_without_product_questionnaire[product-constraints1-design-\u8bf7\u5728\u73b0\u6709\u7f51\u7ad9\u9876\u90e8\u5bfc\u822a\u680f\u52a0\u4e00\u4e2a\u5173\u4e8e\u6211\u4eec\u94fe\u63a5\u5230 /about\uff0c\u5148\u7ed9\u6211\u9884\u89c8\u3002] PASSED [ 39%]
tests/integration/test_wic_governed_work_admission.py::test_bounded_feature_execution_uses_steering_without_product_questionnaire[product-constraints1-design-\u6211\u60f3\u8ba9\u7f51\u7ad9\u652f\u6301\u7528\u6237\u53cd\u9988\u3002] PASSED [ 39%]
tests/integration/test_wic_governed_work_admission.py::test_bounded_feature_execution_uses_steering_without_product_questionnaire[product-constraints1-design-\u6211\u60f3\u8ba9\u5e94\u7528\u63d0\u4f9b\u4e1a\u52a1\u6982\u89c8\u3002] PASSED [ 39%]
tests/integration/test_wic_governed_work_admission.py::test_bounded_feature_execution_uses_steering_without_product_questionnaire[product-constraints1-design-\u589e\u52a0\u4e1a\u52a1\u6982\u89c8\uff0c\u8ba9\u6211\u4e00\u773c\u770b\u51fa\u8fd0\u8425\u60c5\u51b5\u3002] PASSED [ 39%]
tests/integration/test_wic_governed_work_admission.py::test_bounded_feature_execution_uses_steering_without_product_questionnaire[product-constraints1-design-\u4fee\u590d\u5f53\u524d\u9879\u76ee\u7684\u6784\u5efa\u9519\u8bef\uff0c\u5e76\u7ed9\u51fa\u53ef\u8fd0\u884c\u9884\u89c8\u3002] PASSED [ 39%]
tests/integration/test_wic_governed_work_admission.py::test_bounded_feature_execution_uses_steering_without_product_questionnaire[product-constraints1-design-\u542f\u52a8\u5f53\u524d\u9879\u76ee\uff0c\u7ed9\u6211\u9884\u89c8\u3002] PASSED [ 39%]
tests/integration/test_wic_governed_work_admission.py::test_work_status_question_is_read_only_and_independent_of_provider PASSED [ 39%]
tests/integration/test_wic_governed_work_admission.py::test_guided_design_progresses_governed_issues_and_reconstructs_after_restart PASSED [ 39%]
tests/integration/test_wic_governed_work_admission.py::test_guided_design_materializes_design_artifact_before_human_review PASSED [ 39%]
tests/integration/test_wic_governed_work_admission.py::test_guided_design_rejects_implementation_before_design_artifact_exists PASSED [ 39%]
tests/integration/test_wic_governed_work_admission.py::test_approved_design_artifact_allows_bounded_implementation_contract PASSED [ 39%]
tests/integration/test_wic_governed_work_admission.py::test_action_eligibility_hides_implementation_approval_when_design_evidence_stales PASSED [ 39%]
tests/integration/test_wic_governed_work_admission.py::test_repositoryless_work_still_requires_design_artifact_before_code PASSED [ 40%]
tests/integration/test_wic_governed_work_admission.py::test_production_feedback_can_reopen_issue_and_revise_plan_without_rewriting_history PASSED [ 40%]
tests/integration/test_wic_governed_work_admission.py::test_guided_design_reexecutes_current_issue_after_governed_work_reality_changes PASSED [ 40%]
tests/integration/test_wic_governed_work_admission.py::test_admission_api_requires_human_action_and_preserves_same_interaction[ACTIVE_AT_TRUSTED_BASELINE] PASSED [ 40%]
tests/integration/test_wic_governed_work_admission.py::test_admission_api_requires_human_action_and_preserves_same_interaction[ACTIVE_HUMAN_REVIEW] PASSED [ 40%]
tests/integration/test_wic_governed_work_admission.py::test_explicit_repository_action_automatically_executes_governed_admission PASSED [ 40%]
tests/integration/test_wic_governed_work_admission.py::test_explicit_pull_recovers_admitted_work_that_has_no_prior_acquisition_attempt PASSED [ 40%]
tests/integration/test_wic_governed_work_admission.py::test_unbound_repository_request_creates_work_without_bypassing_access[Fix this bug in my repo.-WAITING_FOR_REPOSITORY_SOURCE-0] PASSED [ 40%]
tests/integration/test_wic_governed_work_admission.py::test_unbound_repository_request_creates_work_without_bypassing_access[Pull https://github.com/acme/private-repository and fix this bug.-WAITING_FOR_AUTHORIZATION-1] PASSED [ 40%]
tests/integration/test_wic_governed_work_admission.py::test_failed_repository_acquisition_reuses_work_and_retries_with_new_attempt PASSED [ 40%]
tests/integration/test_wic_governed_work_admission.py::test_repository_attempt_history_preserves_failure_and_new_retry_result PASSED [ 40%]
tests/integration/test_wic_governed_work_admission.py::test_repository_acquisition_persists_requested_then_running_before_git_effect PASSED [ 40%]
tests/integration/test_wic_governed_work_admission.py::test_repository_acquisition_unexpected_effect_failure_is_terminalized PASSED [ 40%]
tests/integration/test_wic_governed_work_admission.py::test_governed_branch_operation_preserves_main_and_binds_exact_commit[False-False-test] PASSED [ 40%]
tests/integration/test_wic_governed_work_admission.py::test_governed_branch_operation_preserves_main_and_binds_exact_commit[True-False-test] PASSED [ 40%]
tests/integration/test_wic_governed_work_admission.py::test_governed_branch_operation_preserves_main_and_binds_exact_commit[False-True-test] PASSED [ 40%]
tests/integration/test_wic_governed_work_admission.py::test_governed_branch_operation_preserves_main_and_binds_exact_commit[False-True-feat_test] PASSED [ 41%]
tests/integration/test_wic_governed_work_admission.py::test_restart_resumes_persisted_repository_attempt_without_current_assessment PASSED [ 41%]
tests/integration/test_wic_governed_work_admission.py::test_repository_acquisition_accepts_extensionless_readme_context PASSED [ 41%]
tests/integration/test_wic_governed_work_admission.py::test_advisory_and_exploration_turns_do_not_auto_admit_work[How do I add a feature to GitHub projects?] PASSED [ 41%]
tests/integration/test_wic_governed_work_admission.py::test_advisory_and_exploration_turns_do_not_auto_admit_work[I want to build something like Airbnb.] PASSED [ 41%]
tests/integration/test_wic_governed_work_admission.py::test_wic3_focus_preservation_never_silently_mutates_work[SIDE_QUESTION-NO_GOVERNED_CHANGE-NOT_APPLICABLE] PASSED [ 41%]
tests/integration/test_wic_governed_work_admission.py::test_wic3_focus_preservation_never_silently_mutates_work[RELEVANT_EXPLORATION-NO_GOVERNED_CHANGE-NOT_APPLICABLE] PASSED [ 41%]
tests/integration/test_wic_governed_work_admission.py::test_wic3_focus_preservation_never_silently_mutates_work[MATERIAL_BRANCH-NEW_WORK_RECOMMENDED-NEW_WORK_RECOMMENDED] PASSED [ 41%]
tests/integration/test_wic_governed_work_admission.py::test_wic3_focus_preservation_never_silently_mutates_work[UNRELATED_NEW_DEMAND-NEW_WORK_RECOMMENDED-NEW_WORK_RECOMMENDED] PASSED [ 41%]
tests/integration/test_wic_governed_work_admission.py::test_design_posture_does_not_discard_explicit_current_feature_request PASSED [ 41%]
tests/integration/test_wic_governed_work_admission.py::test_q36_five_human_steering_kinds_receive_exact_durable_dispositions[New runtime fact: the deployment region is Shanghai.-ON_TOPIC-CURRENT_CYCLE_REMAINS_VALID-FACT-change_kwargs0-context_facts-PENDING_HUMAN] PASSED [ 41%]
tests/integration/test_wic_governed_work_admission.py::test_q36_five_human_steering_kinds_receive_exact_durable_dispositions[The service must keep all customer data in mainland China.-ON_TOPIC-CURRENT_RESULT_MAY_BE_INSUFFICIENT-CONSTRAINT-change_kwargs1-constraints-PENDING_HUMAN] PASSED [ 41%]
tests/integration/test_wic_governed_work_admission.py::test_q36_five_human_steering_kinds_receive_exact_durable_dispositions[Correction: the target is a backend system, not a campaign.-ON_TOPIC-CURRENT_RESULT_MAY_BE_INSUFFICIENT-CORRECTION-change_kwargs2-context_facts-PENDING_HUMAN] PASSED [ 41%]
tests/integration/test_wic_governed_work_admission.py::test_q36_five_human_steering_kinds_receive_exact_durable_dispositions[Please use an incremental migration for this local approach.-ON_TOPIC-DEFER_TO_PRODUCTION_BOUNDARY-REQUEST-change_kwargs3-requests-PENDING_HUMAN] PASSED [ 41%]
tests/integration/test_wic_governed_work_admission.py::test_q36_five_human_steering_kinds_receive_exact_durable_dispositions[Separately, build an unrelated billing analytics product.-UNRELATED_NEW_DEMAND-NEW_WORK_RECOMMENDED-NEW_WORK_CANDIDATE-change_kwargs4-None-NEW_WORK_RECOMMENDED] PASSED [ 41%]
tests/integration/test_wic_governed_work_admission.py::test_wic3_human_governed_revision_is_append_only_exact_and_idempotent PASSED [ 41%]
tests/integration/test_wic_governed_work_admission.py::test_wic3_stale_assessment_cannot_mutate_newer_interaction_reality PASSED [ 42%]
tests/integration/test_wic_governed_work_admission.py::test_wic3_interrupted_assessment_recovers_without_provider_invented_evidence PASSED [ 42%]
tests/integration/test_wic_governed_work_admission.py::test_wic3_active_cycle_remains_bound_to_old_revision_and_input_is_not_injected[CURRENT_RESULT_MAY_BE_INSUFFICIENT] PASSED [ 42%]
tests/integration/test_wic_governed_work_admission.py::test_wic3_active_cycle_remains_bound_to_old_revision_and_input_is_not_injected[HUMAN_GOVERNANCE_REQUIRED] PASSED [ 42%]
tests/integration/test_wic_governed_work_admission.py::test_wic3_revision_api_triggers_existing_steering_driver_only_after_approval PASSED [ 42%]
tests/integration/test_wic_governed_work_admission.py::test_new_admitted_request_revises_stale_design_agenda_without_runtime_result PASSED [ 42%]
tests/integration/test_wic_governed_work_admission.py::test_wic4_completed_work_continuation_reopens_satisfaction_without_rewriting_completion PASSED [ 42%]
tests/integration/test_wic_governed_work_admission.py::test_approved_design_artifact_reopens_plan_for_code_instead_of_completing_work PASSED [ 42%]
tests/integration/test_wic_governed_work_admission.py::test_wic4_non_switch_transition_choices_are_idempotent_and_preserve_work[CONTINUE_CURRENT_WORK] PASSED [ 42%]
tests/integration/test_wic_governed_work_admission.py::test_wic4_non_switch_transition_choices_are_idempotent_and_preserve_work[DISMISSED] PASSED [ 42%]
tests/integration/test_wic_governed_work_admission.py::test_wic4_new_work_transition_survives_restart_and_forms_independent_work PASSED [ 42%]
tests/integration/test_wic_governed_work_admission.py::test_wic4_explicit_different_system_object_requires_human_new_work_decision PASSED [ 42%]
tests/integration/test_wic_governed_work_admission.py::test_wic_admission_migration_downgrade_and_reupgrade PASSED [ 42%]
tests/integration/test_wic_governed_work_admission.py::test_wic3_migration_round_trip_is_additive_and_reversible PASSED [ 42%]
tests/integration/test_wic_governed_work_admission.py::test_wic4_migration_round_trip_preserves_transition_provenance PASSED [ 42%]
tests/integration/test_wic_governed_work_admission.py::test_human_answer_to_current_design_question_admits_once_and_schedules PASSED [ 42%]
tests/integration/test_wic_pre_work_interaction.py::test_pre_work_progression_is_reconstructable_and_never_creates_work PASSED [ 42%]
tests/integration/test_wic_pre_work_interaction.py::test_wic_structured_candidate_refinement_persists_on_assessment_without_turn PASSED [ 43%]
tests/integration/test_wic_pre_work_interaction.py::test_design_intent_correction_reframes_schema_and_reconstructs_history PASSED [ 43%]
tests/integration/test_wic_pre_work_interaction.py::test_idle_conversation_is_valid_interaction_but_not_ready_or_work PASSED [ 43%]
tests/integration/test_wic_pre_work_interaction.py::test_interrupted_recovery_and_stale_provider_result_fail_closed PASSED [ 43%]
tests/integration/test_wic_pre_work_interaction.py::test_interaction_api_keeps_ready_assessment_pre_work PASSED [ 43%]
tests/integration/test_wic_pre_work_interaction.py::test_async_turn_persists_history_schema_guidance_and_restarts PASSED [ 43%]
tests/integration/test_wic_pre_work_interaction.py::test_async_turn_projects_real_delta_before_completion_and_persists_final_message PASSED [ 43%]
tests/integration/test_wic_pre_work_interaction.py::test_controlled_vnext_exposes_fast_and_settles_one_policy_governed_response PASSED [ 43%]
tests/integration/test_wic_pre_work_interaction.py::test_controlled_pre_work_progresses_through_governed_realizer_before_final PASSED [ 43%]
tests/integration/test_wic_pre_work_interaction.py::test_controlled_vnext_blocks_unsafe_provider_prose_in_actual_response_path PASSED [ 43%]
tests/integration/test_wic_pre_work_interaction.py::test_controlled_vnext_corrects_brownfield_premise_in_actual_response_path PASSED [ 43%]
tests/integration/test_wic_pre_work_interaction.py::test_controlled_realizer_failure_keeps_partial_evidence_without_false_final PASSED [ 43%]
tests/integration/test_wic_pre_work_interaction.py::test_runtime_rollback_keeps_vnext_evidence_inert_and_resumes_legacy PASSED [ 43%]
tests/integration/test_wic_pre_work_interaction.py::test_async_turn_failure_is_persisted_without_work PASSED [ 43%]
tests/integration/test_wic_pre_work_interaction.py::test_failed_turn_retries_preserved_input_and_retains_diagnostic_evidence PASSED [ 43%]
tests/integration/test_wic_pre_work_interaction.py::test_incomplete_turn_is_recoverable_without_admitting_invalid_reality PASSED [ 43%]
tests/integration/test_wic_pre_work_interaction.py::test_controlled_turn_automatically_recovers_preserved_input_and_sse PASSED [ 44%]
tests/integration/test_wic_pre_work_interaction.py::test_controlled_turn_recovery_budget_survives_restart PASSED [ 44%]
tests/integration/test_wic_pre_work_interaction.py::test_failed_turn_evidence_is_sanitized_and_written_before_cleanup PASSED [ 44%]
tests/integration/test_wic_pre_work_interaction.py::test_async_http_turn_streams_persisted_status_and_response PASSED [ 44%]
tests/integration/test_wic_pre_work_interaction.py::test_controlled_http_stream_replays_one_response_without_duplicate_identity PASSED [ 44%]
tests/integration/test_wic_pre_work_interaction.py::test_pre_work_is_durable_visible_and_production_inert PASSED [ 44%]
tests/integration/test_wic_pre_work_interaction.py::test_pre_work_admission_reuses_identity_and_discard_is_bounded PASSED [ 44%]
tests/integration/test_wic_pre_work_interaction.py::test_plain_interaction_does_not_create_pre_work PASSED [ 44%]
tests/integration/test_wic_response_contract.py::test_pre_work_contract_replays_after_reload_without_becoming_semantic_truth PASSED [ 44%]
tests/integration/test_wic_response_contract.py::test_active_exploration_does_not_promote_proposed_design_to_work_truth PASSED [ 44%]
tests/integration/test_wic_response_contract.py::test_active_reality_questions_are_provider_free_and_do_not_mutate_work[\u73b0\u5728\u505a\u5230\u54ea\u4e86\uff1f-STATUS-\u5f53\u524d Work \u5c1a\u672a\u8fdb\u5165\u751f\u4ea7\u6267\u884c] PASSED [ 44%]
tests/integration/test_wic_response_contract.py::test_active_reality_questions_are_provider_free_and_do_not_mutate_work[\u4e3a\u4ec0\u4e48\u4e00\u76f4\u5361\u5728 QUEUED\uff1f-DIAGNOSE-\u5f53\u524d\u751f\u4ea7\u5468\u671f\u6ca1\u6709\u5bf9\u5e94\u7684\u6267\u884c\u961f\u5217\u8bb0\u5f55] PASSED [ 44%]
tests/integration/test_wic_response_contract.py::test_execution_contract_uses_existing_admission_without_granting_authority PASSED [ 44%]
tests/integration/test_wic_response_contract.py::test_contract_is_durable_before_first_delta_and_streams_before_terminal[False] PASSED [ 44%]
tests/integration/test_wic_response_contract.py::test_contract_is_durable_before_first_delta_and_streams_before_terminal[True] PASSED [ 44%]
tests/integration/test_wic_response_contract.py::test_failed_realization_contract_is_evidence_not_next_turn_trajectory PASSED [ 44%]
tests/integration/test_wic_response_contract.py::test_human_sse_skips_internal_contract_event_and_replays_without_model_recall PASSED [ 45%]
tests/integration/test_work_convergence.py::test_no_progress_cannot_be_reset_by_new_candidate_or_boundary PASSED [ 45%]
tests/integration/test_work_convergence.py::test_lifetime_budget_and_human_authority_are_independent PASSED [ 45%]
tests/integration/test_work_delivery.py::test_empty_work_then_two_repository_namespaces PASSED [ 45%]
tests/integration/test_work_delivery.py::test_unconfirmed_remote_repository_remains_nonblocking_asset_candidate PASSED [ 45%]
tests/integration/test_work_delivery.py::test_design_to_trusted_delivery_and_explicit_acceptance PASSED [ 45%]
tests/integration/test_work_delivery.py::test_recovery_resolves_exact_namespace_with_another_repository_present PASSED [ 45%]
tests/integration/test_work_delivery.py::test_namespace_migration_preserves_legacy_baseline_and_refuses_lossy_downgrade PASSED [ 45%]
tests/test_bootstrap.py::test_bootstrap_has_no_external_side_effects PASSED [ 45%]
tests/test_brownfield_delivery_vertical_slice.py::test_real_repository_container_preview_delivery_and_reality_refresh SKIPPED [ 45%]
tests/test_candidate_full_preview.py::test_review_preparation_is_automatic_and_waits_for_served_evidence PASSED [ 45%]
tests/test_candidate_full_preview.py::test_preview_transient_failure_retries_with_preserved_lineage PASSED [ 45%]
tests/test_candidate_full_preview.py::test_preview_pending_retry_survives_service_restart PASSED [ 45%]
tests/test_candidate_full_preview.py::test_p1_preview_retention_keeps_review_and_evidence_then_releases_runtime PASSED [ 45%]
tests/test_candidate_full_preview.py::test_exact_candidate_preparation_rejects_tree_mismatch PASSED [ 45%]
tests/test_candidate_full_preview.py::test_ready_requires_exact_candidate_and_stale_preview_is_invalidated PASSED [ 45%]
tests/test_candidate_full_preview.py::test_full_application_delivery_requires_exact_served_runtime_evidence PASSED [ 46%]
tests/test_candidate_full_preview.py::test_restart_reconciles_missing_runtime_without_claiming_ready PASSED [ 46%]
tests/test_candidate_full_preview.py::test_unhealthy_runtime_never_becomes_ready_and_cleanup_is_recorded PASSED [ 46%]
tests/test_candidate_full_preview.py::test_stop_removes_runtime_but_retains_record_and_human_evidence PASSED [ 46%]
tests/test_candidate_full_preview.py::test_unobservable_runtime_does_not_falsely_record_failure PASSED [ 46%]
tests/test_candidate_full_preview.py::test_ready_contract_rejects_missing_runtime_identity PASSED [ 46%]
tests/test_candidate_full_preview.py::test_mode_selection_uses_candidate_runtime_and_changed_artifacts PASSED [ 46%]
tests/test_candidate_full_preview.py::test_frontend_runtime_has_real_endpoint_and_deterministic_cleanup PASSED [ 46%]
tests/test_candidate_full_preview.py::test_final_preview_failure_records_first_or_exhausted_owner_budget[build failed] PASSED [ 46%]
tests/test_candidate_full_preview.py::test_final_preview_failure_records_first_or_exhausted_owner_budget[all predefined address pools have been fully subnetted] PASSED [ 46%]
tests/test_candidate_inventory.py::test_document_candidate_uses_only_exact_artifact_in_large_repository PASSED [ 46%]
tests/test_candidate_preview_topology.py::test_bounded_supporting_service_declaration_fails_explicitly PASSED [ 46%]
tests/test_cli.py::test_cli_status_loads_settings_and_bootstraps PASSED  [ 46%]
tests/test_cli.py::test_cli_help_exits_successfully PASSED               [ 46%]
tests/test_cli.py::test_cli_database_check_requires_configuration PASSED [ 46%]
tests/test_config.py::test_default_wic_uses_deepseek_with_logically_separate_role_profiles PASSED [ 46%]
tests/test_config.py::test_default_runtime_exposes_all_three_exact_role_profiles PASSED [ 47%]
tests/test_config.py::test_settings_load_from_environment PASSED         [ 47%]
tests/test_config.py::test_collaboration_provider_settings_are_independent_of_executor PASSED [ 47%]
tests/test_config.py::test_collaboration_reasoning_settings_reject_unsupported_values PASSED [ 47%]
tests/test_connector_manifest.py::test_system_capability_reality_contains_truthful_executable_inventory PASSED [ 47%]
tests/test_connector_manifest.py::test_native_tool_contracts_have_installed_connector_backing PASSED [ 47%]
tests/test_connector_manifest.py::test_generic_process_cannot_bypass_git_delivery_authority PASSED [ 47%]
tests/test_container_production_environment_provider.py::test_container_provider_covers_prepare_execute_collect_and_cleanup PASSED [ 47%]
tests/test_container_production_environment_provider.py::test_container_provider_rejects_failed_dependency_preparation PASSED [ 47%]
tests/test_container_production_environment_provider.py::test_docker_runtime_uses_shared_compose_workspace_volume PASSED [ 47%]
tests/test_container_production_environment_provider.py::test_native_tool_command_binds_workspace_python_imports PASSED [ 47%]
tests/test_container_production_environment_provider.py::test_docker_execution_passes_bounded_workspace_python_environment PASSED [ 47%]
tests/test_control_room_sources.py::test_work_sources_are_relevant_pinned_read_only_and_exclude_symlinks PASSED [ 47%]
tests/test_control_room_sources.py::test_reality_browser_has_no_fabricated_files_when_work_has_no_matches PASSED [ 47%]
tests/test_control_state_invariants.py::test_control_state_rejects_human_attention_without_action PASSED [ 47%]
tests/test_control_state_invariants.py::test_control_state_rejects_blocked_dead_end_and_unowned_finished_attempt PASSED [ 47%]
tests/test_control_state_invariants.py::test_control_state_rejects_running_without_execution_subject PASSED [ 48%]
tests/test_control_state_invariants.py::test_control_state_accepts_active_automatic_progression_owner PASSED [ 48%]
tests/test_control_state_invariants.py::test_control_state_accepts_human_candidate_boundary PASSED [ 48%]
tests/test_control_state_invariants.py::test_control_state_detects_duplicate_attention_and_workspace_collapse PASSED [ 48%]
tests/test_control_state_invariants.py::test_stopped_steering_is_system_owned_without_fabricating_human_attention PASSED [ 48%]
tests/test_conversation_intelligence_contracts.py::test_structured_collaboration_result_guards_intent_specific_requirements PASSED [ 48%]
tests/test_conversation_intelligence_contracts.py::test_native_context_assembly_is_bounded_and_reuses_known_reality PASSED [ 48%]
tests/test_conversation_intelligence_contracts.py::test_response_composer_supplies_only_bounded_context_and_structured_result PASSED [ 48%]
tests/test_conversation_intelligence_contracts.py::test_provider_wire_contracts_separate_semantics_from_human_expression PASSED [ 48%]
tests/test_conversation_intelligence_contracts.py::test_compatibility_facade_runs_two_provider_neutral_stages_and_streams_wording PASSED [ 48%]
tests/test_conversation_intelligence_contracts.py::test_conversation_quality_benchmark_has_broad_reusable_coverage PASSED [ 48%]
tests/test_conversation_intelligence_contracts.py::test_actual_dialogue_preserves_watt_options_for_referential_follow_up PASSED [ 48%]
tests/test_conversation_intelligence_contracts.py::test_current_correction_replaces_stale_candidates_and_supplies_current_constraints PASSED [ 48%]
tests/test_conversation_intelligence_contracts.py::test_current_candidates_do_not_rewrite_admitted_work_context_or_provider_contract PASSED [ 48%]
tests/test_conversation_intelligence_contracts.py::test_latest_source_input_is_present_after_legacy_synchronous_append PASSED [ 48%]
tests/test_conversation_intelligence_contracts.py::test_staged_and_coalesced_transport_share_one_conversation_policy PASSED [ 48%]
tests/test_conversation_quality_refinement.py::test_experience_recovery_corpus_covers_required_human_journeys PASSED [ 49%]
tests/test_conversation_quality_refinement.py::test_recovery_corpus_spans_distinct_objects_without_expected_prose PASSED [ 49%]
tests/test_conversation_quality_refinement.py::test_multiturn_review_covers_quality_risks_beyond_single_intent PASSED [ 49%]
tests/test_conversation_quality_refinement.py::test_multiturn_fixture_can_run_from_an_empty_pre_work_conversation[priority-solo-deadline-multiturn-zh] PASSED [ 49%]
tests/test_conversation_quality_refinement.py::test_multiturn_fixture_can_run_from_an_empty_pre_work_conversation[correction-persistence-multiturn-zh] PASSED [ 49%]
tests/test_conversation_quality_refinement.py::test_multiturn_fixture_can_run_from_an_empty_pre_work_conversation[rejected-direction-multiturn-zh] PASSED [ 49%]
tests/test_conversation_quality_refinement.py::test_multiturn_fixture_can_run_from_an_empty_pre_work_conversation[deferred-question-multiturn-zh] PASSED [ 49%]
tests/test_conversation_quality_refinement.py::test_multiturn_fixture_can_run_from_an_empty_pre_work_conversation[detour-return-multiturn-zh] PASSED [ 49%]
tests/test_conversation_quality_refinement.py::test_multiturn_fixture_can_run_from_an_empty_pre_work_conversation[useful-detail-multiturn-zh] PASSED [ 49%]
tests/test_dcp2_measurement_contracts.py::test_dcp2_observed_derived_and_unavailable_semantics_are_distinct PASSED [ 49%]
tests/test_dcp2_measurement_contracts.py::test_dcp2_unavailable_measurement_cannot_carry_fabricated_timing PASSED [ 49%]
tests/test_dcp2_measurement_contracts.py::test_dcp2_import_does_not_change_plan_1b_classification PASSED [ 49%]
tests/test_deepseek_inference_adapter.py::test_deepseek_structured_response_uses_exact_official_responses_shape PASSED [ 49%]
tests/test_deepseek_inference_adapter.py::test_deepseek_terminal_text_rejects_continue_with_safe_validation_fingerprint PASSED [ 49%]
tests/test_deepseek_inference_adapter.py::test_deepseek_result_ready_requires_claim_without_persisting_provider_text PASSED [ 49%]
tests/test_deepseek_inference_adapter.py::test_deepseek_function_call_is_normalized_without_executing_it PASSED [ 49%]
tests/test_deepseek_inference_adapter.py::test_deepseek_stream_preserves_multiple_semantic_tool_proposals PASSED [ 50%]
tests/test_deepseek_inference_adapter.py::test_deepseek_resource_errors_are_normalized[402-False] PASSED [ 50%]
tests/test_deepseek_inference_adapter.py::test_deepseek_resource_errors_are_normalized[429-True] PASSED [ 50%]
tests/test_deepseek_inference_adapter.py::test_deepseek_resource_errors_are_normalized[500-True] PASSED [ 50%]
tests/test_deepseek_inference_adapter.py::test_deepseek_resource_errors_are_normalized[503-True] PASSED [ 50%]
tests/test_deepseek_inference_adapter.py::test_deepseek_incomplete_http_body_is_a_sanitized_terminal_adapter_error PASSED [ 50%]
tests/test_deepseek_inference_adapter.py::test_deepseek_partial_stream_is_never_accepted_as_completion PASSED [ 50%]
tests/test_deepseek_inference_adapter.py::test_deepseek_connection_closed_before_first_byte_is_upstream_disconnect PASSED [ 50%]
tests/test_deepseek_inference_adapter.py::test_deepseek_connect_and_timeout_failures_remain_distinct[raised0-TIMEOUT-None] PASSED [ 50%]
tests/test_deepseek_inference_adapter.py::test_deepseek_connect_and_timeout_failures_remain_distinct[raised1-CONNECT_FAILURE-False] PASSED [ 50%]
tests/test_deepseek_inference_adapter.py::test_deepseek_empty_stream_is_typed_and_not_successful PASSED [ 50%]
tests/test_deepseek_inference_adapter.py::test_deepseek_explicit_stream_error_remains_provider_error PASSED [ 50%]
tests/test_deepseek_inference_adapter.py::test_deepseek_rejects_unknown_provider_tool_correlation PASSED [ 50%]
tests/test_deepseek_inference_adapter.py::test_deepseek_rejects_malformed_tool_arguments_with_stable_reason PASSED [ 50%]
tests/test_deepseek_inference_adapter.py::test_deepseek_worker_readiness_is_no_request_and_secret_free PASSED [ 50%]
tests/test_deepseek_inference_adapter.py::test_minimal_probe_issues_one_request_without_tools_or_production PASSED [ 50%]
tests/test_deepseek_inference_adapter.py::test_tool_flow_probe_is_two_submissions_and_one_read_only_delivery PASSED [ 51%]
tests/test_deepseek_inference_adapter.py::test_native_compose_reuses_shared_deepseek_credential_with_separate_profiles PASSED [ 51%]
tests/test_deepseek_semantic_provider.py::test_deepseek_semantic_executes_the_governed_steering_purpose PASSED [ 51%]
tests/test_deepseek_semantic_provider.py::test_semantic_refinement_uses_same_input_and_explicit_validation_feedback PASSED [ 51%]
tests/test_deepseek_semantic_provider.py::test_missing_disposition_gets_one_typed_repair_without_loose_admission PASSED [ 51%]
tests/test_deepseek_semantic_provider.py::test_incomplete_unresolved_disposition_gets_one_strict_repair PASSED [ 51%]
tests/test_deepseek_semantic_provider.py::test_invalid_json_gets_exactly_one_strict_repair PASSED [ 51%]
tests/test_deepseek_semantic_provider.py::test_missing_production_field_gets_one_strict_repair PASSED [ 51%]
tests/test_deepseek_wic_provider.py::test_deepseek_accepts_only_a_complete_json_code_fence PASSED [ 51%]
tests/test_deepseek_wic_provider.py::test_pre_work_coalesces_to_one_request_and_streams_only_human_text PASSED [ 51%]
tests/test_deepseek_wic_provider.py::test_controlled_pre_work_repairs_one_root_json_failure_without_visible_delta PASSED [ 51%]
tests/test_deepseek_wic_provider.py::test_controlled_pre_work_uses_semantics_then_governed_realizer_stream PASSED [ 51%]
tests/test_deepseek_wic_provider.py::test_controlled_pre_work_repairs_valid_json_with_schema_errors PASSED [ 51%]
tests/test_deepseek_wic_provider.py::test_controlled_pre_work_stops_after_one_failed_json_repair PASSED [ 51%]
tests/test_deepseek_wic_provider.py::test_shadow_pre_work_repairs_one_root_json_failure_without_second_stream PASSED [ 51%]
tests/test_deepseek_wic_provider.py::test_shadow_pre_work_repairs_schema_error_once_without_weakening_contract PASSED [ 51%]
tests/test_deepseek_wic_provider.py::test_shadow_pre_work_stops_after_one_failed_structured_repair PASSED [ 52%]
tests/test_deepseek_wic_provider.py::test_controlled_active_work_question_skips_discarded_conversation_call PASSED [ 52%]
tests/test_deepseek_wic_provider.py::test_controlled_active_work_repairs_one_semantic_schema_failure PASSED [ 52%]
tests/test_deepseek_wic_provider.py::test_shadow_active_work_bad_expression_uses_validated_semantic_answer PASSED [ 52%]
tests/test_deepseek_wic_provider.py::test_profiles_are_role_specific_and_control_pre_work_coalescing PASSED [ 52%]
tests/test_deepseek_wic_provider.py::test_governed_realizer_uses_configured_conversation_profile_and_streams PASSED [ 52%]
tests/test_delivery_contracts.py::test_delivery_paths_cannot_address_unadmitted_content[../secret.md] PASSED [ 52%]
tests/test_delivery_contracts.py::test_delivery_paths_cannot_address_unadmitted_content[/secret.md] PASSED [ 52%]
tests/test_delivery_contracts.py::test_delivery_paths_cannot_address_unadmitted_content[.git/config.md] PASSED [ 52%]
tests/test_delivery_contracts.py::test_delivery_paths_cannot_address_unadmitted_content[x\\y.md] PASSED [ 52%]
tests/test_delivery_contracts.py::test_delivery_paths_cannot_address_unadmitted_content[x:y.md] PASSED [ 52%]
tests/test_delivery_contracts.py::test_delivery_paths_cannot_address_unadmitted_content[docs/../secret.md] PASSED [ 52%]
tests/test_delivery_contracts.py::test_delivery_paths_cannot_address_unadmitted_content[docs//file.md] PASSED [ 52%]
tests/test_delivery_contracts.py::test_delivery_paths_cannot_address_unadmitted_content[page.html] PASSED [ 52%]
tests/test_delivery_contracts.py::test_delivery_requires_immutable_commit_identity[HEAD] PASSED [ 52%]
tests/test_delivery_contracts.py::test_delivery_requires_immutable_commit_identity[main] PASSED [ 52%]
tests/test_delivery_contracts.py::test_delivery_requires_immutable_commit_identity[--help] PASSED [ 53%]
tests/test_delivery_contracts.py::test_delivery_requires_immutable_commit_identity[aaaaaaaaaaaaaaaaaaaaaaaaaaaaaaaaaaaaaaa] PASSED [ 53%]
tests/test_delivery_contracts.py::test_delivery_requires_immutable_commit_identity[gggggggggggggggggggggggggggggggggggggggg] PASSED [ 53%]
tests/test_delivery_contracts.py::test_target_and_human_decision_require_substantive_input PASSED [ 53%]
tests/test_delivery_contracts.py::test_software_target_cannot_supply_host_commands_or_unsafe_entrypoints[recipe0] PASSED [ 53%]
tests/test_delivery_contracts.py::test_software_target_cannot_supply_host_commands_or_unsafe_entrypoints[recipe1] PASSED [ 53%]
tests/test_delivery_contracts.py::test_software_target_cannot_supply_host_commands_or_unsafe_entrypoints[recipe2] PASSED [ 53%]
tests/test_delivery_contracts.py::test_software_target_cannot_supply_host_commands_or_unsafe_entrypoints[recipe3] PASSED [ 53%]
tests/test_delivery_contracts.py::test_software_target_cannot_supply_host_commands_or_unsafe_entrypoints[recipe4] PASSED [ 53%]
tests/test_delivery_contracts.py::test_software_target_requires_explicit_supported_runtime_and_form PASSED [ 53%]
tests/test_delivery_contracts.py::test_full_application_delivery_packages_exact_supported_runtime_tree PASSED [ 53%]
tests/test_design_intent_framing_contracts.py::test_design_intent_frame_rejects_unexplained_false_uncertainty PASSED [ 53%]
tests/test_design_intent_framing_contracts.py::test_framing_distinguishes_design_objects_before_schema_selection[\u6211\u8981\u505a\u4e00\u4e2a\u7535\u5546\u7cfb\u7edf\u3002-PRODUCT_SYSTEM-General Product/System Design] PASSED [ 53%]
tests/test_design_intent_framing_contracts.py::test_framing_distinguishes_design_objects_before_schema_selection[\u6211\u8981\u4f18\u5316\u7814\u53d1\u6548\u7387\u3002-UNKNOWN-None] PASSED [ 53%]
tests/test_design_intent_framing_contracts.py::test_framing_distinguishes_design_objects_before_schema_selection[\u6211\u8981\u7ed9\u73b0\u6709\u8fd0\u8425\u540e\u53f0\u589e\u52a0\u76f4\u64ad\u6392\u671f\u3002-FEATURE-Existing Product Evolution] PASSED [ 53%]
tests/test_design_intent_framing_contracts.py::test_framing_distinguishes_design_objects_before_schema_selection[\u6211\u60f3\u7b56\u5212\u4e00\u6b21 Watt \u53d1\u5e03\u76f4\u64ad\u3002-OPERATIONAL_ACTIVITY-None] PASSED [ 53%]
tests/test_design_intent_framing_contracts.py::test_operations_platform_context_does_not_override_product_object PASSED [ 54%]
tests/test_design_intent_framing_contracts.py::test_provider_wire_and_prompts_carry_frame_without_an_extra_provider_stage PASSED [ 54%]
tests/test_design_intent_framing_contracts.py::test_methodology_follows_framed_subject_not_business_context[Operations management platform-Promote infrastructure and database products to architecture teams-General Product/System Design] PASSED [ 54%]
tests/test_design_intent_framing_contracts.py::test_methodology_follows_framed_subject_not_business_context[Database architecture-Support promotion operations-Technical System Design] PASSED [ 54%]
tests/test_docker_product_contracts.py::test_docker_01_05_compose_has_only_product_and_database_services PASSED [ 54%]
tests/test_docker_product_contracts.py::test_docker_03_04_startup_is_migration_first_and_idempotent PASSED [ 54%]
tests/test_docker_product_contracts.py::test_docker_13_14_18_19_20_configuration_preserves_boundaries PASSED [ 54%]
tests/test_docker_product_contracts.py::test_docker_07_08_image_contains_server_migrations_and_packaged_ui PASSED [ 54%]
tests/test_docker_product_contracts.py::test_uncommitted_qualification_is_explicit_and_keeps_normal_activation PASSED [ 54%]
tests/test_dogfood_repository_scope.py::test_nav_link_discovers_markup_without_promoting_adjacent_files PASSED [ 54%]
tests/test_dogfood_repository_scope.py::test_provider_cannot_add_about_route_to_admitted_nav_link_work PASSED [ 54%]
tests/test_dogfood_repository_scope.py::test_scope_proof_rejects_fabricated_or_unauthorized_witness[repository] PASSED [ 54%]
tests/test_dogfood_repository_scope.py::test_scope_proof_rejects_fabricated_or_unauthorized_witness[human] PASSED [ 54%]
tests/test_dogfood_repository_scope.py::test_scope_proof_rejects_fabricated_or_unauthorized_witness[candidate] PASSED [ 54%]
tests/test_dogfood_repository_scope.py::test_scope_proofs_admit_multiple_real_surfaces_without_adjacent_test_write PASSED [ 54%]
tests/test_dogfood_repository_scope.py::test_incomplete_persistence_proposal_cannot_admit_without_requested_form PASSED [ 54%]
tests/test_engineering_semantic_truth.py::test_neutral_extraction_pads_missing_roles_without_inventing_meaning PASSED [ 55%]
tests/test_engineering_semantic_truth.py::test_neutral_extraction_still_rejects_surplus_roles PASSED [ 55%]
tests/test_engineering_semantic_truth.py::test_provider_quote_is_canonicalized_to_exact_cited_human_text PASSED [ 55%]
tests/test_engineering_semantic_truth.py::test_provider_quote_rebinds_to_the_human_record_that_contains_it PASSED [ 55%]
tests/test_engineering_semantic_truth.py::test_cross_domain_software_cases_use_one_semantic_algebra[\u9996\u9875 banner \u505a\u6210 1920\xd71080\u3002-extraction0-facts0-expected0] PASSED [ 55%]
tests/test_engineering_semantic_truth.py::test_cross_domain_software_cases_use_one_semantic_algebra[\u505a 3 \u4e2a\u9875\u9762\uff0c\u6bcf\u9875 5 \u5f20\u5361\u7247\u3002-extraction1-facts1-expected1] PASSED [ 55%]
tests/test_engineering_semantic_truth.py::test_cross_domain_software_cases_use_one_semantic_algebra[\u505a 5 \u6761\u8def\u7ebf\uff0c\u6bcf\u6761 9 \u683c\u3002-extraction2-facts2-expected2] PASSED [ 55%]
tests/test_engineering_semantic_truth.py::test_cross_domain_software_cases_use_one_semantic_algebra[\u8fd9\u4e2a\u63a5\u53e3\u54cd\u5e94\u65f6\u95f4\u4e0d\u8981\u8d85\u8fc7 30 \u79d2\u3002-extraction3-facts3-expected3] PASSED [ 55%]
tests/test_engineering_semantic_truth.py::test_cross_domain_software_cases_use_one_semantic_algebra[\u90e8\u95e8\u7ba1\u7406\u5458\u53ea\u80fd\u4fee\u6539\u672c\u90e8\u95e8\u5458\u5de5\u3002-extraction4-facts4-expected4] PASSED [ 55%]
tests/test_engineering_semantic_truth.py::test_cross_domain_software_cases_use_one_semantic_algebra[\u70b9\u51fb\u6309\u94ae\u540e\u5f39\u51fa hello Watt\u3002-extraction5-facts5-expected5] PASSED [ 55%]
tests/test_engineering_semantic_truth.py::test_course_schedule_assumption_and_explicit_axes_override_have_one_lineage PASSED [ 55%]
tests/test_engineering_semantic_truth.py::test_reversible_assumption_is_admitted_then_cleanly_corrected PASSED [ 55%]
tests/test_engineering_semantic_truth.py::test_conversation_and_production_consume_the_same_admitted_fact_identity PASSED [ 55%]
tests/test_engineering_semantic_truth.py::test_semantic_core_contains_no_business_case_parser_registry PASSED [ 55%]
tests/test_external_research.py::test_explicit_search_routing_is_canonical_and_not_production_mutation PASSED [ 55%]
tests/test_external_research.py::test_target_repository_and_viewable_preview_do_not_trigger_external_fetch PASSED [ 55%]
tests/test_external_research.py::test_query_refines_once_and_stops_on_repeated_evidence PASSED [ 56%]
tests/test_external_research.py::test_weak_mature_repository_set_broadens_to_better_observed_candidates PASSED [ 56%]
tests/test_external_research.py::test_web_credential_boundary_preserves_github_results_and_truthful_failure PASSED [ 56%]
tests/test_external_research.py::test_gitHub_code_search_requires_read_credential_without_blocking_public_repos PASSED [ 56%]
tests/test_external_research.py::test_authenticated_code_and_public_issue_results_are_inspected_from_exact_resources PASSED [ 56%]
tests/test_external_research.py::test_public_repository_inspection_includes_readme_root_paths_and_package_metadata PASSED [ 56%]
tests/test_external_research.py::test_public_fetch_rejects_local_and_non_https_sources_before_network PASSED [ 56%]
tests/test_external_research.py::test_brave_search_parses_real_api_shape_and_fetches_page_separately PASSED [ 56%]
tests/test_external_research.py::test_direct_public_resource_request_is_canonicalized PASSED [ 56%]
tests/test_external_research.py::test_model_information_gap_can_request_governed_search_then_resume_with_evidence PASSED [ 56%]
tests/test_external_research.py::test_project_specific_research_supplies_committed_asset_evidence_without_work PASSED [ 56%]
tests/test_external_research.py::test_synthesis_invalid_citations_are_bounded_and_never_claim_grounded_advice[True] PASSED [ 56%]
tests/test_external_research.py::test_synthesis_invalid_citations_are_bounded_and_never_claim_grounded_advice[False] PASSED [ 56%]
tests/test_external_research.py::test_http_rate_limit_is_not_misreported_as_no_results PASSED [ 56%]
tests/test_external_research.py::test_provider_server_error_is_distinct_from_empty_search PASSED [ 56%]
tests/test_external_research.py::test_rate_limited_research_response_preserves_failure_category PASSED [ 56%]
tests/test_external_research.py::test_malformed_provider_results_are_reported_as_unavailable PASSED [ 57%]
tests/test_git_join.py::test_real_join_composes_independent_branch_trees_without_moving_ref[False] PASSED [ 57%]
tests/test_git_join.py::test_real_join_composes_independent_branch_trees_without_moving_ref[True] PASSED [ 57%]
tests/test_git_join.py::test_real_join_records_conflict_without_choosing_a_branch PASSED [ 57%]
tests/test_git_operation_recipes.py::test_git_read_recipes_are_fixed[status] PASSED [ 57%]
tests/test_git_operation_recipes.py::test_git_read_recipes_are_fixed[branch.list] PASSED [ 57%]
tests/test_git_operation_recipes.py::test_git_read_recipes_are_fixed[branch.current] PASSED [ 57%]
tests/test_git_operation_recipes.py::test_git_read_recipes_are_fixed[diff] PASSED [ 57%]
tests/test_git_operation_recipes.py::test_git_read_recipes_are_fixed[log] PASSED [ 57%]
tests/test_git_operation_recipes.py::test_git_read_recipes_are_fixed[remote.inspect] PASSED [ 57%]
tests/test_git_operation_recipes.py::test_git_branch_and_commit_recipes_have_bounded_inputs PASSED [ 57%]
tests/test_git_operation_recipes.py::test_git_recipe_rejects_widening[arguments0] PASSED [ 57%]
tests/test_git_operation_recipes.py::test_git_recipe_rejects_widening[arguments1] PASSED [ 57%]
tests/test_git_operation_recipes.py::test_git_recipe_rejects_widening[arguments2] PASSED [ 57%]
tests/test_git_operation_recipes.py::test_git_recipe_rejects_widening[arguments3] PASSED [ 57%]
tests/test_git_operation_recipes.py::test_git_recipe_rejects_widening[arguments4] PASSED [ 57%]
tests/test_git_operation_recipes.py::test_connector_resolved_native_git_operation_changes_isolated_workspace PASSED [ 57%]
tests/test_git_operation_recipes.py::test_governed_git_inference_only_claims_observed_exact_result PASSED [ 58%]
tests/test_golden_oracles.py::test_navigation_scope_oracle_accepts_equivalent_minimal_insertions PASSED [ 58%]
tests/test_golden_oracles.py::test_navigation_scope_oracle_rejects_unrequested_behavior_or_source_changes PASSED [ 58%]
tests/test_guided_design_contracts.py::test_guided_design_schema_is_general_adaptive_and_steering_linked PASSED [ 58%]
tests/test_guided_design_contracts.py::test_seed_schema_registry_is_versioned_extensible_and_matches_motive PASSED [ 58%]
tests/test_guided_design_contracts.py::test_design_readiness_is_critical_reality_not_agenda_length PASSED [ 58%]
tests/test_guided_design_contracts.py::test_skip_and_reopen_require_explainable_rationale PASSED [ 58%]
tests/test_guided_design_contracts.py::test_final_issue_is_the_only_reviewable_production_proposal_issue PASSED [ 58%]
tests/test_guided_design_contracts.py::test_semantic_provider_instruction_preserves_guided_focus PASSED [ 58%]
tests/test_import.py::test_package_imports PASSED                        [ 58%]
tests/test_interaction_intelligence_probe.py::test_probe_corpus_is_bounded_diverse_and_intent_explicit PASSED [ 58%]
tests/test_interaction_intelligence_probe.py::test_probe_evaluator_accepts_a_grounded_candidate_without_exact_prose PASSED [ 58%]
tests/test_interaction_intelligence_probe.py::test_probe_evaluator_flags_intent_move_echo_and_stream_divergence PASSED [ 58%]
tests/test_interaction_intelligence_probe.py::test_probe_evaluator_flags_how_to_question_instead_of_answer PASSED [ 58%]
tests/test_interaction_intelligence_probe.py::test_probe_evaluator_reports_failed_turn_without_secondary_semantic_noise PASSED [ 58%]
tests/test_interaction_intelligence_probe.py::test_probe_cross_domain_check_avoids_chinese_substring_collisions PASSED [ 58%]
tests/test_interaction_intelligence_probe.py::test_probe_flags_repeated_orient_and_template_reuse_across_cases PASSED [ 59%]
tests/test_model_runtime.py::test_deepseek_responses_transport_streams_and_normalizes_usage PASSED [ 59%]
tests/test_model_runtime.py::test_readiness_is_no_request_and_http_failure_is_not_retried PASSED [ 59%]
tests/test_model_runtime.py::test_remote_protocol_failure_before_first_event_gets_one_fresh_replay PASSED [ 59%]
tests/test_model_runtime.py::test_incomplete_response_preserves_safe_recovery_diagnostics PASSED [ 59%]
tests/test_multi_pwu_planning.py::test_distinct_capabilities_have_hierarchy_parallel_roots_and_join PASSED [ 59%]
tests/test_multi_pwu_planning.py::test_one_web_feature_and_its_differently_named_test_remain_one_pwu PASSED [ 59%]
tests/test_multi_pwu_planning.py::test_web_entrypoint_script_and_named_test_remain_one_coherent_pwu PASSED [ 59%]
tests/test_multi_pwu_planning.py::test_shared_interface_risk_forces_serial_baseline_evolution PASSED [ 59%]
tests/test_multi_pwu_planning.py::test_estimated_oversize_is_split_at_safe_capability_boundary PASSED [ 59%]
tests/test_multi_pwu_planning.py::test_estimated_oversize_does_not_fragment_one_coherent_capability PASSED [ 59%]
tests/test_multi_pwu_planning.py::test_graph_rejects_parallel_write_overlap_even_if_caller_bypasses_planner PASSED [ 59%]
tests/test_multi_pwu_planning.py::test_graph_rejects_hierarchy_cycle PASSED [ 59%]
tests/test_mvp_app_contracts.py::test_work_contract_preserves_raw_source_and_has_no_project_ownership PASSED [ 59%]
tests/test_mvp_app_contracts.py::test_engineering_scope_structurally_supports_many_resource_bindings PASSED [ 59%]
tests/test_mvp_app_contracts.py::test_product_projection_is_not_a_runtime_transition_contract PASSED [ 59%]
tests/test_mvp_app_contracts.py::test_provider_success_without_observation_is_not_completed PASSED [ 60%]
tests/test_mvp_app_contracts.py::test_runtime_commit_completion_separates_steering_from_legacy_work PASSED [ 60%]
tests/test_mvp_app_contracts.py::test_unknown_or_not_produced_reality_is_blocked_not_completed PASSED [ 60%]
tests/test_mvp_app_contracts.py::test_stopped_unknown_none_reality_is_blocked_before_completion PASSED [ 60%]
tests/test_mvp_app_contracts.py::test_terminal_success_none_required_result_is_blocked_without_rewriting_provider PASSED [ 60%]
tests/test_mvp_app_contracts.py::test_terminal_success_none_remains_representable_when_contract_allows_none PASSED [ 60%]
tests/test_mvp_app_contracts.py::test_broad_request_uses_needs_refinement_policy PASSED [ 60%]
tests/test_mvp_code_contracts.py::test_code_02_03_04_exact_and_bounded_change_contract_is_typed PASSED [ 60%]
tests/test_mvp_code_contracts.py::test_code_05_06_unsafe_or_repository_wide_exact_paths_are_rejected[C:/outside.py] PASSED [ 60%]
tests/test_mvp_code_contracts.py::test_code_05_06_unsafe_or_repository_wide_exact_paths_are_rejected[/outside.py] PASSED [ 60%]
tests/test_mvp_code_contracts.py::test_code_05_06_unsafe_or_repository_wide_exact_paths_are_rejected[../outside.py] PASSED [ 60%]
tests/test_mvp_code_contracts.py::test_code_05_06_unsafe_or_repository_wide_exact_paths_are_rejected[.git/config] PASSED [ 60%]
tests/test_mvp_code_contracts.py::test_code_05_06_unsafe_or_repository_wide_exact_paths_are_rejected[**/*] PASSED [ 60%]
tests/test_mvp_code_contracts.py::test_code_05_06_unsafe_or_repository_wide_exact_paths_are_rejected[src/**/anything.py] PASSED [ 60%]
tests/test_mvp_code_contracts.py::test_code_05_06_unbounded_or_unsafe_areas_are_rejected[**/*] PASSED [ 60%]
tests/test_mvp_code_contracts.py::test_code_05_06_unbounded_or_unsafe_areas_are_rejected[./**] PASSED [ 60%]
tests/test_mvp_code_contracts.py::test_code_05_06_unbounded_or_unsafe_areas_are_rejected[.git/**] PASSED [ 61%]
tests/test_mvp_code_contracts.py::test_code_05_06_unbounded_or_unsafe_areas_are_rejected[src/spg] PASSED [ 61%]
tests/test_mvp_code_contracts.py::test_code_09_10_11_plan_and_mei_preserve_one_pwu_change_authority PASSED [ 61%]
tests/test_mvp_code_contracts.py::test_code_pwu_objective_surfaces_every_admitted_constraint PASSED [ 61%]
tests/test_mvp_code_contracts.py::test_code_12_planner_cannot_widen_the_admitted_contract PASSED [ 61%]
tests/test_mvp_code_contracts.py::test_code_15_16_17_18_verification_is_typed_and_contract_owned PASSED [ 61%]
tests/test_mvp_code_contracts.py::test_code_01_07_code_intent_is_not_a_documentation_fallback PASSED [ 61%]
tests/test_mvp_code_contracts.py::test_code_contract_module_remains_provider_neutral PASSED [ 61%]
tests/test_mvp_e2e_checkout_synchronization.py::test_checkout_01_04_06_07_materializes_exact_trusted_tree PASSED [ 61%]
tests/test_mvp_e2e_checkout_synchronization.py::test_checkout_10_repeat_is_idempotent PASSED [ 61%]
tests/test_mvp_e2e_checkout_synchronization.py::test_checkout_08_unexpected_changes_are_preserved_and_blocked[unstaged] PASSED [ 61%]
tests/test_mvp_e2e_checkout_synchronization.py::test_checkout_08_unexpected_changes_are_preserved_and_blocked[untracked] PASSED [ 61%]
tests/test_mvp_e2e_checkout_synchronization.py::test_checkout_08_unexpected_changes_are_preserved_and_blocked[staged] PASSED [ 61%]
tests/test_mvp_e2e_checkout_synchronization.py::test_checkout_02_03_05_wrong_ref_or_tree_is_blocked PASSED [ 61%]
tests/test_mvp_e2e_checkout_synchronization.py::test_checkout_09_does_not_create_commits_or_advance_runtime_state PASSED [ 61%]
tests/test_mvp_e2e_contracts.py::test_e2e_01_optional_image_profile_preserves_default_runtime PASSED [ 61%]
tests/test_mvp_e2e_contracts.py::test_e2e_02_typed_configuration_is_bounded PASSED [ 62%]
tests/test_mvp_e2e_contracts.py::test_e2e_03_child_environment_keeps_credentials_out_of_transport PASSED [ 62%]
tests/test_mvp_e2e_contracts.py::test_e2e_04_provider_timeout_is_explicit_and_bounded PASSED [ 62%]
tests/test_mvp_e2e_contracts.py::test_e2e_05_instruction_contains_only_governed_scope PASSED [ 62%]
tests/test_mvp_e2e_contracts.py::test_e2e_06_targeted_markdown_verification_passes_exact_subject PASSED [ 62%]
tests/test_mvp_e2e_contracts.py::test_e2e_07_targeted_markdown_verification_rejects_scope_drift PASSED [ 62%]
tests/test_mvp_intake_contracts.py::test_intake_01_02_03_06_07_08_repository_aware_proposal PASSED [ 62%]
tests/test_mvp_intake_contracts.py::test_intake_multilingual_extracts_exact_dogfood_constraint PASSED [ 62%]
tests/test_mvp_intake_contracts.py::test_intake_multilingual_supports_bounded_chinese_markers[\u4e0d\u8981\u53d1\u6563\u65b0\u7684\u80fd\u529b] PASSED [ 62%]
tests/test_mvp_intake_contracts.py::test_intake_multilingual_supports_bounded_chinese_markers[\u4e0d\u5f97\u4fee\u6539\u5df2\u786e\u8ba4\u7684\u8fb9\u754c] PASSED [ 62%]
tests/test_mvp_intake_contracts.py::test_intake_multilingual_supports_bounded_chinese_markers[\u4e0d\u5e94\u5f15\u5165\u65b0\u7684\u8fd0\u884c\u65f6\u4f9d\u8d56] PASSED [ 62%]
tests/test_mvp_intake_contracts.py::test_intake_multilingual_supports_bounded_chinese_markers[\u7981\u6b62\u4fee\u6539\u5386\u53f2\u4e8b\u5b9e] PASSED [ 62%]
tests/test_mvp_intake_contracts.py::test_intake_multilingual_supports_bounded_chinese_markers[\u5fc5\u987b\u4fdd\u6301\u7cbe\u786e\u57fa\u7ebf\u7ed1\u5b9a] PASSED [ 62%]
tests/test_mvp_intake_contracts.py::test_intake_multilingual_supports_bounded_chinese_markers[\u53ea\u80fd\u53d8\u66f4\u5df2\u6279\u51c6\u7684\u6587\u6863\u8def\u5f84] PASSED [ 62%]
tests/test_mvp_intake_contracts.py::test_intake_multilingual_supports_bounded_chinese_markers[\u4ec5\u9650\u5f53\u524d MVP \u8303\u56f4] PASSED [ 62%]
tests/test_mvp_intake_contracts.py::test_intake_multilingual_splits_chinese_punctuation_and_bounds_reuse PASSED [ 62%]
tests/test_mvp_intake_contracts.py::test_intake_multilingual_rejects_descriptive_chinese_prose[\u7cfb\u7edf\u590d\u7528\u73b0\u6709\u8bbe\u8ba1\u5e76\u63cf\u8ff0\u672a\u6765\u80fd\u529b\u3002] PASSED [ 63%]
tests/test_mvp_intake_contracts.py::test_intake_multilingual_rejects_descriptive_chinese_prose[\u8fd9\u91cc\u4ecb\u7ecd\u5f53\u524d\u884c\u4e3a\u548c\u672a\u6765\u65b9\u5411\u3002] PASSED [ 63%]
tests/test_mvp_intake_contracts.py::test_intake_multilingual_rejects_descriptive_chinese_prose[\u56e2\u961f\u5c3d\u91cf\u590d\u7528\u73b0\u6709\u8bbe\u8ba1\u3002] PASSED [ 63%]
tests/test_mvp_intake_contracts.py::test_intake_04_05_16_human_override_is_safe_and_replaces_authority PASSED [ 63%]
tests/test_mvp_intake_contracts.py::test_intake_09_10_11_12_17_exact_contract_renders_one_authority PASSED [ 63%]
tests/test_mvp_intake_contracts.py::test_intake_13_14_15_verifier_uses_x_not_historical_y PASSED [ 63%]
tests/test_mvp_intake_contracts.py::test_intake_03_18_19_20_unresolved_is_not_silently_admitted PASSED [ 63%]
tests/test_mvp_node_verification.py::test_node_01_02_03_typed_contract_contains_no_command PASSED [ 63%]
tests/test_mvp_node_verification.py::test_node_03_04_unsafe_or_non_test_target_is_rejected[../outside.cjs] PASSED [ 63%]
tests/test_mvp_node_verification.py::test_node_03_04_unsafe_or_non_test_target_is_rejected[/outside.cjs] PASSED [ 63%]
tests/test_mvp_node_verification.py::test_node_03_04_unsafe_or_non_test_target_is_rejected[C:/outside.cjs] PASSED [ 63%]
tests/test_mvp_node_verification.py::test_node_03_04_unsafe_or_non_test_target_is_rejected[.git/hooks/test.cjs] PASSED [ 63%]
tests/test_mvp_node_verification.py::test_node_03_04_unsafe_or_non_test_target_is_rejected[src/spg/web/app.js] PASSED [ 63%]
tests/test_mvp_node_verification.py::test_node_03_04_unsafe_or_non_test_target_is_rejected[tests/js/not-node.py] PASSED [ 63%]
tests/test_mvp_node_verification.py::test_node_05_target_outside_change_contract_is_rejected PASSED [ 63%]
tests/test_mvp_node_verification.py::test_node_06_07_10_fixed_node_runner_returns_bounded_evidence[True-PASS] PASSED [ 63%]
tests/test_mvp_node_verification.py::test_node_06_07_10_fixed_node_runner_returns_bounded_evidence[False-FAIL] PASSED [ 64%]
tests/test_mvp_node_verification.py::test_node_15_verifier_uses_fixed_arguments_without_shell_surface PASSED [ 64%]
tests/test_mvp_orchestration.py::test_orch_03_04_09_10_fresh_reality_one_transition_and_human_stop PASSED [ 64%]
tests/test_mvp_orchestration.py::test_orch_16_17_human_blocked_and_terminal_reality_never_advance[DRAFT] PASSED [ 64%]
tests/test_mvp_orchestration.py::test_orch_16_17_human_blocked_and_terminal_reality_never_advance[NEEDS_REFINEMENT] PASSED [ 64%]
tests/test_mvp_orchestration.py::test_orch_16_17_human_blocked_and_terminal_reality_never_advance[AWAITING_APPROVAL] PASSED [ 64%]
tests/test_mvp_orchestration.py::test_orch_16_17_human_blocked_and_terminal_reality_never_advance[NEEDS_ATTENTION] PASSED [ 64%]
tests/test_mvp_orchestration.py::test_orch_16_17_human_blocked_and_terminal_reality_never_advance[BLOCKED] PASSED [ 64%]
tests/test_mvp_orchestration.py::test_orch_16_17_human_blocked_and_terminal_reality_never_advance[COMPLETED] PASSED [ 64%]
tests/test_mvp_orchestration.py::test_orch_19_22_23_automatic_loop_is_bounded_and_ephemeral PASSED [ 64%]
tests/test_mvp_orchestration.py::test_orch_18_same_work_cannot_run_twice_concurrently PASSED [ 64%]
tests/test_mvp_orchestration.py::test_orch_restart_reschedules_only_ordinary_ready_or_running_work PASSED [ 64%]
tests/test_mvp_orchestration.py::test_orch_restart_respects_persisted_work_prerequisite_guard PASSED [ 64%]
tests/test_mvp_orchestration.py::test_orch_06_07_22_24_driver_has_no_provider_or_recovery_bypass PASSED [ 64%]
tests/test_mvp_plan_1b_contracts.py::test_atomic_documentation_work_forms_short_ordered_single_pwu_plan PASSED [ 64%]
tests/test_mvp_plan_1b_contracts.py::test_api_tests_and_documentation_are_logical_steps_not_pwus PASSED [ 64%]
tests/test_mvp_plan_1b_contracts.py::test_ambiguous_work_requires_refinement PASSED [ 65%]
tests/test_mvp_plan_1b_contracts.py::test_independently_governed_sequence_requires_deferred_multi_pwu PASSED [ 65%]
tests/test_mvp_plan_1b_contracts.py::test_planner_scope_expansion_is_replaced_by_truthful_refinement_plan PASSED [ 65%]
tests/test_mvp_plan_1b_contracts.py::test_mei_instruction_contains_admitted_plan_without_provider_types PASSED [ 65%]
tests/test_mvp_plan_steering_decision_contracts.py::test_steer_dec_01_02_03_04_plan_frame_is_ephemeral_and_provider_neutral PASSED [ 65%]
tests/test_mvp_plan_steering_decision_contracts.py::test_steer_dec_08_provider_metadata_and_reason_wording_are_not_material_direction PASSED [ 65%]
tests/test_mvp_plan_steering_decision_contracts.py::test_steer_dec_10_all_five_mvp_attention_reasons_are_representable[MOTIVE_OR_OUTCOME_AMBIGUITY] PASSED [ 65%]
tests/test_mvp_plan_steering_decision_contracts.py::test_steer_dec_10_all_five_mvp_attention_reasons_are_representable[MAJOR_PRODUCT_OR_ARCHITECTURE_DECISION] PASSED [ 65%]
tests/test_mvp_plan_steering_decision_contracts.py::test_steer_dec_10_all_five_mvp_attention_reasons_are_representable[SCOPE_OR_AUTHORITY_EXPANSION] PASSED [ 65%]
tests/test_mvp_plan_steering_decision_contracts.py::test_steer_dec_10_all_five_mvp_attention_reasons_are_representable[MATERIAL_RISK_OR_COST_DECISION] PASSED [ 65%]
tests/test_mvp_plan_steering_decision_contracts.py::test_steer_dec_10_all_five_mvp_attention_reasons_are_representable[PRODUCT_ACCEPTANCE_REQUIRED] PASSED [ 65%]
tests/test_mvp_plan_steering_decision_contracts.py::test_steer_dec_10_all_five_mvp_attention_reasons_are_representable[PRODUCTION_PROPOSAL_REVIEW_REQUIRED] PASSED [ 65%]
tests/test_mvp_plan_steering_decision_contracts.py::test_steer_dec_11_12_attention_is_material_and_authority_uncertainty_stops PASSED [ 65%]
tests/test_mvp_plan_steering_decision_contracts.py::test_steer_dec_14_candidate_authorization_is_not_steering_attention PASSED [ 65%]
tests/test_mvp_plan_steering_decision_contracts.py::test_steering_attention_api_projection_exposes_decision_context PASSED [ 65%]
tests/test_mvp_plan_steering_truth_contracts.py::test_steer_truth_01_02_plan_concepts_are_explicitly_distinct PASSED [ 65%]
tests/test_mvp_plan_steering_truth_contracts.py::test_steer_truth_12_reality_reference_contains_identity_not_payload PASSED [ 66%]
tests/test_mvp_plan_steering_truth_contracts.py::test_steer_truth_14_provider_identity_is_optional_metadata_not_authority PASSED [ 66%]
tests/test_mvp_plan_steering_truth_contracts.py::test_human_attention_outcome_requires_human PASSED [ 66%]
tests/test_mvp_refine_code_contracts.py::test_refcode_01_02_08_repository_inspection_is_read_only_and_baseline_bound PASSED [ 66%]
tests/test_mvp_refine_code_contracts.py::test_refcode_05_07_09_12_24_dogfood_intent_gets_grounded_bounded_proposal PASSED [ 66%]
tests/test_mvp_refine_code_contracts.py::test_refcode_06_07_conditional_target_remains_non_authoritative PASSED [ 66%]
tests/test_mvp_refine_code_contracts.py::test_refcode_05_explicit_path_is_preserved PASSED [ 66%]
tests/test_mvp_refine_code_contracts.py::test_refcode_06_bounded_area_is_supported_without_root_fallback PASSED [ 66%]
tests/test_mvp_refine_code_contracts.py::test_refcode_10_11_ambiguous_work_has_no_repository_wide_fallback PASSED [ 66%]
tests/test_mvp_refine_code_contracts.py::test_node_11_12_frontend_proposal_uses_typed_node_target PASSED [ 66%]
tests/test_mvp_refine_code_contracts.py::test_refcode_02_13_provider_cannot_change_baseline_or_resource PASSED [ 66%]
tests/test_mvp_refine_code_contracts.py::test_refcode_10_proposal_rejects_broad_source_root_fallback PASSED [ 66%]
tests/test_mvp_refine_code_contracts.py::test_refcode_03_22_23_contract_is_provider_neutral_and_has_no_execution PASSED [ 66%]
tests/test_mvp_refine_code_contracts.py::test_refcode_18_planner_cannot_widen_change_proposal PASSED [ 66%]
tests/test_mvp_runtime_activation.py::test_act_01_02_03_04_08_trust_does_not_imply_activation PASSED [ 66%]
tests/test_mvp_runtime_activation.py::test_act_05_06_09_10_12_15_restart_activates_one_exact_revision PASSED [ 66%]
tests/test_mvp_runtime_activation.py::test_act_07_dirty_checkout_is_preserved_and_blocked PASSED [ 67%]
tests/test_mvp_runtime_activation.py::test_act_11_image_or_dependency_changes_require_rebuild[Dockerfile] PASSED [ 67%]
tests/test_mvp_runtime_activation.py::test_act_11_image_or_dependency_changes_require_rebuild[pyproject.toml] PASSED [ 67%]
tests/test_mvp_runtime_activation.py::test_act_11_image_or_dependency_changes_require_rebuild[uv.lock] PASSED [ 67%]
tests/test_mvp_runtime_activation.py::test_act_11_image_or_dependency_changes_require_rebuild[docker/start_app.py] PASSED [ 67%]
tests/test_mvp_runtime_activation.py::test_act_11_image_or_dependency_changes_require_rebuild[migrations/versions/change.py] PASSED [ 67%]
tests/test_mvp_runtime_activation.py::test_act_11_image_or_dependency_changes_require_rebuild[compose.yaml] PASSED [ 67%]
tests/test_mvp_runtime_activation.py::test_act_13_14_16_activation_is_not_authority_or_product_acceptance PASSED [ 67%]
tests/test_mvp_runtime_activation.py::test_explicit_review_version_is_exact_and_never_trusted PASSED [ 67%]
tests/test_mvp_semantic_provider_wire_schema.py::test_sem_wire_01_03_04_05_08_09_10_15_schema_is_recursively_strict PASSED [ 67%]
tests/test_mvp_semantic_provider_wire_schema.py::test_sem_ref_01_02_03_04_16_dogfood_6_ref_sibling_is_normalized PASSED [ 67%]
tests/test_mvp_semantic_provider_wire_schema.py::test_sem_wire_02_domain_defaults_remain_unchanged PASSED [ 67%]
tests/test_mvp_semantic_provider_wire_schema.py::test_semantic_code_proposal_rejects_the_same_allowed_and_forbidden_area PASSED [ 67%]
tests/test_mvp_semantic_provider_wire_schema.py::test_sem_wire_03_04_06_no_production_round_trip_uses_explicit_values PASSED [ 67%]
tests/test_mvp_semantic_provider_wire_schema.py::test_provider_inference_cannot_become_unadmitted_constraint_truth PASSED [ 67%]
tests/test_mvp_semantic_provider_wire_schema.py::test_deepseek_annotation_tolerance_preserves_strict_semantic_fields PASSED [ 67%]
tests/test_mvp_semantic_provider_wire_schema.py::test_sem_wire_dogfood_7_cross_field_incoherence_is_not_representable[disposition0] PASSED [ 68%]
tests/test_mvp_semantic_provider_wire_schema.py::test_sem_wire_dogfood_7_cross_field_incoherence_is_not_representable[disposition1] PASSED [ 68%]
tests/test_mvp_semantic_provider_wire_schema.py::test_sem_wire_dogfood_7_cross_field_incoherence_is_not_representable[disposition2] PASSED [ 68%]
tests/test_mvp_semantic_provider_wire_schema.py::test_sem_wire_04_06_code_work_round_trip_preserves_typed_values PASSED [ 68%]
tests/test_mvp_semantic_provider_wire_schema.py::test_sem_wire_04_06_documentation_round_trip_preserves_typed_values PASSED [ 68%]
tests/test_mvp_semantic_provider_wire_schema.py::test_sem_wire_07_malformed_semantic_values_remain_rejected[proposal0] PASSED [ 68%]
tests/test_mvp_semantic_provider_wire_schema.py::test_sem_wire_07_malformed_semantic_values_remain_rejected[proposal1] PASSED [ 68%]
tests/test_mvp_semantic_provider_wire_schema.py::test_sem_wire_07_malformed_semantic_values_remain_rejected[proposal2] PASSED [ 68%]
tests/test_mvp_semantic_provider_wire_schema.py::test_sem_wire_07_malformed_semantic_values_remain_rejected[proposal3] PASSED [ 68%]
tests/test_mvp_semantic_provider_wire_schema.py::test_sem_wire_07_malformed_semantic_values_remain_rejected[proposal4] PASSED [ 68%]
tests/test_mvp_semantic_provider_wire_schema.py::test_sem_wire_03_04_absent_wire_keys_are_not_defaulted[derived_constraints] PASSED [ 68%]
tests/test_mvp_semantic_provider_wire_schema.py::test_sem_wire_03_04_absent_wire_keys_are_not_defaulted[proposed_production] PASSED [ 68%]
tests/test_mvp_semantic_provider_wire_schema.py::test_sem_wire_03_04_absent_wire_keys_are_not_defaulted[disposition] PASSED [ 68%]
tests/test_mvp_semantic_provider_wire_schema.py::test_dogfood_8_broad_fallback_is_rejected_before_candidate_admission PASSED [ 68%]
tests/test_mvp_semantic_provider_wire_schema.py::test_sem_wire_04_15_absent_proposal_collections_are_not_defaulted[artifact_targets] PASSED [ 68%]
tests/test_mvp_semantic_provider_wire_schema.py::test_sem_wire_04_15_absent_proposal_collections_are_not_defaulted[code_targets] PASSED [ 68%]
tests/test_mvp_semantic_provider_wire_schema.py::test_sem_wire_04_15_absent_proposal_collections_are_not_defaulted[allowed_areas] PASSED [ 69%]
tests/test_mvp_semantic_provider_wire_schema.py::test_sem_wire_04_15_absent_proposal_collections_are_not_defaulted[forbidden_areas] PASSED [ 69%]
tests/test_mvp_semantic_provider_wire_schema.py::test_resolved_issue_cannot_silently_claim_incomplete_without_a_question PASSED [ 69%]
tests/test_mvp_semantic_provider_wire_schema.py::test_human_attention_wire_requires_missing_authority_and_material_step_question PASSED [ 69%]
tests/test_mvp_ui_contracts.py::test_ui_01_02_19_root_app_and_installed_assets_are_available PASSED [ 69%]
tests/test_mvp_ui_contracts.py::test_human_review_runtime_supports_the_software_acceptance_path_it_displays PASSED [ 69%]
tests/test_mvp_ui_contracts.py::test_work_plan_projection_uses_fresh_control_room_assets PASSED [ 69%]
tests/test_mvp_ui_contracts.py::test_ui_03_through_ui_18_product_surface_contract_is_bounded PASSED [ 69%]
tests/test_mvp_ui_contracts.py::test_planb_composer_has_explicit_bounded_collapse_control PASSED [ 69%]
tests/test_mvp_ui_contracts.py::test_formal_workspace_has_stable_spatial_slots_collapse_and_overlay_focus PASSED [ 69%]
tests/test_mvp_ui_contracts.py::test_control_room_slice_1_is_a_read_only_projection_over_existing_reality PASSED [ 69%]
tests/test_mvp_ui_contracts.py::test_control_room_slice_2_preserves_wic_truth_layers_without_mutation PASSED [ 69%]
tests/test_mvp_ui_contracts.py::test_control_room_slice_3_projects_plan_and_trust_reality_without_mutation PASSED [ 69%]
tests/test_mvp_ui_contracts.py::test_ui_20_contains_no_frontend_build_or_remote_runtime_dependency PASSED [ 69%]
tests/test_mvp_ui_contracts.py::test_formal_ui_phase_1_preserves_stable_workspace_and_appearance_boundaries PASSED [ 69%]
tests/test_mvp_ui_contracts.py::test_formal_ui_phase_1_removes_current_tnga_product_branding PASSED [ 69%]
tests/test_mvp_ui_contracts.py::test_delivery_preview_and_context_assembly_are_human_visible PASSED [ 70%]
tests/test_mvp_ui_contracts.py::test_self_refine_work_and_platform_views_are_wired_to_durable_api PASSED [ 70%]
tests/test_native_continuity_benchmark.py::test_frozen_plan_is_exactly_eighteen_pairs_and_thirty_six_executions PASSED [ 70%]
tests/test_native_continuity_benchmark.py::test_replacement_assignments_are_only_the_three_frozen_b_executions PASSED [ 70%]
tests/test_native_continuity_benchmark.py::test_single_repository_fixture_uses_workspace_root PASSED [ 70%]
tests/test_native_continuity_benchmark.py::test_multi_repository_fixture_uses_mount_prefixes PASSED [ 70%]
tests/test_native_continuity_benchmark.py::test_existing_cost_ledger_is_never_reset PASSED [ 70%]
tests/test_native_continuity_benchmark_v2.py::test_v2_plan_preserves_the_frozen_execution_count_and_replacements PASSED [ 70%]
tests/test_native_continuity_benchmark_v2.py::test_v2_budget_includes_the_original_conservative_spend PASSED [ 70%]
tests/test_native_continuity_benchmark_v2.py::test_v2_t5_verification_isolated_by_repository PASSED [ 70%]
tests/test_native_continuity_benchmark_v2.py::test_v2_evaluator_applies_frozen_scope_and_quality_anchors PASSED [ 70%]
tests/test_native_continuity_benchmark_v3.py::test_v3_plan_preserves_the_frozen_execution_count_and_replacements PASSED [ 70%]
tests/test_native_continuity_benchmark_v3.py::test_v3_budget_includes_the_original_conservative_spend PASSED [ 70%]
tests/test_native_continuity_benchmark_v3.py::test_v3_t5_verification_isolated_by_repository PASSED [ 70%]
tests/test_native_continuity_benchmark_v3.py::test_v3_evaluator_applies_frozen_scope_and_quality_anchors PASSED [ 70%]
tests/test_native_continuity_benchmark_v4.py::test_v4_plan_preserves_the_frozen_execution_count_and_replacements PASSED [ 70%]
tests/test_native_continuity_benchmark_v4.py::test_v4_budget_includes_the_original_conservative_spend PASSED [ 71%]
tests/test_native_continuity_benchmark_v4.py::test_v4_t5_verification_isolated_by_repository PASSED [ 71%]
tests/test_native_continuity_benchmark_v4.py::test_v4_evaluator_applies_frozen_scope_and_quality_anchors PASSED [ 71%]
tests/test_native_continuity_benchmark_v5.py::test_v5_plan_preserves_the_frozen_execution_count_and_replacements PASSED [ 71%]
tests/test_native_continuity_benchmark_v5.py::test_v5_budget_includes_the_original_conservative_spend PASSED [ 71%]
tests/test_native_continuity_benchmark_v5.py::test_v5_t5_verification_isolated_by_repository PASSED [ 71%]
tests/test_native_continuity_benchmark_v5.py::test_v5_evaluator_applies_frozen_scope_and_quality_anchors PASSED [ 71%]
tests/test_native_continuity_benchmark_v6.py::test_v6_plan_preserves_the_frozen_execution_count_and_replacements PASSED [ 71%]
tests/test_native_continuity_benchmark_v6.py::test_v6_budget_includes_the_original_conservative_spend PASSED [ 71%]
tests/test_native_continuity_benchmark_v6.py::test_v6_t5_verification_isolated_by_repository PASSED [ 71%]
tests/test_native_continuity_benchmark_v6.py::test_v6_evaluator_applies_frozen_scope_and_quality_anchors PASSED [ 71%]
tests/test_native_continuity_benchmark_v7.py::test_v7_plan_preserves_the_frozen_execution_count_and_replacements PASSED [ 71%]
tests/test_native_continuity_benchmark_v7.py::test_v7_budget_includes_the_original_conservative_spend PASSED [ 71%]
tests/test_native_continuity_benchmark_v7.py::test_v7_t5_verification_isolated_by_repository PASSED [ 71%]
tests/test_native_continuity_benchmark_v7.py::test_v7_evaluator_applies_frozen_scope_and_quality_anchors PASSED [ 71%]
tests/test_native_continuity_benchmark_v8.py::test_v8_plan_preserves_the_frozen_execution_count_and_replacements PASSED [ 71%]
tests/test_native_continuity_benchmark_v8.py::test_v8_budget_includes_the_original_conservative_spend PASSED [ 71%]
tests/test_native_continuity_benchmark_v8.py::test_v8_t5_verification_isolated_by_repository PASSED [ 72%]
tests/test_native_continuity_benchmark_v8.py::test_v8_evaluator_applies_frozen_scope_and_quality_anchors PASSED [ 72%]
tests/test_native_continuity_benchmark_v8.py::test_v8_evaluator_counts_pytest_methods_inside_test_classes PASSED [ 72%]
tests/test_native_executor_contracts.py::test_bounded_area_grant_covers_descendants_and_preserves_boundary PASSED [ 72%]
tests/test_native_executor_contracts.py::test_native_compatibility_waits_through_reconciliation PASSED [ 72%]
tests/test_native_executor_contracts.py::test_workspace_archive_rejects_links_and_detects_tampering PASSED [ 72%]
tests/test_native_executor_contracts.py::test_workspace_archive_rejects_escape_member_before_restore PASSED [ 72%]
tests/test_native_executor_contracts.py::test_dirty_input_overlay_preserves_binary_untracked_ignored_and_deletions PASSED [ 72%]
tests/test_native_executor_contracts.py::test_checkpoint_disk_full_cannot_publish_a_durable_pointer PASSED [ 72%]
tests/test_native_executor_contracts.py::test_source_vector_is_deterministic_multi_repository_and_repository_optional PASSED [ 72%]
tests/test_native_executor_contracts.py::test_source_vector_rejects_ambiguous_mounts_and_unsafe_paths PASSED [ 72%]
tests/test_native_executor_contracts.py::test_scheduler_is_round_robin_fifo_and_aging_prevents_starvation PASSED [ 72%]
tests/test_native_executor_contracts.py::test_scheduler_does_not_allocate_ineligible_capacity PASSED [ 72%]
tests/test_native_executor_contracts.py::test_inline_worker_offer_cannot_claim_an_older_attempt PASSED [ 72%]
tests/test_native_executor_contracts.py::test_content_addressed_storage_is_atomic_and_detects_corruption PASSED [ 72%]
tests/test_native_executor_contracts.py::test_tool_registry_requires_grant_and_enforces_path_scope PASSED [ 72%]
tests/test_native_executor_contracts.py::test_native_kernel_runs_multiple_inference_tool_cycles_and_claims_result PASSED [ 73%]
tests/test_native_executor_contracts.py::test_kernel_keeps_tools_after_continue_clears_residuals PASSED [ 73%]
tests/test_native_executor_contracts.py::test_kernel_advertises_only_attempt_granted_tools PASSED [ 73%]
tests/test_native_executor_contracts.py::test_kernel_requires_terminal_decision_after_three_ineffective_rounds PASSED [ 73%]
tests/test_native_executor_contracts.py::test_source_discovery_progress_keeps_admitted_edit_available[True] PASSED [ 73%]
tests/test_native_executor_contracts.py::test_source_discovery_progress_keeps_admitted_edit_available[False] PASSED [ 73%]
tests/test_native_executor_contracts.py::test_kernel_repairs_one_observed_rejected_provider_decision_without_replay PASSED [ 73%]
tests/test_native_executor_contracts.py::test_kernel_orients_from_bounded_durable_repair_history PASSED [ 73%]
tests/test_native_executor_contracts.py::test_resumed_kernel_retains_persisted_evidence_before_mutation_boundary PASSED [ 73%]
tests/test_native_executor_contracts.py::test_kernel_checkpoints_safe_provider_validation_fingerprint PASSED [ 73%]
tests/test_native_executor_contracts.py::test_native_kernel_checkpoints_before_pause_and_before_budget_exhaustion PASSED [ 73%]
tests/test_native_executor_contracts.py::test_kernel_rehydrates_checkpoint_and_committed_receipt_suffix PASSED [ 73%]
tests/test_native_executor_contracts.py::test_successor_attempt_keeps_session_step_sequence_monotonic PASSED [ 73%]
tests/test_native_executor_contracts.py::test_recovery_classifier_never_hides_unknown_effect PASSED [ 73%]
tests/test_native_executor_contracts.py::test_context_compaction_preserves_exact_invariants_and_evidence_identity PASSED [ 73%]
tests/test_native_executor_contracts.py::test_diagnostic_context_selects_bounded_log_excerpt_and_retains_receipt_identity PASSED [ 73%]
tests/test_native_executor_contracts.py::test_repairability_requires_exact_oracle_and_admitted_write_scope PASSED [ 74%]
tests/test_native_executor_contracts.py::test_rejected_process_recipe_can_be_corrected_without_human[process.run-process executable is not allowlisted: wc] PASSED [ 74%]
tests/test_native_executor_contracts.py::test_rejected_process_recipe_can_be_corrected_without_human[process.run-inline code execution is not admitted by process.run] PASSED [ 74%]
tests/test_native_executor_contracts.py::test_rejected_process_recipe_can_be_corrected_without_human[process.run-process arguments cannot escape the execution workspace] PASSED [ 74%]
tests/test_native_executor_contracts.py::test_rejected_process_recipe_can_be_corrected_without_human[build.run-build.run requires a supported project-native build recipe] PASSED [ 74%]
tests/test_native_executor_contracts.py::test_rejected_process_recipe_can_be_corrected_without_human[test.run-test.run requires a supported project-native test recipe] PASSED [ 74%]
tests/test_native_executor_contracts.py::test_no_effect_capability_failure_preserves_bounded_repair[CAPABILITY_PATH_INVALID] PASSED [ 74%]
tests/test_native_executor_contracts.py::test_no_effect_capability_failure_preserves_bounded_repair[TOOL_GRANT_MISMATCH] PASSED [ 74%]
tests/test_native_executor_contracts.py::test_no_effect_capability_failure_preserves_bounded_repair[CAPABILITY_UNAVAILABLE] PASSED [ 74%]
tests/test_native_executor_contracts.py::test_denied_path_can_choose_existing_authority_but_identity_conflict_cannot PASSED [ 74%]
tests/test_native_executor_contracts.py::test_repair_orientation_is_compacted_before_exact_contract_reality PASSED [ 74%]
tests/test_native_executor_contracts.py::test_context_declares_single_mount_tool_paths_without_mount_prefix PASSED [ 74%]
tests/test_native_executor_contracts.py::test_context_fit_failure_fails_closed_without_dropping_contract PASSED [ 74%]
tests/test_native_executor_contracts.py::test_tool_host_contracts_cover_bounded_engineering_capabilities PASSED [ 74%]
tests/test_native_executor_contracts.py::test_tool_host_process_environment_filters_secrets_case_insensitively PASSED [ 74%]
tests/test_native_executor_contracts.py::test_admitted_process_compilation_produces_real_failure_and_success_receipts PASSED [ 74%]
tests/test_native_executor_contracts.py::test_file_write_exact_replace_preserves_unseen_large_file_content PASSED [ 75%]
tests/test_native_executor_contracts.py::test_tool_host_observes_missing_file_without_ambiguous_failure PASSED [ 75%]
tests/test_native_executor_contracts.py::test_tool_host_accepts_python3_pytest_recipe PASSED [ 75%]
tests/test_native_executor_contracts.py::test_tool_host_accepts_plain_node_verification_script PASSED [ 75%]
tests/test_native_executor_contracts.py::test_tool_host_rejects_direct_git_metadata_access PASSED [ 75%]
tests/test_native_executor_contracts.py::test_process_tool_routes_through_current_attempt_sandbox PASSED [ 75%]
tests/test_native_executor_contracts.py::test_tool_host_rejects_hardlink_and_symlink_file_attacks PASSED [ 75%]
tests/test_native_executor_contracts.py::test_tool_host_write_is_descriptor_anchored_across_symlink_race PASSED [ 75%]
tests/test_native_executor_contracts.py::test_tool_host_api_accepts_multiple_mounts_under_one_workspace PASSED [ 75%]
tests/test_native_executor_contracts.py::test_tool_host_spools_receipt_across_restart_and_rejects_delivery_collision PASSED [ 75%]
tests/test_native_executor_contracts.py::test_tool_host_backpressures_before_effect_when_receipt_spool_is_full PASSED [ 75%]
tests/test_native_executor_contracts.py::test_tool_host_api_returns_failed_receipt_for_rejected_recipe PASSED [ 75%]
tests/test_native_executor_contracts.py::test_openai_capacity_response_is_typed_and_retryable PASSED [ 75%]
tests/test_native_executor_contracts.py::test_openai_response_schema_allows_dynamic_tool_arguments_and_validates_result PASSED [ 75%]
tests/test_native_executor_contracts.py::test_openai_quota_response_is_typed_and_parked_without_retry PASSED [ 75%]
tests/test_native_executor_contracts.py::test_native_queue_and_controls_are_human_visible_without_claiming_trust PASSED [ 75%]
tests/test_native_executor_contracts.py::test_process_timeout_terminates_owned_process_group_and_bounds_output PASSED [ 76%]
tests/test_native_executor_contracts.py::test_mid_tool_pause_cancels_process_before_checkpoint PASSED [ 76%]
tests/test_native_executor_contracts.py::test_worker_releases_lease_when_provider_decision_is_not_admissible PASSED [ 76%]
tests/test_native_executor_contracts.py::test_worker_retries_response_unknown_without_discarding_checkpoint PASSED [ 76%]
tests/test_native_executor_contracts.py::test_backend_cutover_keeps_active_handle_pinned_and_rollback_is_additive PASSED [ 76%]
tests/test_native_executor_contracts.py::test_worker_shutdown_stale_heartbeat_does_not_mask_kernel_failure PASSED [ 76%]
tests/test_native_executor_contracts.py::test_worker_rejects_incompatible_checkpoint_before_provider_or_tool_recovery PASSED [ 76%]
tests/test_native_executor_contracts.py::test_worker_parks_quota_failure_with_checkpoint_residual_work PASSED [ 76%]
tests/test_native_production_environment.py::test_native_executor_runs_tools_through_real_production_environment PASSED [ 76%]
tests/test_no_external_coding_agent_runtime.py::test_external_coding_agent_sdk_is_absent_from_runtime_and_deployment PASSED [ 76%]
tests/test_no_external_coding_agent_runtime.py::test_runtime_configuration_rejects_external_coding_agent[option0] PASSED [ 76%]
tests/test_no_external_coding_agent_runtime.py::test_runtime_configuration_rejects_external_coding_agent[option1] PASSED [ 76%]
tests/test_no_external_coding_agent_runtime.py::test_runtime_configuration_rejects_external_coding_agent[option2] PASSED [ 76%]
tests/test_no_external_coding_agent_runtime.py::test_runtime_configuration_rejects_external_coding_agent[option3] PASSED [ 76%]
tests/test_open_wic_baseline.py::test_frozen_corpus_loads_with_required_coverage_and_stable_digest PASSED [ 76%]
tests/test_open_wic_baseline.py::test_replay_preserves_provenance_and_separates_raw_from_reference PASSED [ 76%]
tests/test_open_wic_baseline.py::test_replay_serializes_metrics_and_cannot_mutate_product_state PASSED [ 77%]
tests/test_open_wic_baseline.py::test_failure_is_retained_without_retry PASSED [ 77%]
tests/test_open_wic_baseline.py::test_current_interaction_composition_uses_extracted_capability_seam PASSED [ 77%]
tests/test_persistence_foundation.py::test_settings_load_postgresql_url_from_environment PASSED [ 77%]
tests/test_persistence_foundation.py::test_settings_reject_non_postgresql_url PASSED [ 77%]
tests/test_persistence_foundation.py::test_persistence_requires_explicit_database_url PASSED [ 77%]
tests/test_persistence_foundation.py::test_postgresql_engine_composition_has_no_connection_side_effect PASSED [ 77%]
tests/test_persistence_foundation.py::test_production_metadata_contains_runtime_and_mvp_app_product_tables PASSED [ 77%]
tests/test_persistence_foundation.py::test_alembic_environment_has_native_executor_head PASSED [ 77%]
tests/test_preparation_contracts.py::test_s2a_03_context_input_has_no_raw_conversation_path PASSED [ 77%]
tests/test_preparation_contracts.py::test_s2a_context_paths_are_repository_relative PASSED [ 77%]
tests/test_preparation_contracts.py::test_s2a_06_executor_binding_and_request_are_provider_neutral PASSED [ 77%]
tests/test_preview_security.py::test_preview_allows_passive_https_images_with_active_boundaries_intact PASSED [ 77%]
tests/test_production_admission_retry.py::test_retries_only_network_failure_once_under_same_work[NETWORK_FAILURE-2] PASSED [ 77%]
tests/test_production_admission_retry.py::test_retries_only_network_failure_once_under_same_work[AUTH_REQUIRED-1] PASSED [ 77%]
tests/test_production_environment_contracts.py::test_workspace_is_work_bound_and_supports_multiple_repositories PASSED [ 77%]
tests/test_production_environment_contracts.py::test_workspace_rejects_repository_or_mount_aliasing PASSED [ 78%]
tests/test_production_environment_contracts.py::test_active_environment_and_ready_preview_require_exact_runtime_binding PASSED [ 78%]
tests/test_production_environment_contracts.py::test_production_record_is_digest_bound_and_json_round_trippable PASSED [ 78%]
tests/test_production_environment_contracts.py::test_resource_reference_graph_foundation_rejects_self_edges PASSED [ 78%]
tests/test_production_environment_contracts.py::test_preview_projection_and_resource_edges_bind_existing_runtime_evidence PASSED [ 78%]
tests/test_production_environment_cross_repository.py::test_watt_payloads_are_admitted_by_ecf_and_guardian_contract_owners PASSED [ 78%]
tests/test_production_environment_cross_repository.py::test_candidate_preview_current_and_stale_reality_is_ecf_admissible SKIPPED [ 78%]
tests/test_production_environment_git_continuity.py::test_git_continuity_preserves_branch_commit_ancestry_and_diff PASSED [ 78%]
tests/test_production_environment_git_continuity.py::test_git_continuity_rejects_non_ancestor_baseline PASSED [ 78%]
tests/test_production_environment_lifecycle.py::test_lifecycle_supports_activation_suspend_resume_archive_and_safe_destroy PASSED [ 78%]
tests/test_production_environment_lifecycle.py::test_lifecycle_rejects_skips_and_referenced_cleanup PASSED [ 78%]
tests/test_production_environment_lifecycle.py::test_delivery_requires_separate_human_acceptance_and_authorization PASSED [ 78%]
tests/test_production_environment_store.py::test_environment_and_transition_survive_store_restart PASSED [ 78%]
tests/test_production_intelligence.py::test_context_orchestrator_prioritizes_truth_and_keeps_patterns_advisory PASSED [ 78%]
tests/test_production_intelligence.py::test_system_capability_reality_is_versioned_context_not_execution_authority PASSED [ 78%]
tests/test_production_intelligence.py::test_context_orchestrator_obeys_budget_without_dropping_required_truth PASSED [ 78%]
tests/test_production_intelligence.py::test_sop_covers_extensible_activity_catalog_without_approval_semantics PASSED [ 79%]
tests/test_production_intelligence.py::test_task_contract_preserves_semantic_authority_scope_and_lineage PASSED [ 79%]
tests/test_production_intelligence.py::test_implementation_task_contract_preserves_design_prerequisite_evidence PASSED [ 79%]
tests/test_production_intelligence.py::test_pattern_or_sop_context_cannot_be_promoted_to_authoritative_truth PASSED [ 79%]
tests/test_production_intelligence.py::test_legacy_completion_contract_fingerprint_does_not_drift PASSED [ 79%]
tests/test_refinement_contract.py::test_owner_retry_exhaustion_is_work_nonconvergence_without_authority_fabrication PASSED [ 79%]
tests/test_refinement_contract.py::test_bounded_success_is_routine_not_incident PASSED [ 79%]
tests/test_refinement_contract.py::test_repeated_success_becomes_economic_signal PASSED [ 79%]
tests/test_refinement_contract.py::test_unchanged_failure_and_authority_boundary_are_systemic PASSED [ 79%]
tests/test_refinement_contract.py::test_failed_bounded_wic_repair_is_observable_without_raw_candidate PASSED [ 79%]
tests/test_release_evaluation_gate.py::test_critical_regression_fails_domain_and_release_gate PASSED [ 79%]
tests/test_release_evaluation_gate.py::test_release_gate_requires_postgresql_instead_of_accepting_skips PASSED [ 79%]
tests/test_release_evaluation_gate.py::test_corpus_classifies_each_case_and_focuses_affected_capability PASSED [ 79%]
tests/test_release_evaluation_gate.py::test_noncritical_similarity_group_consolidates_without_losing_history PASSED [ 79%]
tests/test_release_evaluation_gate.py::test_meaningful_regression_is_preferred_over_cheaper_duplicate PASSED [ 79%]
tests/test_release_evaluation_gate.py::test_p1_q7_versioned_release_evaluation_compares_qualified_baseline PASSED [ 79%]
tests/test_repository_acquisition_policy.py::test_default_repository_reality_acquires_only_default_branch PASSED [ 80%]
tests/test_repository_acquisition_policy.py::test_human_requested_branch_is_exact_and_preserves_full_history PASSED [ 80%]
tests/test_repository_acquisition_policy.py::test_acquired_revision_and_tree_match_ecf_repository_reality PASSED [ 80%]
tests/test_repository_acquisition_policy.py::test_multi_repository_workspace_keeps_independent_reality_and_acquisition PASSED [ 80%]
tests/test_repository_acquisition_reliability.py::test_git_acquisition_preserves_failure_category_and_technical_evidence[fatal: could not read Username for 'https://github.com': terminal prompts disabled-AUTH_REQUIRED-True] PASSED [ 80%]
tests/test_repository_acquisition_reliability.py::test_git_acquisition_preserves_failure_category_and_technical_evidence[remote: Repository not found.-REPOSITORY_NOT_FOUND-False] PASSED [ 80%]
tests/test_repository_acquisition_reliability.py::test_git_acquisition_preserves_failure_category_and_technical_evidence[fatal: unable to access: Could not resolve host: github.com-NETWORK_FAILURE-True] PASSED [ 80%]
tests/test_repository_acquisition_reliability.py::test_git_acquisition_preserves_failure_category_and_technical_evidence[fatal: unable to access 'http://source/project.git/': The requested URL returned error: 503-NETWORK_FAILURE-True] PASSED [ 80%]
tests/test_repository_acquisition_reliability.py::test_git_acquisition_preserves_failure_category_and_technical_evidence[fatal: unable to access: Empty reply from server-NETWORK_FAILURE-True] PASSED [ 80%]
tests/test_repository_acquisition_reliability.py::test_git_acquisition_preserves_failure_category_and_technical_evidence[fatal: Remote branch missing not found in upstream origin-INVALID_BRANCH-False] PASSED [ 80%]
tests/test_repository_acquisition_reliability.py::test_git_acquisition_preserves_failure_category_and_technical_evidence[fatal: cannot create directory: No space left on device-FILESYSTEM_FAILURE-True] PASSED [ 80%]
tests/test_repository_acquisition_reliability.py::test_git_acquisition_disables_interactive_credential_prompt PASSED [ 80%]
tests/test_repository_acquisition_reliability.py::test_branch_status_answer_uses_current_work_revision_not_model_plan PASSED [ 80%]
tests/test_repository_acquisition_reliability.py::test_provider_branch_vocabulary_is_normalized_only_at_binding[repository.branch_name-qualifiers0-\u5207\u4e00\u4e2a\u65b0\u5206\u652f\uff1atest-test] PASSED [ 80%]
tests/test_repository_acquisition_reliability.py::test_provider_branch_vocabulary_is_normalized_only_at_binding[repository.branch_name-qualifiers0-\u5982\u4f55\u521b\u5efa\u5206\u652f test\uff1f-None] PASSED [ 80%]
tests/test_repository_acquisition_reliability.py::test_provider_branch_vocabulary_is_normalized_only_at_binding[repository.branch_name-qualifiers0-\u4e0d\u8981\u521b\u5efa\u5206\u652f test-None] PASSED [ 80%]
tests/test_repository_acquisition_reliability.py::test_provider_branch_vocabulary_is_normalized_only_at_binding[repository.branch_name-qualifiers0-\u5207\u4e00\u4e2a\u65b0\u5206\u652f\uff1aother-None] PASSED [ 81%]
tests/test_repository_acquisition_reliability.py::test_provider_branch_vocabulary_is_normalized_only_at_binding[repository.branch_name-qualifiers0-\u5207\u6362\u5230\u5df2\u6709\u5206\u652f\uff1atest-None] PASSED [ 81%]
tests/test_repository_acquisition_reliability.py::test_provider_branch_vocabulary_is_normalized_only_at_binding[repository.branch_name-qualifiers0-\u5207\u4e00\u4e2a\u65b0\u5206\u652f\uff1atest2-None] PASSED [ 81%]
tests/test_repository_acquisition_reliability.py::test_provider_branch_vocabulary_is_normalized_only_at_binding[repository.branch_name-qualifiers1-\u5207\u4e00\u4e2a\u65b0\u5206\u652f\uff1atest-test] PASSED [ 81%]
tests/test_repository_acquisition_reliability.py::test_provider_branch_vocabulary_is_normalized_only_at_binding[repository.branch_name-qualifiers1-\u5982\u4f55\u521b\u5efa\u5206\u652f test\uff1f-None] PASSED [ 81%]
tests/test_repository_acquisition_reliability.py::test_provider_branch_vocabulary_is_normalized_only_at_binding[repository.branch_name-qualifiers1-\u4e0d\u8981\u521b\u5efa\u5206\u652f test-None] PASSED [ 81%]
tests/test_repository_acquisition_reliability.py::test_provider_branch_vocabulary_is_normalized_only_at_binding[repository.branch_name-qualifiers1-\u5207\u4e00\u4e2a\u65b0\u5206\u652f\uff1aother-None] PASSED [ 81%]
tests/test_repository_acquisition_reliability.py::test_provider_branch_vocabulary_is_normalized_only_at_binding[repository.branch_name-qualifiers1-\u5207\u6362\u5230\u5df2\u6709\u5206\u652f\uff1atest-None] PASSED [ 81%]
tests/test_repository_acquisition_reliability.py::test_provider_branch_vocabulary_is_normalized_only_at_binding[repository.branch_name-qualifiers1-\u5207\u4e00\u4e2a\u65b0\u5206\u652f\uff1atest2-None] PASSED [ 81%]
tests/test_repository_acquisition_reliability.py::test_provider_branch_vocabulary_is_normalized_only_at_binding[repository.branch-qualifiers2-\u5207\u4e00\u4e2a\u65b0\u5206\u652f\uff1atest-test] PASSED [ 81%]
tests/test_repository_acquisition_reliability.py::test_provider_branch_vocabulary_is_normalized_only_at_binding[repository.branch-qualifiers2-\u5982\u4f55\u521b\u5efa\u5206\u652f test\uff1f-None] PASSED [ 81%]
tests/test_repository_acquisition_reliability.py::test_provider_branch_vocabulary_is_normalized_only_at_binding[repository.branch-qualifiers2-\u4e0d\u8981\u521b\u5efa\u5206\u652f test-None] PASSED [ 81%]
tests/test_repository_acquisition_reliability.py::test_provider_branch_vocabulary_is_normalized_only_at_binding[repository.branch-qualifiers2-\u5207\u4e00\u4e2a\u65b0\u5206\u652f\uff1aother-None] PASSED [ 81%]
tests/test_repository_acquisition_reliability.py::test_provider_branch_vocabulary_is_normalized_only_at_binding[repository.branch-qualifiers2-\u5207\u6362\u5230\u5df2\u6709\u5206\u652f\uff1atest-None] PASSED [ 81%]
tests/test_repository_acquisition_reliability.py::test_provider_branch_vocabulary_is_normalized_only_at_binding[repository.branch-qualifiers2-\u5207\u4e00\u4e2a\u65b0\u5206\u652f\uff1atest2-None] PASSED [ 81%]
tests/test_repository_acquisition_reliability.py::test_provider_branch_vocabulary_is_normalized_only_at_binding[repository.branch.name-qualifiers3-\u5207\u4e00\u4e2a\u65b0\u5206\u652f\uff1atest-test] PASSED [ 81%]
tests/test_repository_acquisition_reliability.py::test_provider_branch_vocabulary_is_normalized_only_at_binding[repository.branch.name-qualifiers3-\u5982\u4f55\u521b\u5efa\u5206\u652f test\uff1f-None] PASSED [ 82%]
tests/test_repository_acquisition_reliability.py::test_provider_branch_vocabulary_is_normalized_only_at_binding[repository.branch.name-qualifiers3-\u4e0d\u8981\u521b\u5efa\u5206\u652f test-None] PASSED [ 82%]
tests/test_repository_acquisition_reliability.py::test_provider_branch_vocabulary_is_normalized_only_at_binding[repository.branch.name-qualifiers3-\u5207\u4e00\u4e2a\u65b0\u5206\u652f\uff1aother-None] PASSED [ 82%]
tests/test_repository_acquisition_reliability.py::test_provider_branch_vocabulary_is_normalized_only_at_binding[repository.branch.name-qualifiers3-\u5207\u6362\u5230\u5df2\u6709\u5206\u652f\uff1atest-None] PASSED [ 82%]
tests/test_repository_acquisition_reliability.py::test_provider_branch_vocabulary_is_normalized_only_at_binding[repository.branch.name-qualifiers3-\u5207\u4e00\u4e2a\u65b0\u5206\u652f\uff1atest2-None] PASSED [ 82%]
tests/test_repository_acquisition_reliability.py::test_branch_execution_requires_canonical_admitted_action_and_target PASSED [ 82%]
tests/test_repository_acquisition_reliability.py::test_exact_branch_command_is_narrow[\u5207\u4e00\u4e2a\u65b0\u5206\u652f\uff1atest-test] PASSED [ 82%]
tests/test_repository_acquisition_reliability.py::test_exact_branch_command_is_narrow[\u521b\u5efa\u65b0\u5206\u652f feature/test-feature/test] PASSED [ 82%]
tests/test_repository_acquisition_reliability.py::test_exact_branch_command_is_narrow[\u5207\u6362\u5230\u5df2\u6709\u5206\u652f\uff1atest-None] PASSED [ 82%]
tests/test_repository_acquisition_reliability.py::test_exact_branch_command_is_narrow[\u5982\u4f55\u521b\u5efa\u65b0\u5206\u652f test\uff1f-None] PASSED [ 82%]
tests/test_repository_acquisition_reliability.py::test_exact_branch_command_is_narrow[\u4e0d\u8981\u521b\u5efa\u65b0\u5206\u652f test-None] PASSED [ 82%]
tests/test_repository_acquisition_reliability.py::test_exact_branch_command_is_narrow[\u4e3a\u4e86\u540e\u7eed\u5f00\u53d1\uff0c\u8bf7\u5207\u4e00\u4e2a\u65b0\u5206\u652f\uff1atest-None] PASSED [ 82%]
tests/test_response_contract.py::test_capability_alignment_keeps_general_technical_knowledge_non_promotional PASSED [ 82%]
tests/test_response_contract.py::test_current_work_context_alone_does_not_turn_an_unmatched_how_to_into_promotion PASSED [ 82%]
tests/test_response_contract.py::test_capability_alignment_answers_software_how_to_then_connects_production_once PASSED [ 82%]
tests/test_response_contract.py::test_capability_alignment_routes_direct_build_into_governed_production_preparation PASSED [ 82%]
tests/test_response_contract.py::test_repository_change_request_overrides_provider_how_to_downgrade PASSED [ 83%]
tests/test_response_contract.py::test_repository_how_to_question_remains_advisory PASSED [ 83%]
tests/test_response_contract.py::test_uncommitted_product_idea_does_not_start_production PASSED [ 83%]
tests/test_response_contract.py::test_imperative_repo_bug_fix_is_a_production_request PASSED [ 83%]
tests/test_response_contract.py::test_chinese_add_link_with_repository_and_preview_is_production_request PASSED [ 83%]
tests/test_response_contract.py::test_repository_research_references_do_not_admit_production[\u641c\u7d22 GitHub \u548c Web \u4e2d\u6210\u719f\u7684\u8868\u5355\u9a8c\u8bc1\u5b9e\u73b0\uff0c\u7ed3\u5408\u5f53\u524d\u9879\u76ee\u5efa\u8bae\u8be5\u5982\u4f55\u4f7f\u7528\uff0c\u5e76\u7ed9\u51fa\u771f\u5b9e\u6765\u6e90\u3002] PASSED [ 83%]
tests/test_response_contract.py::test_repository_research_references_do_not_admit_production[\u5e2e\u6211\u67e5\u4e0b GitHub \u4e0a\u6709\u6ca1\u6709\u80fd\u589e\u52a0\u7f13\u5b58\u7684\u5b9e\u73b0\uff0c\u7ed9\u51fa\u5efa\u8bae\u3002] PASSED [ 83%]
tests/test_response_contract.py::test_repository_research_references_do_not_admit_production[Search GitHub for implementations that add caching and recommend one for this project.] PASSED [ 83%]
tests/test_response_contract.py::test_repository_research_references_do_not_admit_production[Research libraries that implement validation for our repository.] PASSED [ 83%]
tests/test_response_contract.py::test_research_with_explicit_change_clause_retains_production[\u641c\u7d22\u6210\u719f\u5b9e\u73b0\uff0c\u7136\u540e\u5b9e\u73b0\u5f53\u524d\u9879\u76ee\u7684\u9a8c\u8bc1\u529f\u80fd\u3002] PASSED [ 83%]
tests/test_response_contract.py::test_research_with_explicit_change_clause_retains_production[\u641c\u7d22 GitHub \u4e2d\u53ef\u7528\u7684\u5e93\uff0c\u5e76\u4fee\u6539\u5f53\u524d\u9879\u76ee\u7684\u9a8c\u8bc1\u903b\u8f91\u3002] PASSED [ 83%]
tests/test_response_contract.py::test_research_with_explicit_change_clause_retains_production[Search GitHub for libraries, then implement validation in this repository.] PASSED [ 83%]
tests/test_response_contract.py::test_research_with_explicit_change_clause_retains_production[Research libraries and fix this repository's validation bug.] PASSED [ 83%]
tests/test_response_contract.py::test_research_with_explicit_change_clause_retains_production[\u5b9e\u73b0\u5f53\u524d\u9879\u76ee\u7684\u9a8c\u8bc1\u529f\u80fd\u3002] PASSED [ 83%]
tests/test_response_contract.py::test_capability_alignment_cannot_claim_production_without_a_capability_match PASSED [ 83%]
tests/test_response_contract.py::test_semantic_mode_matrix[A-DIAGNOSE-DIRECT_QUESTION-DIAGNOSE-CAUSE_FIRST-FOCUSED_DIAGNOSIS] PASSED [ 83%]
tests/test_response_contract.py::test_semantic_mode_matrix[B-ANSWER-DIRECT_QUESTION-ANSWER-ANSWER_FIRST-MINIMUM_SUFFICIENT] PASSED [ 84%]
tests/test_response_contract.py::test_semantic_mode_matrix[C-ANALYZE-FEEDBACK-ASSESS-JUDGMENT_FIRST-REASONED_TRADEOFFS] PASSED [ 84%]
tests/test_response_contract.py::test_semantic_mode_matrix[D-DECIDE-COMPARE-COMPARE-JUDGMENT_FIRST-DECISIVE_FACTORS] PASSED [ 84%]
tests/test_response_contract.py::test_semantic_mode_matrix[E-STATUS-DIRECT_QUESTION-REPORT_REALITY-REALITY_FIRST-CONCISE_REALITY] PASSED [ 84%]
tests/test_response_contract.py::test_semantic_mode_matrix[F-EXECUTE-CONTINUE_CURRENT_WORK-EXECUTE-ACK_AND_EXECUTE-MINIMAL_ACKNOWLEDGEMENT] PASSED [ 84%]
tests/test_response_contract.py::test_semantic_mode_matrix[G-CORRECT-DISAGREEMENT-ASSESS-JUDGMENT_FIRST-DECISIVE_FACTORS] PASSED [ 84%]
tests/test_response_contract.py::test_semantic_mode_matrix[H-DIAGNOSE-FEEDBACK-DIAGNOSE-CAUSE_FIRST-FOCUSED_DIAGNOSIS] PASSED [ 84%]
tests/test_response_contract.py::test_semantic_mode_matrix[I-EXPLORE-EXPLORE-PROPOSE-CONTRIBUTION_FIRST-RELEVANT_DIVERGENCE] PASSED [ 84%]
tests/test_response_contract.py::test_semantic_mode_matrix[J-EXECUTE-ACTION_REQUEST-EXECUTE-ACK_AND_EXECUTE-MINIMAL_ACKNOWLEDGEMENT] PASSED [ 84%]
tests/test_response_contract.py::test_semantic_mode_matrix[K-DIAGNOSE-MODIFY-DIAGNOSE-CAUSE_FIRST-FOCUSED_DIAGNOSIS] PASSED [ 84%]
tests/test_response_contract.py::test_same_login_topic_has_distinct_explore_design_execute_obligations PASSED [ 84%]
tests/test_response_contract.py::test_design_explore_opens_option_space_before_risk_or_decision_pressure PASSED [ 84%]
tests/test_response_contract.py::test_ambiguous_explore_uses_one_governed_high_value_intent_refinement_question PASSED [ 84%]
tests/test_response_contract.py::test_open_exploration_does_not_manufacture_a_clarification_gate PASSED [ 84%]
tests/test_response_contract.py::test_settled_login_execution_does_not_reopen_intent_refinement PASSED [ 84%]
tests/test_response_contract.py::test_design_review_starts_with_judgment_and_surfaces_tradeoffs PASSED [ 84%]
tests/test_response_contract.py::test_execute_collapses_conversation_without_reopening_design PASSED [ 85%]
tests/test_response_contract.py::test_status_sequence_is_reality_first_and_human_oriented PASSED [ 85%]
tests/test_response_contract.py::test_design_refinement_cannot_be_attached_to_non_design_execution PASSED [ 85%]
tests/test_response_contract.py::test_turn_wording_does_not_control_semantic_mode_or_budget PASSED [ 85%]
tests/test_response_contract.py::test_builder_does_not_promote_response_advice_into_semantic_or_work_truth PASSED [ 85%]
tests/test_response_contract.py::test_only_an_admitted_material_blocker_can_spend_one_question PASSED [ 85%]
tests/test_response_contract.py::test_optional_or_resolved_unknown_does_not_trigger_a_question[update0] PASSED [ 85%]
tests/test_response_contract.py::test_optional_or_resolved_unknown_does_not_trigger_a_question[update1] PASSED [ 85%]
tests/test_response_contract.py::test_optional_or_resolved_unknown_does_not_trigger_a_question[update2] PASSED [ 85%]
tests/test_response_contract.py::test_optional_or_resolved_unknown_does_not_trigger_a_question[update3] PASSED [ 85%]
tests/test_response_contract.py::test_optional_or_resolved_unknown_does_not_trigger_a_question[update4] PASSED [ 85%]
tests/test_response_contract.py::test_read_only_question_is_not_turned_into_work_admission_interrogation[STATUS] PASSED [ 85%]
tests/test_response_contract.py::test_read_only_question_is_not_turned_into_work_admission_interrogation[ANSWER] PASSED [ 85%]
tests/test_response_contract.py::test_existing_active_production_can_be_framed_but_never_mutated PASSED [ 85%]
tests/test_response_contract.py::test_unready_execution_uses_governed_preparation_without_claiming_execution PASSED [ 85%]
tests/test_response_contract.py::test_unsupported_or_stale_basis_cannot_flip_judgment[basis0-The Human disagreed.] PASSED [ 85%]
tests/test_response_contract.py::test_unsupported_or_stale_basis_cannot_flip_judgment[basis1-New evidence supposedly exists.] PASSED [ 85%]
tests/test_response_contract.py::test_unsupported_or_stale_basis_cannot_flip_judgment[basis2-An already available but previously uncited fact was rediscovered.] PASSED [ 86%]
tests/test_response_contract.py::test_material_goal_change_can_revise_a_judgment_with_cited_basis PASSED [ 86%]
tests/test_response_contract.py::test_judgment_survives_status_with_narrow_context_without_losing_evidence_inventory PASSED [ 86%]
tests/test_response_contract.py::test_new_topic_can_have_its_own_judgment_without_erasing_prior_truth PASSED [ 86%]
tests/test_response_contract.py::test_old_semantic_fact_cannot_become_new_evidence_via_a_different_alias PASSED [ 86%]
tests/test_response_contract.py::test_fact_stance_requires_an_actual_known_citation PASSED [ 86%]
tests/test_response_contract.py::test_repeated_failure_changes_diagnostic_strategy_without_a_guardian_engine PASSED [ 86%]
tests/test_response_contract.py::test_failed_local_execute_route_is_reframed_as_focused_diagnosis PASSED [ 86%]
tests/test_response_contract.py::test_adjacent_insight_is_bounded_optional_and_after_answer PASSED [ 86%]
tests/test_response_contract.py::test_legacy_turn_intent_is_compatible_without_new_mode_heuristics PASSED [ 86%]
tests/test_response_contract.py::test_human_authority_pause_never_frames_execution_even_without_an_askable_question PASSED [ 86%]
tests/test_response_contract.py::test_contract_cannot_be_built_over_mismatched_semantic_basis PASSED [ 86%]
tests/test_response_contract.py::test_choice_obligation_converges_on_decisive_factors_despite_generic_advisory_mode[ANALYZE-COMPARE] PASSED [ 86%]
tests/test_response_contract.py::test_choice_obligation_converges_on_decisive_factors_despite_generic_advisory_mode[ANALYZE-REQUEST_DECISION_SUPPORT] PASSED [ 86%]
tests/test_response_contract.py::test_choice_obligation_converges_on_decisive_factors_despite_generic_advisory_mode[ANSWER-COMPARE] PASSED [ 86%]
tests/test_response_contract.py::test_choice_obligation_converges_on_decisive_factors_despite_generic_advisory_mode[ANSWER-REQUEST_DECISION_SUPPORT] PASSED [ 86%]
tests/test_response_contract.py::test_comparing_exploratory_possibilities_does_not_force_a_decision PASSED [ 87%]
tests/test_response_contract.py::test_repair_request_preserves_governed_advancement_instead_of_answer_only[False-PROPOSE_AND_WAIT-MODIFY] PASSED [ 87%]
tests/test_response_contract.py::test_repair_request_preserves_governed_advancement_instead_of_answer_only[False-PROPOSE_AND_WAIT-ACTION_REQUEST] PASSED [ 87%]
tests/test_response_contract.py::test_repair_request_preserves_governed_advancement_instead_of_answer_only[False-PROPOSE_AND_WAIT-CONTINUE_CURRENT_WORK] PASSED [ 87%]
tests/test_response_contract.py::test_repair_request_preserves_governed_advancement_instead_of_answer_only[True-ANSWER_AND_PROCEED-MODIFY] PASSED [ 87%]
tests/test_response_contract.py::test_repair_request_preserves_governed_advancement_instead_of_answer_only[True-ANSWER_AND_PROCEED-ACTION_REQUEST] PASSED [ 87%]
tests/test_response_contract.py::test_repair_request_preserves_governed_advancement_instead_of_answer_only[True-ANSWER_AND_PROCEED-CONTINUE_CURRENT_WORK] PASSED [ 87%]
tests/test_response_contract.py::test_diagnostic_advancement_cannot_override_an_existing_human_authority_pause PASSED [ 87%]
tests/test_response_contract.py::test_provider_invented_working_fact_cannot_supply_its_own_judgment_reversal_evidence[I disagree with that judgment.] PASSED [ 87%]
tests/test_response_contract.py::test_provider_invented_working_fact_cannot_supply_its_own_judgment_reversal_evidence[The existing design remains unchanged.] PASSED [ 87%]
tests/test_response_contract.py::test_material_delta_needs_human_source_grounding_not_just_an_existing_record_id[MOTIVE] PASSED [ 87%]
tests/test_response_contract.py::test_material_delta_needs_human_source_grounding_not_just_an_existing_record_id[DESIRED_OUTCOME] PASSED [ 87%]
tests/test_response_contract.py::test_material_delta_needs_human_source_grounding_not_just_an_existing_record_id[CONSTRAINT] PASSED [ 87%]
tests/test_response_contract.py::test_real_new_human_fact_can_change_judgment_even_during_disagreement PASSED [ 87%]
tests/test_response_contract.py::test_a_watt_message_cannot_manufacture_a_new_human_priority PASSED [ 87%]
tests/test_response_contract.py::test_existing_data_display_is_explicit_repository_change[\u8fd9\u662f\u9879\u76ee\u4ed3\u5e93\uff1ahttps://github.com/example/project.git\u3002\u8bf7\u5728\u5ba2\u6237\u8868\u683c\u4e2d\u663e\u793a\u4f59\u989d\uff0c\u7ed9\u6211\u5b9e\u9645\u9884\u89c8\u3002] PASSED [ 87%]
tests/test_response_contract.py::test_existing_data_display_is_explicit_repository_change[\u8fd9\u662f\u9879\u76ee\u4ed3\u5e93\uff1ahttps://github.com/example/project.git\u3002\u5728\u8ba2\u5355\u9875\u9762\u5c55\u793a\u540e\u7aef\u8ba2\u5355\u72b6\u6001\u3002] PASSED [ 88%]
tests/test_response_contract.py::test_advisory_display_question_does_not_admit_production PASSED [ 88%]
tests/test_runtime_contracts.py::test_completion_contract_requires_a_declared_obligation PASSED [ 88%]
tests/test_runtime_contracts.py::test_completion_contract_is_typed_and_not_code_specific PASSED [ 88%]
tests/test_runtime_contracts.py::test_git_observer_rejects_dirty_working_reality PASSED [ 88%]
tests/test_s6c2_r2_utf8_transport.py::test_utf8_01_default_locale_independent_non_ascii_request_round_trip PASSED [ 88%]
tests/test_s6c2_r2_utf8_transport.py::test_utf8_02_chinese_materialized_input_parses_exactly_in_child PASSED [ 88%]
tests/test_s6c2_r2_utf8_transport.py::test_utf8_03_large_payload_preserves_fingerprint_and_correlation PASSED [ 88%]
tests/test_s6c2_r2_utf8_transport.py::test_utf8_04_non_ascii_child_response_decodes_exactly PASSED [ 88%]
tests/test_s6c2_r2_utf8_transport.py::test_utf8_05_non_ascii_stderr_is_deterministic_and_conservative PASSED [ 88%]
tests/test_s6c2_r2_utf8_transport.py::test_utf8_06_invalid_utf8_response_maps_to_conservative_transport_failure PASSED [ 88%]
tests/test_s6c2_r2_utf8_transport.py::test_utf8_07_transport_failure_never_manufactures_provider_terminal_outcome PASSED [ 88%]
tests/test_s6c2_r2_utf8_transport.py::test_utf8_08_wire_encoding_is_explicit_without_parent_pythonutf8 PASSED [ 88%]
tests/test_s6c2_r2_utf8_transport.py::test_utf8_09_parent_environment_is_not_persistently_mutated PASSED [ 88%]
tests/test_s6c2_r2_utf8_transport.py::test_utf8_10_credential_and_database_filtering_remains_intact PASSED [ 88%]
tests/test_s6c2_r2_utf8_transport.py::test_utf8_11_canonical_execution_identity_survives_protocol PASSED [ 88%]
tests/test_s6c2_r2_utf8_transport.py::test_utf8_12_deterministic_transport_creates_no_provider_thread_or_turn PASSED [ 89%]
tests/test_s6c2_r2_utf8_transport.py::test_utf8_13_existing_ascii_transport_behavior_remains_compatible PASSED [ 89%]
tests/test_s6c2_r2_utf8_transport.py::test_utf8_14_posix_child_environment_remains_compatible PASSED [ 89%]
tests/test_stability_boundaries.py::test_chinese_counted_add_request_is_production_intent[\u7ed9\u641c\u7d22\u9875\u9762\u52a0\u4e00\u4e2a\u8fc7\u6ee4\u6309\u94ae] PASSED [ 89%]
tests/test_stability_boundaries.py::test_chinese_counted_add_request_is_production_intent[\u8bf7\u52a0\u4e00\u9879\u59d3\u540d\u5b57\u6bb5] PASSED [ 89%]
tests/test_stability_boundaries.py::test_chinese_counted_add_request_is_production_intent[\u52a0\u4e2a\u4fdd\u5b58\u6309\u94ae] PASSED [ 89%]
tests/test_stability_boundaries.py::test_routes_and_design_terms_are_not_explicit_file_write_targets PASSED [ 89%]
tests/test_stability_boundaries.py::test_multiclause_explicit_change_survives_lossy_preview_summary PASSED [ 89%]
tests/test_stability_boundaries.py::test_test_collection_cannot_claim_assertion_success PASSED [ 89%]
tests/test_stability_boundaries.py::test_runtime_defaults_and_qualification_mode_match PASSED [ 89%]
tests/test_stability_boundaries.py::test_missing_container_test_executable_is_not_an_executed_test_failure PASSED [ 89%]
tests/test_stability_boundaries.py::test_real_compiler_diagnostic_binds_only_its_invoked_source PASSED [ 89%]
tests/test_stability_boundaries.py::test_explicit_git_source_survives_admission_for_existing_custom_host_recipe PASSED [ 89%]
tests/test_stability_boundaries.py::test_explicit_change_and_outcome_grammar_does_not_depend_on_one_case[\u628a\u9875\u9762\u4e0a\u7684\u65e7\u6807\u7b7e\u6539\u4e3a\u65b0\u6807\u7b7e\u3002\u5176\u4ed6\u884c\u4e3a\u4e0d\u53d8\u3002] PASSED [ 89%]
tests/test_stability_boundaries.py::test_explicit_change_and_outcome_grammar_does_not_depend_on_one_case[\u8bf7\u542f\u52a8\u8fd9\u4e2a\u9879\u76ee\u8ba9\u6211\u67e5\u770b\u5b9e\u9645\u6548\u679c\u3002] PASSED [ 89%]
tests/test_stability_boundaries.py::test_explicit_change_and_outcome_grammar_does_not_depend_on_one_case[\u6211\u60f3\u8981\u4e00\u4e2a\u6536\u96c6\u8054\u7cfb\u4fe1\u606f\u7684\u9875\u9762\u3002] PASSED [ 89%]
tests/test_stability_boundaries.py::test_explicit_change_and_outcome_grammar_does_not_depend_on_one_case[\u6211\u60f3\u8ba9\u7f51\u7ad9\u652f\u6301\u53cd\u9988\u3002] PASSED [ 90%]
tests/test_stability_boundaries.py::test_explicit_change_and_outcome_grammar_does_not_depend_on_one_case[\u6211\u5e0c\u671b\u5e94\u7528\u5177\u5907\u73b0\u6709\u6570\u636e\u7684\u641c\u7d22\u80fd\u529b\u3002] PASSED [ 90%]
tests/test_stability_boundaries.py::test_knowledge_and_retrieval_do_not_gain_production_authority[\u5982\u4f55\u542f\u52a8\u8fd9\u4e2a\u9879\u76ee\uff1f] PASSED [ 90%]
tests/test_stability_boundaries.py::test_knowledge_and_retrieval_do_not_gain_production_authority[\u6211\u60f3\u77e5\u9053\u53cd\u9988\u9875\u9762\u4e3a\u4ec0\u4e48\u8fd9\u6837\u8bbe\u8ba1\u3002] PASSED [ 90%]
tests/test_stability_boundaries.py::test_knowledge_and_retrieval_do_not_gain_production_authority[\u641c\u7d22 GitHub \u548c Web \u4e2d\u6210\u719f\u7684\u5b9e\u73b0\uff0c\u7ed9\u51fa\u771f\u5b9e\u6765\u6e90\u3002] PASSED [ 90%]
tests/test_stability_boundaries.py::test_explicit_new_root_web_and_schema_files_are_not_lost PASSED [ 90%]
tests/test_stability_boundaries.py::test_repository_url_with_port_never_becomes_a_write_target PASSED [ 90%]
tests/test_stability_boundaries.py::test_documentation_candidate_cannot_bypass_primary_implementation_validation PASSED [ 90%]
tests/test_steering_step_sufficiency.py::test_bounded_engineering_work_has_no_product_discovery_blocker[A button with an observable hello Watt alert is bounded and verifiable.] PASSED [ 90%]
tests/test_steering_step_sufficiency.py::test_bounded_engineering_work_has_no_product_discovery_blocker[The existing login button text change is bounded by repository Reality.] PASSED [ 90%]
tests/test_steering_step_sufficiency.py::test_material_human_owned_choice_blocks_truthfully[UNCERTAIN-Should administrator access apply to every user or only accountable owners?] PASSED [ 90%]
tests/test_steering_step_sufficiency.py::test_material_human_owned_choice_blocks_truthfully[EXPANDS_AUTHORITY-May production destroy retained data instead of preserving it?] PASSED [ 90%]
tests/test_steering_step_sufficiency.py::test_material_human_owned_choice_blocks_truthfully[UNCERTAIN-Which materially different audience and outcome should govern the enterprise site?] PASSED [ 90%]
tests/test_steering_step_sufficiency.py::test_human_attention_requires_both_authority_and_materiality[WITHIN_AUTHORITY-unresolved0-Ask the Human to choose.] PASSED [ 90%]
tests/test_steering_step_sufficiency.py::test_human_attention_requires_both_authority_and_materiality[UNCERTAIN-unresolved1-Ask the Human without a material current-step question.] PASSED [ 90%]
tests/test_wic_fast_reception.py::test_fast_context_is_small_deterministic_and_preserves_active_references PASSED [ 90%]
tests/test_wic_fast_reception.py::test_pre_work_card_and_stale_sequence_are_distinguished PASSED [ 91%]
tests/test_wic_fast_reception.py::test_deterministic_correction_and_constraint_are_grounded_shadow_candidates PASSED [ 91%]
tests/test_wic_fast_reception.py::test_ow_f_keeps_privacy_and_retention_with_human_authority PASSED [ 91%]
tests/test_wic_fast_reception.py::test_policy_blocks_stale_low_confidence_and_ungrounded_object PASSED [ 91%]
tests/test_wic_fast_reception.py::test_broad_motive_waits_for_context_sensitive_model_response PASSED [ 91%]
tests/test_wic_fast_reception.py::test_direct_question_is_not_repeated_as_a_fast_response PASSED [ 91%]
tests/test_wic_fast_reception.py::test_bounded_change_fast_receipt_preserves_scope_without_echoing_request PASSED [ 91%]
tests/test_wic_fast_reception.py::test_negative_instruction_fast_text_never_asserts_reversed_meaning PASSED [ 91%]
tests/test_wic_fast_reception.py::test_domain_context_waits_for_context_sensitive_model_response PASSED [ 91%]
tests/test_wic_fast_reception.py::test_human_uncertainty_waits_for_model_contribution PASSED [ 91%]
tests/test_wic_fast_reception.py::test_shadow_failure_is_observed_without_retry_or_exception PASSED [ 91%]
tests/test_wic_fast_reception.py::test_deep_work_can_start_without_waiting_for_slow_fast_lane PASSED [ 91%]
tests/test_wic_fast_reception.py::test_frozen_open_wic_artifacts_are_byte_unchanged PASSED [ 91%]
tests/test_wic_interaction_contracts.py::test_wic_provider_schema_is_recursively_strict_and_ref_safe PASSED [ 91%]
tests/test_wic_interaction_contracts.py::test_wic_provider_stream_exposes_only_incremental_human_response PASSED [ 91%]
tests/test_wic_interaction_contracts.py::test_ready_readiness_cannot_hide_material_questions PASSED [ 91%]
tests/test_wic_interaction_contracts.py::test_wic3_provider_contract_exposes_bounded_focus_and_impact_taxonomies PASSED [ 92%]
tests/test_wic_interaction_contracts.py::test_wic4_lifecycle_taxonomies_are_small_and_human_governed PASSED [ 92%]
tests/test_wic_interaction_contracts.py::test_wic_provider_instruction_requires_progressive_context_aware_leadership PASSED [ 92%]
tests/test_wic_interaction_contracts.py::test_dedicated_conversation_provider_owns_human_facing_policy PASSED [ 92%]
tests/test_wic_interaction_contracts.py::test_wic_human_facing_response_does_not_append_internal_design_metadata PASSED [ 92%]
tests/test_wic_interaction_strategy.py::test_strategy_meets_the_human_at_their_current_altitude[\u6211\u60f3\u505a\u4e00\u4e2a\u4f01\u4e1a\u5b98\u7f51\u3002-BUILD-signals0-PROPOSE-VISION-EXPLORING-EXPLORING] PASSED [ 92%]
tests/test_wic_interaction_strategy.py::test_strategy_meets_the_human_at_their_current_altitude[\u6211\u60f3\u505a\u4e00\u4e2a\u9762\u5411C\u7aef\u7528\u6237\u7684\u51b3\u7b56\u52a9\u624b\u7c7b\u5c0f\u7a0b\u5e8f\u3002-BUILD-signals1-PROPOSE-SOLUTION-FRAMING-EXPLORING] PASSED [ 92%]
tests/test_wic_interaction_strategy.py::test_strategy_meets_the_human_at_their_current_altitude[\u6211\u4eec\u7684\u5ba2\u6237\u7537\u5973\u6bd4\u4f8b\u662f3:7\uff0c\u4f60\u89c9\u5f97\u5b98\u7f51\u98ce\u683c\u5e94\u8be5\u600e\u4e48\u8bbe\u8ba1\uff1f-RECOMMEND-signals2-PROPOSE-SOLUTION-EVALUATING-ASKING] PASSED [ 92%]
tests/test_wic_interaction_strategy.py::test_strategy_meets_the_human_at_their_current_altitude[\u4f01\u4e1a\u5b98\u7f51\u4e00\u822c\u90fd\u9700\u8981\u54ea\u4e9b\u9875\u9762\uff1f-DIRECT_QUESTION-signals3-ANSWER-SOLUTION-FRAMING-ASKING] PASSED [ 92%]
tests/test_wic_interaction_strategy.py::test_strategy_meets_the_human_at_their_current_altitude[\u4e3a\u4ec0\u4e48\u4f01\u4e1a\u5b98\u7f51\u9700\u8981\u6848\u4f8b\u9875\u9762\uff1f-DIRECT_QUESTION-signals4-ANSWER-SOLUTION-FRAMING-ASKING] PASSED [ 92%]
tests/test_wic_interaction_strategy.py::test_strategy_meets_the_human_at_their_current_altitude[\u6211\u5176\u5b9e\u4e5f\u4e0d\u77e5\u9053\u8be5\u505a\u6210\u4ec0\u4e48\u6837\u3002-EXPLORE-signals5-PROPOSE-VISION-EXPLORING-EXPLORING] PASSED [ 92%]
tests/test_wic_interaction_strategy.py::test_strategy_meets_the_human_at_their_current_altitude[\u4e0d\u5bf9\uff0c\u6211\u662f\u8981\u505a\u540e\u53f0\u7cfb\u7edf\u3002-CORRECTION-signals6-CONFIRM-SOLUTION-SPECIFYING-CORRECTING] PASSED [ 92%]
tests/test_wic_interaction_strategy.py::test_broad_build_offers_a_candidate_before_one_optional_question PASSED [ 92%]
tests/test_wic_interaction_strategy.py::test_human_uncertainty_gets_a_proposal_instead_of_a_questionnaire PASSED [ 92%]
tests/test_wic_interaction_strategy.py::test_human_authority_keeps_one_bounded_escalation_question PASSED [ 92%]
tests/test_wic_interaction_strategy.py::test_strategy_preserves_model_selected_object_specific_next_move[\u6211\u60f3\u505a\u4e00\u4e2a\u4f01\u4e1a\u5b98\u7f51\u3002-\u5148\u660e\u786e\u5b98\u7f51\u8981\u5efa\u7acb\u54ea\u79cd\u4fe1\u4efb\u3002\u5b83\u4e3b\u8981\u4ee3\u8868\u4ec0\u4e48\u4e1a\u52a1\uff1f] PASSED [ 92%]
tests/test_wic_interaction_strategy.py::test_strategy_preserves_model_selected_object_specific_next_move[\u6211\u60f3\u505a\u4e00\u4e2a\u9762\u5411C\u7aef\u7528\u6237\u7684\u51b3\u7b56\u52a9\u624b\u7c7b\u5c0f\u7a0b\u5e8f\u3002-\u8fd9\u7c7b\u4ea7\u54c1\u7684\u5173\u952e\u662f\u7f29\u77ed\u9009\u62e9\u8fc7\u7a0b\u3002\u5b83\u9996\u5148\u5e2e\u52a9\u7528\u6237\u505a\u54ea\u7c7b\u51b3\u5b9a\uff1f] PASSED [ 93%]
tests/test_wic_interaction_strategy.py::test_strategy_preserves_model_selected_object_specific_next_move[\u6211\u60f3\u505a\u4e00\u4e2a\u5458\u5de5\u8bf7\u5047\u5ba1\u6279\u7cfb\u7edf\u3002-\u5148\u6293\u4f4f\u771f\u5b9e\u5ba1\u6279\u94fe\u8def\u3002\u73b0\u5728\u8bf7\u5047\u901a\u5e38\u7ecf\u8fc7\u54ea\u4e9b\u89d2\u8272\uff1f] PASSED [ 93%]
tests/test_wic_interaction_strategy.py::test_strategy_preserves_model_selected_object_specific_next_move[\u6211\u60f3\u505a\u4e00\u4e2a\u65e5\u5fd7\u5206\u6790 CLI\u3002-\u5148\u786e\u5b9a\u9ad8\u9891\u8bca\u65ad\u573a\u666f\u3002\u7528\u6237\u6700\u5e38\u4ece\u54ea\u7c7b\u65e5\u5fd7\u95ee\u9898\u5f00\u59cb\u6392\u67e5\uff1f] PASSED [ 93%]
tests/test_wic_interaction_strategy.py::test_strategy_preserves_model_selected_object_specific_next_move[\u6211\u60f3\u8bbe\u8ba1\u4e00\u4e2a\u5de5\u7a0b\u4e0a\u4e0b\u6587\u57fa\u7840\u8bbe\u65bd\u3002-\u5148\u754c\u5b9a\u5b83\u5fc5\u987b\u7a33\u5b9a\u627f\u8f7d\u7684\u8d23\u4efb\u3002\u54ea\u4e9b\u4e0a\u4e0b\u6587\u9700\u8981\u8de8\u5de5\u5177\u4fdd\u6301\u4e00\u81f4\uff1f] PASSED [ 93%]
tests/test_wic_interaction_strategy.py::test_strategy_suppresses_but_never_replaces_a_disallowed_question PASSED [ 93%]
tests/test_wic_interaction_strategy.py::test_turn_intent_not_keyword_shape_selects_the_primary_move[HOW_TO-ANSWER-True-False] PASSED [ 93%]
tests/test_wic_interaction_strategy.py::test_turn_intent_not_keyword_shape_selects_the_primary_move[DIRECT_QUESTION-ANSWER-True-False] PASSED [ 93%]
tests/test_wic_interaction_strategy.py::test_turn_intent_not_keyword_shape_selects_the_primary_move[REQUEST_DETAIL-EXPLAIN-True-False] PASSED [ 93%]
tests/test_wic_interaction_strategy.py::test_turn_intent_not_keyword_shape_selects_the_primary_move[COMPARE-COMPARE-False-False] PASSED [ 93%]
tests/test_wic_interaction_strategy.py::test_turn_intent_not_keyword_shape_selects_the_primary_move[RECOMMEND-PROPOSE-False-True] PASSED [ 93%]
tests/test_wic_interaction_strategy.py::test_turn_intent_not_keyword_shape_selects_the_primary_move[MODIFY-PROPOSE-False-True] PASSED [ 93%]
tests/test_wic_interaction_strategy.py::test_turn_intent_not_keyword_shape_selects_the_primary_move[DEPLOY-PROPOSE-False-True] PASSED [ 93%]
tests/test_wic_interaction_strategy.py::test_recommend_compare_and_modify_allow_only_one_material_follow_up PASSED [ 93%]
tests/test_wic_progressive_intelligence.py::test_ordered_values_are_bound_through_generic_semantic_facts PASSED [ 93%]
tests/test_wic_progressive_intelligence.py::test_active_work_operational_questions_use_the_read_only_route[\u76ee\u524d\u6267\u884c\u5230\u4ec0\u4e48\u72b6\u6001\u4e86\uff1f] PASSED [ 93%]
tests/test_wic_progressive_intelligence.py::test_active_work_operational_questions_use_the_read_only_route[\u73b0\u5728\u505a\u5230\u54ea\u4e86\uff1f] PASSED [ 93%]
tests/test_wic_progressive_intelligence.py::test_active_work_operational_questions_use_the_read_only_route[\u4e3a\u4ec0\u4e48\u8fd8\u5728\u7b49\u5f85\uff1f] PASSED [ 94%]
tests/test_wic_progressive_intelligence.py::test_active_work_operational_questions_use_the_read_only_route[\u73b0\u5728\u6709\u6ca1\u6709\u5728\u6267\u884c\uff1f] PASSED [ 94%]
tests/test_wic_progressive_intelligence.py::test_ow_c_correction_supersedes_prior_motive_without_deleting_history PASSED [ 94%]
tests/test_wic_progressive_intelligence.py::test_judgment_disagreement_does_not_supersede_the_human_motive[\u6211\u89c9\u5f97\u4f60\u8fd9\u4e2a\u5224\u65ad\u4e0d\u5bf9\u3002] PASSED [ 94%]
tests/test_wic_progressive_intelligence.py::test_judgment_disagreement_does_not_supersede_the_human_motive[I disagree with your architecture recommendation.] PASSED [ 94%]
tests/test_wic_progressive_intelligence.py::test_provider_turn_intent_survives_deterministic_semantic_admission PASSED [ 94%]
tests/test_wic_progressive_intelligence.py::test_repository_production_request_is_admission_ready_before_feature_refinement[Which exact feature should be added?-None] PASSED [ 94%]
tests/test_wic_progressive_intelligence.py::test_repository_production_request_is_admission_ready_before_feature_refinement[\u9700\u8981\u6536\u96c6\u54ea\u4e9b\u7528\u6237\u5b57\u6bb5\uff0c\u4ee5\u53ca\u63d0\u4ea4\u540e\u7684\u6570\u636e\u4fdd\u5b58\u5728\u54ea\u91cc\uff1f-None] PASSED [ 94%]
tests/test_wic_progressive_intelligence.py::test_repository_production_request_is_admission_ready_before_feature_refinement[Which existing API and data model fields should this page use?-None] PASSED [ 94%]
tests/test_wic_progressive_intelligence.py::test_repository_production_request_is_admission_ready_before_feature_refinement[Who provides the startup external service secret and how is it injected?-None] PASSED [ 94%]
tests/test_wic_progressive_intelligence.py::test_repository_production_request_is_admission_ready_before_feature_refinement[\u7531\u8c01\u63d0\u4f9b\u542f\u52a8\u6240\u9700\u7684\u5916\u90e8\u670d\u52a1\u5bc6\u94a5\uff0c\u4ee5\u53ca\u4ee5\u4f55\u79cd\u5b89\u5168\u65b9\u5f0f\u6ce8\u5165\u8fd0\u884c\u73af\u5883\uff1f-None] PASSED [ 94%]
tests/test_wic_progressive_intelligence.py::test_repository_production_request_is_admission_ready_before_feature_refinement[\u5916\u90e8\u670d\u52a1\u5bc6\u94a5\u7684\u503c\u6216\u5b89\u5168\u63d0\u4f9b\u65b9\u5f0f\u662f\u4ec0\u4e48\uff1f-\u542f\u52a8 https://github.com/acme/shop \u9879\u76ee\u5e76\u7ed9\u6211\u5b9e\u9645\u9884\u89c8\u3002] PASSED [ 94%]
tests/test_wic_progressive_intelligence.py::test_repository_production_request_is_admission_ready_before_feature_refinement[\u4ed3\u5e93\u5185\u662f\u5426\u5df2\u6709\u53ef\u7528\u7684\u672c\u5730\u9884\u89c8\u65b9\u5f0f\uff08\u5982\u524d\u7aef dev server\uff09\u672a\u77e5-\u542f\u52a8 https://github.com/acme/shop \u9879\u76ee\u5e76\u7ed9\u6211\u5b9e\u9645\u9884\u89c8\u3002] PASSED [ 94%]
tests/test_wic_progressive_intelligence.py::test_repository_production_request_is_admission_ready_before_feature_refinement[\u6280\u672f\u6808\u548c\u542f\u52a8\u547d\u4ee4\u662f\u4ec0\u4e48\uff1f-\u542f\u52a8 https://github.com/acme/shop \u9879\u76ee\u5e76\u7ed9\u6211\u5b9e\u9645\u9884\u89c8\u3002] PASSED [ 94%]
tests/test_wic_progressive_intelligence.py::test_repository_production_request_does_not_defer_authority_blocker[Who authorizes access to this private repository?] PASSED [ 94%]
tests/test_wic_progressive_intelligence.py::test_repository_production_request_does_not_defer_authority_blocker[Who supplies startup credentials for private repository access?] PASSED [ 94%]
tests/test_wic_progressive_intelligence.py::test_reversing_correction_creates_a_new_supersession_edge PASSED [ 95%]
tests/test_wic_progressive_intelligence.py::test_ow_d_adds_constraints_and_preserves_existing_obligations PASSED [ 95%]
tests/test_wic_progressive_intelligence.py::test_ow_f_final_visible_response_reserves_human_authority PASSED [ 95%]
tests/test_wic_progressive_intelligence.py::test_ow_h_final_visible_response_corrects_reality_and_keeps_motive PASSED [ 95%]
tests/test_wic_progressive_intelligence.py::test_ow_c_final_visible_response_does_not_leak_stale_motive PASSED [ 95%]
tests/test_wic_progressive_intelligence.py::test_ow_e_final_visible_response_names_new_object_without_relabeling_work PASSED [ 95%]
tests/test_wic_progressive_intelligence.py::test_fast_and_deep_share_basis_and_reconcile_as_one_response PASSED [ 95%]
tests/test_wic_progressive_intelligence.py::test_human_owned_fast_candidate_confirms_without_changing_authority PASSED [ 95%]
tests/test_wic_progressive_intelligence.py::test_governed_delta_gate_rejects_forbidden_claim_split_across_raw_deltas PASSED [ 95%]
tests/test_wic_progressive_intelligence.py::test_governed_delta_gate_suppresses_disallowed_question_without_replacement PASSED [ 95%]
tests/test_wic_progressive_intelligence.py::test_governed_delta_gate_suppresses_stock_echo_before_useful_proposal PASSED [ 95%]
tests/test_wic_progressive_intelligence.py::test_ow_e_is_new_motive_candidate_and_cannot_expand_current_work PASSED [ 95%]
tests/test_wic_progressive_intelligence.py::test_ow_f_blocks_unsafe_inference_asks_one_high_value_question_and_allows_design PASSED [ 95%]
tests/test_wic_progressive_intelligence.py::test_question_policy_ranks_high_impact_boundary_above_lower_value_scope_detail PASSED [ 95%]
tests/test_wic_progressive_intelligence.py::test_safe_reversible_detail_is_inferred_without_questionnaire PASSED [ 95%]
tests/test_wic_progressive_intelligence.py::test_human_owned_decision_blocks_progressive_work_admission PASSED [ 95%]
tests/test_wic_progressive_intelligence.py::test_ow_h_reconciles_fact_but_preserves_human_motive PASSED [ 96%]
tests/test_wic_progressive_intelligence.py::test_readiness_is_advisory_and_artifact_requires_a_consumer PASSED [ 96%]
tests/test_wic_progressive_intelligence.py::test_general_information_question_remains_conversation_only PASSED [ 96%]
tests/test_wic_progressive_intelligence.py::test_english_general_information_question_remains_conversation_only PASSED [ 96%]
tests/test_wic_progressive_intelligence.py::test_selected_material_question_prevents_early_formation_readiness PASSED [ 96%]
tests/test_wic_progressive_intelligence.py::test_slice2_adversarial_corpus_is_bounded_and_high_signal PASSED [ 96%]
tests/test_wic_progressive_intelligence.py::test_slice2_adversarial_corpus_runs_through_visible_policy_path PASSED [ 96%]
tests/test_wic_progressive_intelligence.py::test_material_fast_correction_is_explicitly_classified PASSED [ 96%]
tests/test_wic_response_contract_expression.py::test_envelope_projects_contract_allowance_without_changing_semantic_truth PASSED [ 96%]
tests/test_wic_response_contract_expression.py::test_action_claims_are_bound_to_persisted_execution_operation_kind PASSED [ 96%]
tests/test_wic_response_contract_expression.py::test_repository_action_claims_follow_persisted_acquisition_state PASSED [ 96%]
tests/test_wic_response_contract_expression.py::test_identity_question_requires_system_capability_reality_context PASSED [ 96%]
tests/test_wic_response_contract_expression.py::test_execute_envelope_projects_current_semantic_truth_without_reinterpreting_phrase PASSED [ 96%]
tests/test_wic_response_contract_expression.py::test_legacy_envelope_builder_creates_a_contract_from_admitted_turn_intent PASSED [ 96%]
tests/test_wic_response_contract_expression.py::test_envelope_refuses_a_contract_from_another_turn_basis PASSED [ 96%]
tests/test_wic_response_contract_expression.py::test_zero_question_contract_preserves_later_diagnostic_obligations PASSED [ 96%]
tests/test_wic_response_contract_expression.py::test_contract_question_budget_is_authoritative_over_legacy_strategy PASSED [ 97%]
tests/test_wic_response_contract_expression.py::test_question_budget_covers_information_requests_without_question_marks[\u8bf7\u544a\u8bc9\u6211\u4f60\u504f\u5411\u54ea\u4e00\u4e2a\u3002] PASSED [ 97%]
tests/test_wic_response_contract_expression.py::test_question_budget_covers_information_requests_without_question_marks[\u4f60\u5e0c\u671b\u5148\u505a\u54ea\u4e00\u79cd\u3002] PASSED [ 97%]
tests/test_wic_response_contract_expression.py::test_question_budget_covers_information_requests_without_question_marks[\u53ef\u4ee5\u7ee7\u7eed\u5417\u3002] PASSED [ 97%]
tests/test_wic_response_contract_expression.py::test_question_budget_covers_information_requests_without_question_marks[Could you confirm the target environment.] PASSED [ 97%]
tests/test_wic_response_contract_expression.py::test_question_budget_covers_information_requests_without_question_marks[Please share the missing access scope.] PASSED [ 97%]
tests/test_wic_response_contract_expression.py::test_question_budget_covers_information_requests_without_question_marks[Tell me which option you prefer.] PASSED [ 97%]
tests/test_wic_response_contract_expression.py::test_suppressed_information_request_does_not_leave_its_sentence_tail_visible PASSED [ 97%]
tests/test_wic_response_contract_expression.py::test_allowed_information_request_is_counted_once_across_clauses PASSED [ 97%]
tests/test_wic_response_contract_expression.py::test_question_like_literals_are_not_suppressed_as_questions[\u4f8b\u53e5\u662f\u201c\u8fd8\u9700\u8981\u7ee7\u7eed\u5417\uff1f\u201d\uff0c\u8fd9\u662f\u5386\u53f2\u5f15\u7528\u3002] PASSED [ 97%]
tests/test_wic_response_contract_expression.py::test_question_like_literals_are_not_suppressed_as_questions[\u8868\u8fbe\u5f0f `ready ? yes : no` \u4f7f\u7528\u6761\u4ef6\u8fd0\u7b97\u3002] PASSED [ 97%]
tests/test_wic_response_contract_expression.py::test_question_like_literals_are_not_suppressed_as_questions[\u8bbf\u95ee https://example.test/view?mode=compact \u5373\u53ef\u3002] PASSED [ 97%]
tests/test_wic_response_contract_expression.py::test_question_like_literals_are_not_suppressed_as_questions[Use `ready ? yes : no`. It is a conditional expression.] PASSED [ 97%]
tests/test_wic_response_contract_expression.py::test_question_like_literals_are_not_suppressed_as_questions[The earlier message was "Which environment?". That is the cited context.] PASSED [ 97%]
tests/test_wic_response_contract_expression.py::test_contract_metadata_cannot_leak_across_provider_chunks[INFORMATION_BUDGET=MINIMAL] PASSED [ 97%]
tests/test_wic_response_contract_expression.py::test_contract_metadata_cannot_leak_across_provider_chunks["question_budget":0] PASSED [ 97%]
tests/test_wic_response_contract_expression.py::test_contract_metadata_cannot_leak_across_provider_chunks[INTERACTION_MODE:EXECUTE] PASSED [ 98%]
tests/test_wic_response_contract_expression.py::test_contract_metadata_cannot_leak_across_provider_chunks["response_contract":{}] PASSED [ 98%]
tests/test_wic_response_contract_expression.py::test_contract_gate_keeps_existing_governed_claim_protection PASSED [ 98%]
tests/test_wic_response_contract_expression.py::test_information_budget_does_not_blindly_truncate_required_evidence PASSED [ 98%]
tests/test_wic_response_contract_expression.py::test_contract_stream_preserves_paragraphs_after_admitted_text PASSED [ 98%]
tests/test_wic_response_contract_expression.py::test_english_sentence_emits_before_provider_completes_even_when_separator_is_later PASSED [ 98%]
tests/test_wic_response_contract_expression.py::test_sentence_stream_does_not_split_internal_url_or_decimal_dots PASSED [ 98%]
tests/test_wic_response_contract_expression.py::test_expression_guidance_changes_materially_with_mode_for_the_same_topic PASSED [ 98%]
tests/test_wic_response_contract_expression.py::test_repeated_failure_guidance_changes_posture_without_inventing_cause PASSED [ 98%]
tests/test_wic_response_contract_expression.py::test_historical_realizer_without_response_contract_keeps_compatibility PASSED [ 98%]
tests/test_wic_response_contract_expression.py::test_contract_realizer_instruction_has_one_clear_data_section_and_exact_output_shape PASSED [ 98%]
tests/test_wic_response_contract_expression.py::test_execute_expression_omits_settled_prose_but_preserves_exact_boundaries PASSED [ 98%]
tests/test_wic_response_contract_expression.py::test_execute_expression_keeps_full_material_when_human_authority_is_unresolved PASSED [ 98%]
tests/test_wic_response_contract_expression.py::test_challenge_expression_is_succinct_open_and_not_a_lecture PASSED [ 98%]
tests/test_wic_response_contract_expression.py::test_challenge_projection_keeps_old_and_new_evidence_without_prior_prose PASSED [ 98%]
tests/test_wic_response_contract_expression.py::test_new_execute_request_does_not_assert_that_an_approved_plan_exists PASSED [ 98%]
tests/test_wic_response_contract_expression.py::test_unsupported_objection_strategy_evaluates_instead_of_claiming_correction PASSED [ 99%]
tests/test_wic_response_contract_expression.py::test_reconciliation_uses_admitted_objection_without_hiding_real_correction[False-signals0-REFINE] PASSED [ 99%]
tests/test_wic_response_contract_expression.py::test_reconciliation_uses_admitted_objection_without_hiding_real_correction[True-signals1-MATERIAL_CORRECTION] PASSED [ 99%]
tests/test_wic_response_contract_expression.py::test_reconciliation_uses_admitted_objection_without_hiding_real_correction[False-signals2-MATERIAL_CORRECTION] PASSED [ 99%]
tests/test_wic_response_contract_expression.py::test_reconciliation_uses_admitted_objection_without_hiding_real_correction[False-signals3-MATERIAL_CORRECTION] PASSED [ 99%]
tests/test_wic_response_contract_expression.py::test_disagreement_cannot_become_work_change_via_raw_correct_mode PASSED [ 99%]
tests/test_wic_response_contract_expression.py::test_contract_aware_instruction_does_not_silently_adapt_legacy_envelope PASSED [ 99%]
tests/test_wic_response_contract_expression.py::test_deepseek_realizer_uses_contract_instruction_and_streams_only_response PASSED [ 99%]
tests/test_wic_response_contract_status.py::test_newer_stale_pwu_and_attempt_cannot_replace_current_runtime_status PASSED [ 99%]
tests/test_wic_response_contract_status.py::test_terminal_queue_entry_is_labelled_as_last_attempt_not_current_execution[COMPLETED-\u6700\u8fd1\u4e00\u6b21\u6267\u884c\u5df2\u7ecf\u5b8c\u6210] PASSED [ 99%]
tests/test_wic_response_contract_status.py::test_terminal_queue_entry_is_labelled_as_last_attempt_not_current_execution[CANCELLED-\u6700\u8fd1\u4e00\u6b21\u6267\u884c\u5df2\u7ecf\u53d6\u6d88] PASSED [ 99%]
tests/test_wic_response_contract_status.py::test_diagnosis_reports_missing_current_queue_instead_of_reusing_old_cause PASSED [ 99%]
tests/test_wic_response_contract_status.py::test_without_current_binding_historical_queue_does_not_imply_running PASSED [ 99%]
tests/test_wic_side_question_routing.py::test_side_question_new_motive_and_current_feature_edit_remain_distinct PASSED [ 99%]
tests/test_wic_side_question_routing.py::test_semantic_only_provider_evidence_never_bypasses_visible_realization PASSED [ 99%]
tests/test_wic_side_question_routing.py::test_explicit_feature_request_survives_design_response_posture PASSED [ 99%]
tests/test_wic_side_question_routing.py::test_source_bound_human_answer_is_work_change_only_with_pending_question PASSED [100%]

=============================== warnings summary ===============================
tests/integration/test_mvp_app_work_flow.py::test_work_03_and_08_work_is_not_resource_or_project
  /Users/yu/Documents/dev/software-production-platform/tests/integration/test_mvp_app_work_flow.py:1294: PydanticDeprecatedSince211: Accessing the 'model_fields' attribute on the instance is deprecated. Instead, you should access this attribute from the model class. Deprecated in Pydantic V2.11 to be removed in V3.0.
    assert "project_id" not in record.model_fields

tests/integration/test_mvp_app_work_flow.py::test_work_03_and_08_work_is_not_resource_or_project
  /Users/yu/Documents/dev/software-production-platform/tests/integration/test_mvp_app_work_flow.py:1295: PydanticDeprecatedSince211: Accessing the 'model_fields' attribute on the instance is deprecated. Instead, you should access this attribute from the model class. Deprecated in Pydantic V2.11 to be removed in V3.0.
    assert "resource_id" not in record.model_fields

tests/integration/test_mvp_app_work_flow.py::test_work_11_draft_cannot_execute_and_work_13_projection_is_not_authority
  /Users/yu/Documents/dev/software-production-platform/tests/integration/test_mvp_app_work_flow.py:1421: PydanticDeprecatedSince211: Accessing the 'model_fields' attribute on the instance is deprecated. Instead, you should access this attribute from the model class. Deprecated in Pydantic V2.11 to be removed in V3.0.
    assert "status" in before.model_fields

tests/integration/test_mvp_app_work_flow.py::test_work_11_draft_cannot_execute_and_work_13_projection_is_not_authority
  /Users/yu/Documents/dev/software-production-platform/tests/integration/test_mvp_app_work_flow.py:1422: PydanticDeprecatedSince211: Accessing the 'model_fields' attribute on the instance is deprecated. Instead, you should access this attribute from the model class. Deprecated in Pydantic V2.11 to be removed in V3.0.
    assert "condition" not in before.model_fields

-- Docs: https://docs.pytest.org/en/stable/how-to/capture-warnings.html
- generated xml file: /Users/yu/Documents/dev/software-production-platform/.spg/stability-runtime/recovery-backend-final.xml -
============================= slowest 20 durations =============================
66.17s call     tests/integration/test_software_delivery.py::test_code_to_package_runtime_restore_and_explicit_acceptance
65.81s call     tests/integration/test_software_delivery.py::test_full_application_delivery_uses_exact_served_candidate_for_acceptance
60.91s call     tests/integration/test_software_delivery.py::test_exact_candidate_is_previewable_before_repository_authorization
59.08s call     tests/integration/test_software_delivery.py::test_work_without_user_repository_uses_managed_workspace_and_delivers
57.18s call     tests/integration/test_software_delivery.py::test_script_only_code_candidate_exposes_review_diff
55.92s call     tests/integration/test_software_delivery.py::test_failing_behavior_test_cannot_publish_software
38.32s call     tests/integration/test_work_delivery.py::test_design_to_trusted_delivery_and_explicit_acceptance
33.24s call     tests/integration/test_mvp_app_work_flow.py::test_multi_pwu_work_runs_two_code_units_join_and_human_delivery
31.74s call     tests/integration/test_native_executor_runtime.py::test_hundred_round_allocation_race_never_double_grants
31.09s call     tests/integration/test_mvp_plan_steering_truth.py::test_steer_loop_auto_continues_two_cycles_across_restart_and_projects_api
30.44s call     tests/integration/test_p1_schema_hygiene.py::test_p1_q9_upgrade_p0_schema_preserves_work_and_alembic_check_passes
26.17s call     tests/integration/test_wic_governed_work_admission.py::test_approved_design_artifact_allows_bounded_implementation_contract
26.09s call     tests/integration/test_wic_governed_work_admission.py::test_guided_design_materializes_design_artifact_before_human_review
25.71s call     tests/integration/test_wic_governed_work_admission.py::test_engineering_semantic_truth_persists_and_explicit_correction_versions_work
24.93s call     tests/integration/test_wic_governed_work_admission.py::test_action_eligibility_hides_implementation_approval_when_design_evidence_stales
24.53s call     tests/integration/test_mvp_plan_steering_truth.py::test_steer_spg_01_through_16_two_independent_cycles_and_completion
22.69s call     tests/integration/test_wic_governed_work_admission.py::test_guided_design_rejects_implementation_before_design_artifact_exists
22.47s call     tests/integration/test_mvp_app_work_flow.py::test_multi_pwu_semantic_join_conflict_reenters_human_steering
21.61s call     tests/integration/test_wic_governed_work_admission.py::test_repositoryless_work_still_requires_design_artifact_before_code
20.09s call     tests/integration/test_mvp_plan_steering_truth.py::test_steer_spg_failed_second_cycle_stays_open_without_retry
=========================== short test summary info ============================
SKIPPED [1] tests/test_brownfield_delivery_vertical_slice.py:67: qualified local image is unavailable: watt-engineering-semantic-human-retest-app:latest
SKIPPED [1] tests/test_production_environment_cross_repository.py:234: sibling ECF preview contract is unavailable at its checked-out revision
=========== 1605 passed, 2 skipped, 4 warnings in 3062.11s (0:51:02) ===========
